Codigo Regiao do Pais;Regiao do Pais;Codigo UF;UF;Codigo Macrorregiao de Saude;Macrorregiao de Saude;Codigo Regiao de Saude;Regiao de Saude;CD_MN_RESI;Municipio;Populacao Estimada IBGE 2022;Regiao de Saude
2;Nordeste;23;Ceara;2308;CARIRI;23023;2a RS CARIRI;230850;Mombaca;37.735;2a RS CARIRI
2;Nordeste;23;Ceara;2308;CARIRI;23023;2a RS CARIRI;230840;Missao Velha;36.822;2a RS CARIRI
2;Nordeste;23;Ceara;2308;CARIRI;23023;2a RS CARIRI;230750;Lavras da Mangabeira;30.802;2a RS CARIRI
2;Nordeste;23;Ceara;2308;CARIRI;23023;2a RS CARIRI;230710;Jardim;27.411;2a RS CARIRI
2;Nordeste;23;Ceara;2308;CARIRI;23023;2a RS CARIRI;230320;Caririacu;26.320;2a RS CARIRI
2;Nordeste;23;Ceara;2308;CARIRI;23023;2a RS CARIRI;230830;Milagres;25.900;2a RS CARIRI
2;Nordeste;23;Ceara;2308;CARIRI;23023;2a RS CARIRI;230270;Campos Sales;25.135;2a RS CARIRI
2;Nordeste;23;Ceara;2308;CARIRI;23023;2a RS CARIRI;230740;Jucas;23.922;2a RS CARIRI
2;Nordeste;23;Ceara;2308;CARIRI;23023;2a RS CARIRI;230170;Aurora;23.714;2a RS CARIRI
2;Nordeste;23;Ceara;2308;CARIRI;23023;2a RS CARIRI;230380;Cedro;22.344;2a RS CARIRI
2;Nordeste;23;Ceara;2308;CARIRI;23023;2a RS CARIRI;230160;Assare;21.697;2a RS CARIRI
2;Nordeste;23;Ceara;2308;CARIRI;23023;2a RS CARIRI;230130;Araripe;19.783;2a RS CARIRI
2;Nordeste;23;Ceara;2308;CARIRI;23023;2a RS CARIRI;230950;Oros;19.675;2a RS CARIRI
2;Nordeste;23;Ceara;2308;CARIRI;23023;2a RS CARIRI;230200;Barro;19.381;2a RS CARIRI
2;Nordeste;23;Ceara;2308;CARIRI;23023;2a RS CARIRI;230430;Farias Brito;18.217;2a RS CARIRI
2;Nordeste;23;Ceara;2308;CARIRI;23023;2a RS CARIRI;231110;Porteiras;17.050;2a RS CARIRI
2;Nordeste;23;Ceara;2308;CARIRI;23023;2a RS CARIRI;230330;Carius;17.015;2a RS CARIRI
2;Nordeste;23;Ceara;2308;CARIRI;23023;2a RS CARIRI;231210;Santana do Cariri;16.954;2a RS CARIRI
2;Nordeste;23;Ceara;2308;CARIRI;23023;2a RS CARIRI;231195;Salitre;16.633;2a RS CARIRI
2;Nordeste;23;Ceara;2308;CARIRI;23023;2a RS CARIRI;231090;Piquet Carneiro;16.616;2a RS CARIRI
2;Nordeste;23;Ceara;2308;CARIRI;23023;2a RS CARIRI;231135;Quixelo;15.910;2a RS CARIRI
2;Nordeste;23;Ceara;2308;CARIRI;23023;2a RS CARIRI;230920;Nova Olinda;15.399;2a RS CARIRI
2;Nordeste;23;Ceara;2308;CARIRI;23023;2a RS CARIRI;231190;Saboeiro;13.854;2a RS CARIRI
2;Nordeste;23;Ceara;2308;CARIRI;23023;2a RS CARIRI;230570;Ipaumirim;12.083;2a RS CARIRI
2;Nordeste;23;Ceara;2308;CARIRI;23023;2a RS CARIRI;230360;Catarina;10.243;2a RS CARIRI
2;Nordeste;23;Ceara;2308;CARIRI;23023;2a RS CARIRI;230010;Abaiara;10.038;2a RS CARIRI
2;Nordeste;23;Ceara;2308;CARIRI;23023;2a RS CARIRI;231060;Penaforte;8.972;2a RS CARIRI
2;Nordeste;23;Ceara;2308;CARIRI;23023;2a RS CARIRI;230426;Deputado Irapuan Pinheiro;8.932;2a RS CARIRI
2;Nordeste;23;Ceara;2308;CARIRI;23023;2a RS CARIRI;231120;Potengi;8.833;2a RS CARIRI
2;Nordeste;23;Ceara;2308;CARIRI;23023;2a RS CARIRI;230720;Jati;7.861;2a RS CARIRI
2;Nordeste;23;Ceara;2308;CARIRI;23023;2a RS CARIRI;231325;Tarrafas;7.529;2a RS CARIRI
2;Nordeste;23;Ceara;2308;CARIRI;23023;2a RS CARIRI;230080;Antonina do Norte;7.245;2a RS CARIRI
2;Nordeste;23;Ceara;2308;CARIRI;23023;2a RS CARIRI;231370;Umari;6.871;2a RS CARIRI
2;Nordeste;23;Ceara;2308;CARIRI;23023;2a RS CARIRI;230060;Altaneira;6.782;2a RS CARIRI
2;Nordeste;23;Ceara;2308;CARIRI;23023;2a RS CARIRI;230180;Baixio;5.704;2a RS CARIRI
2;Nordeste;23;Ceara;2308;CARIRI;23023;2a RS CARIRI;230480;Granjeiro;4.841;2a RS CARIRI
2;Nordeste;23;Ceara;2307;SERTAO CENTRAL;23024;3a RS SERTAO CENTRAL;231130;Quixada;84.168;3a RS SERTAO CENTRAL
2;Nordeste;23;Ceara;2307;SERTAO CENTRAL;23024;3a RS SERTAO CENTRAL;231140;Quixeramobim;82.177;3a RS SERTAO CENTRAL
2;Nordeste;23;Ceara;2307;SERTAO CENTRAL;23024;3a RS SERTAO CENTRAL;230280;Caninde;74.174;3a RS SERTAO CENTRAL
2;Nordeste;23;Ceara;2307;SERTAO CENTRAL;23024;3a RS SERTAO CENTRAL;231330;Taua;61.227;3a RS SERTAO CENTRAL
2;Nordeste;23;Ceara;2307;SERTAO CENTRAL;23024;3a RS SERTAO CENTRAL;230240;Boa Viagem;50.411;3a RS SERTAO CENTRAL
2;Nordeste;23;Ceara;2307;SERTAO CENTRAL;23024;3a RS SERTAO CENTRAL;231050;Pedra Branca;40.187;3a RS SERTAO CENTRAL
2;Nordeste;23;Ceara;2307;SERTAO CENTRAL;23024;3a RS SERTAO CENTRAL;231030;Parambu;31.445;3a RS SERTAO CENTRAL
2;Nordeste;23;Ceara;2307;SERTAO CENTRAL;23024;3a RS SERTAO CENTRAL;231270;Senador Pompeu;24.266;3a RS SERTAO CENTRAL
2;Nordeste;23;Ceara;2307;SERTAO CENTRAL;23024;3a RS SERTAO CENTRAL;230660;Itatira;20.424;3a RS SERTAO CENTRAL
2;Nordeste;23;Ceara;2307;SERTAO CENTRAL;23024;3a RS SERTAO CENTRAL;231300;Solonopole;18.179;3a RS SERTAO CENTRAL
2;Nordeste;23;Ceara;2307;SERTAO CENTRAL;23024;3a RS SERTAO CENTRAL;230185;Banabuiu;17.195;3a RS SERTAO CENTRAL
2;Nordeste;23;Ceara;2307;SERTAO CENTRAL;23024;3a RS SERTAO CENTRAL;230763;Madalena;16.896;3a RS SERTAO CENTRAL
2;Nordeste;23;Ceara;2307;SERTAO CENTRAL;23024;3a RS SERTAO CENTRAL;230300;Caridade;16.377;3a RS SERTAO CENTRAL
2;Nordeste;23;Ceara;2307;SERTAO CENTRAL;23024;3a RS SERTAO CENTRAL;230835;Milha;14.123;3a RS SERTAO CENTRAL
2;Nordeste;23;Ceara;2307;SERTAO CENTRAL;23024;3a RS SERTAO CENTRAL;230040;Aiuaba;14.076;3a RS SERTAO CENTRAL
2;Nordeste;23;Ceara;2307;SERTAO CENTRAL;23024;3a RS SERTAO CENTRAL;230393;Choro;12.113;3a RS SERTAO CENTRAL
2;Nordeste;23;Ceara;2307;SERTAO CENTRAL;23024;3a RS SERTAO CENTRAL;230526;Ibaretama;11.956;3a RS SERTAO CENTRAL
2;Nordeste;23;Ceara;2307;SERTAO CENTRAL;23024;3a RS SERTAO CENTRAL;230533;Ibicuitinga;11.611;3a RS SERTAO CENTRAL
2;Nordeste;23;Ceara;2307;SERTAO CENTRAL;23024;3a RS SERTAO CENTRAL;231040;Paramoti;10.384;3a RS SERTAO CENTRAL
2;Nordeste;23;Ceara;2307;SERTAO CENTRAL;23024;3a RS SERTAO CENTRAL;230150;Arneiroz;7.429;3a RS SERTAO CENTRAL
2;Nordeste;23;Ceara;2306;LITORAL LESTE JAGUARIBE;23025;4a RS LITORAL LESTE JAGUARIBE;230110;Aracati;75.113;4a RS LITORAL LESTE JAGUARIBE
2;Nordeste;23;Ceara;2306;LITORAL LESTE JAGUARIBE;23025;4a RS LITORAL LESTE JAGUARIBE;231180;Russas;72.928;4a RS LITORAL LESTE JAGUARIBE
2;Nordeste;23;Ceara;2306;LITORAL LESTE JAGUARIBE;23025;4a RS LITORAL LESTE JAGUARIBE;230870;Morada Nova;61.443;4a RS LITORAL LESTE JAGUARIBE
2;Nordeste;23;Ceara;2306;LITORAL LESTE JAGUARIBE;23025;4a RS LITORAL LESTE JAGUARIBE;230760;Limoeiro do Norte;59.560;4a RS LITORAL LESTE JAGUARIBE
2;Nordeste;23;Ceara;2306;LITORAL LESTE JAGUARIBE;23025;4a RS LITORAL LESTE JAGUARIBE;230690;Jaguaribe;33.726;4a RS LITORAL LESTE JAGUARIBE
2;Nordeste;23;Ceara;2306;LITORAL LESTE JAGUARIBE;23025;4a RS LITORAL LESTE JAGUARIBE;230700;Jaguaruana;31.701;4a RS LITORAL LESTE JAGUARIBE
2;Nordeste;23;Ceara;2306;LITORAL LESTE JAGUARIBE;23025;4a RS LITORAL LESTE JAGUARIBE;231310;Tabuleiro do Norte;30.652;4a RS LITORAL LESTE JAGUARIBE
2;Nordeste;23;Ceara;2306;LITORAL LESTE JAGUARIBE;23025;4a RS LITORAL LESTE JAGUARIBE;230535;Icapui;21.433;4a RS LITORAL LESTE JAGUARIBE
2;Nordeste;23;Ceara;2306;LITORAL LESTE JAGUARIBE;23025;4a RS LITORAL LESTE JAGUARIBE;231150;Quixere;20.874;4a RS LITORAL LESTE JAGUARIBE
2;Nordeste;23;Ceara;2306;LITORAL LESTE JAGUARIBE;23025;4a RS LITORAL LESTE JAGUARIBE;230445;Fortim;17.294;4a RS LITORAL LESTE JAGUARIBE
2;Nordeste;23;Ceara;2306;LITORAL LESTE JAGUARIBE;23025;4a RS LITORAL LESTE JAGUARIBE;230670;Jaguaretama;17.232;4a RS LITORAL LESTE JAGUARIBE
2;Nordeste;23;Ceara;2306;LITORAL LESTE JAGUARIBE;23025;4a RS LITORAL LESTE JAGUARIBE;231080;Pereiro;15.501;4a RS LITORAL LESTE JAGUARIBE
2;Nordeste;23;Ceara;2306;LITORAL LESTE JAGUARIBE;23025;4a RS LITORAL LESTE JAGUARIBE;230070;Alto Santo;14.155;4a RS LITORAL LESTE JAGUARIBE
2;Nordeste;23;Ceara;2306;LITORAL LESTE JAGUARIBE;23025;4a RS LITORAL LESTE JAGUARIBE;230600;Iracema;14.001;4a RS LITORAL LESTE JAGUARIBE
2;Nordeste;23;Ceara;2306;LITORAL LESTE JAGUARIBE;23025;4a RS LITORAL LESTE JAGUARIBE;230680;Jaguaribara;10.356;4a RS LITORAL LESTE JAGUARIBE
2;Nordeste;23;Ceara;2306;LITORAL LESTE JAGUARIBE;23025;4a RS LITORAL LESTE JAGUARIBE;231000;Palhano;9.346;4a RS LITORAL LESTE JAGUARIBE
2;Nordeste;23;Ceara;2306;LITORAL LESTE JAGUARIBE;23025;4a RS LITORAL LESTE JAGUARIBE;230620;Itaicaba;7.536;4a RS LITORAL LESTE JAGUARIBE
2;Nordeste;23;Ceara;2306;LITORAL LESTE JAGUARIBE;23025;4a RS LITORAL LESTE JAGUARIBE;230427;Erere;6.247;4a RS LITORAL LESTE JAGUARIBE
2;Nordeste;23;Ceara;2306;LITORAL LESTE JAGUARIBE;23025;4a RS LITORAL LESTE JAGUARIBE;231123;Potiretama;5.974;4a RS LITORAL LESTE JAGUARIBE
2;Nordeste;23;Ceara;2306;LITORAL LESTE JAGUARIBE;23025;4a RS LITORAL LESTE JAGUARIBE;231250;Sao Joao do Jaguaribe;5.855;4a RS LITORAL LESTE JAGUARIBE
2;Nordeste;24;Rio Grande do Norte;2402;MACRORREGIAO I;24001;1a REGIAO DE SAUDE - SAO JOSE DE MIPIBU;241220;Sao Jose de Mipibu;47.286;1a REGIAO DE SAUDE - SAO JOSE DE MIPIBU
2;Nordeste;24;Rio Grande do Norte;2402;MACRORREGIAO I;24001;1a REGIAO DE SAUDE - SAO JOSE DE MIPIBU;240830;Nova Cruz;34.204;1a REGIAO DE SAUDE - SAO JOSE DE MIPIBU
2;Nordeste;24;Rio Grande do Norte;2402;MACRORREGIAO I;24001;1a REGIAO DE SAUDE - SAO JOSE DE MIPIBU;240820;Nisia Floresta;31.942;1a REGIAO DE SAUDE - SAO JOSE DE MIPIBU
2;Nordeste;24;Rio Grande do Norte;2402;MACRORREGIAO I;24001;1a REGIAO DE SAUDE - SAO JOSE DE MIPIBU;240220;Canguaretama;29.668;1a REGIAO DE SAUDE - SAO JOSE DE MIPIBU
2;Nordeste;24;Rio Grande do Norte;2402;MACRORREGIAO I;24001;1a REGIAO DE SAUDE - SAO JOSE DE MIPIBU;240420;Goianinha;26.741;1a REGIAO DE SAUDE - SAO JOSE DE MIPIBU
2;Nordeste;24;Rio Grande do Norte;2402;MACRORREGIAO I;24001;1a REGIAO DE SAUDE - SAO JOSE DE MIPIBU;240780;Monte Alegre;23.031;1a REGIAO DE SAUDE - SAO JOSE DE MIPIBU
2;Nordeste;24;Rio Grande do Norte;2402;MACRORREGIAO I;24001;1a REGIAO DE SAUDE - SAO JOSE DE MIPIBU;241150;Santo Antonio;22.177;1a REGIAO DE SAUDE - SAO JOSE DE MIPIBU
2;Nordeste;24;Rio Grande do Norte;2402;MACRORREGIAO I;24001;1a REGIAO DE SAUDE - SAO JOSE DE MIPIBU;241420;Tibau do Sul;16.929;1a REGIAO DE SAUDE - SAO JOSE DE MIPIBU
2;Nordeste;24;Rio Grande do Norte;2402;MACRORREGIAO I;24001;1a REGIAO DE SAUDE - SAO JOSE DE MIPIBU;240980;Pedro Velho;13.824;1a REGIAO DE SAUDE - SAO JOSE DE MIPIBU
2;Nordeste;24;Rio Grande do Norte;2402;MACRORREGIAO I;24001;1a REGIAO DE SAUDE - SAO JOSE DE MIPIBU;240120;Ares;13.251;1a REGIAO DE SAUDE - SAO JOSE DE MIPIBU
2;Nordeste;24;Rio Grande do Norte;2402;MACRORREGIAO I;24001;1a REGIAO DE SAUDE - SAO JOSE DE MIPIBU;240180;Brejinho;12.202;1a REGIAO DE SAUDE - SAO JOSE DE MIPIBU
2;Nordeste;24;Rio Grande do Norte;2402;MACRORREGIAO I;24001;1a REGIAO DE SAUDE - SAO JOSE DE MIPIBU;240770;Montanhas;11.444;1a REGIAO DE SAUDE - SAO JOSE DE MIPIBU
2;Nordeste;24;Rio Grande do Norte;2402;MACRORREGIAO I;24001;1a REGIAO DE SAUDE - SAO JOSE DE MIPIBU;240910;Passa e Fica;11.102;1a REGIAO DE SAUDE - SAO JOSE DE MIPIBU
2;Nordeste;24;Rio Grande do Norte;2402;MACRORREGIAO I;24001;1a REGIAO DE SAUDE - SAO JOSE DE MIPIBU;241480;Vera Cruz;10.735;1a REGIAO DE SAUDE - SAO JOSE DE MIPIBU
2;Nordeste;24;Rio Grande do Norte;2402;MACRORREGIAO I;24001;1a REGIAO DE SAUDE - SAO JOSE DE MIPIBU;240350;Espirito Santo;10.620;1a REGIAO DE SAUDE - SAO JOSE DE MIPIBU
2;Nordeste;24;Rio Grande do Norte;2402;MACRORREGIAO I;24001;1a REGIAO DE SAUDE - SAO JOSE DE MIPIBU;240140;Baia Formosa;8.825;1a REGIAO DE SAUDE - SAO JOSE DE MIPIBU
2;Nordeste;24;Rio Grande do Norte;2402;MACRORREGIAO I;24001;1a REGIAO DE SAUDE - SAO JOSE DE MIPIBU;240660;Lagoa Salgada;8.319;1a REGIAO DE SAUDE - SAO JOSE DE MIPIBU
2;Nordeste;24;Rio Grande do Norte;2402;MACRORREGIAO I;24001;1a REGIAO DE SAUDE - SAO JOSE DE MIPIBU;240630;Lagoa de Pedras;7.338;1a REGIAO DE SAUDE - SAO JOSE DE MIPIBU
2;Nordeste;24;Rio Grande do Norte;2402;MACRORREGIAO I;24001;1a REGIAO DE SAUDE - SAO JOSE DE MIPIBU;240620;Lagoa d'Anta;6.513;1a REGIAO DE SAUDE - SAO JOSE DE MIPIBU
2;Nordeste;24;Rio Grande do Norte;2402;MACRORREGIAO I;24001;1a REGIAO DE SAUDE - SAO JOSE DE MIPIBU;241350;Serrinha;6.436;1a REGIAO DE SAUDE - SAO JOSE DE MIPIBU
2;Nordeste;24;Rio Grande do Norte;2402;MACRORREGIAO I;24001;1a REGIAO DE SAUDE - SAO JOSE DE MIPIBU;241330;Serra de Sao Bento;5.703;1a REGIAO DE SAUDE - SAO JOSE DE MIPIBU
2;Nordeste;24;Rio Grande do Norte;2402;MACRORREGIAO I;24001;1a REGIAO DE SAUDE - SAO JOSE DE MIPIBU;241470;Varzea;5.233;1a REGIAO DE SAUDE - SAO JOSE DE MIPIBU
2;Nordeste;24;Rio Grande do Norte;2402;MACRORREGIAO I;24001;1a REGIAO DE SAUDE - SAO JOSE DE MIPIBU;241320;Senador Georgino Avelino;4.065;1a REGIAO DE SAUDE - SAO JOSE DE MIPIBU
2;Nordeste;24;Rio Grande do Norte;2402;MACRORREGIAO I;24001;1a REGIAO DE SAUDE - SAO JOSE DE MIPIBU;240615;Jundia;3.739;1a REGIAO DE SAUDE - SAO JOSE DE MIPIBU
2;Nordeste;24;Rio Grande do Norte;2402;MACRORREGIAO I;24001;1a REGIAO DE SAUDE - SAO JOSE DE MIPIBU;241500;Vila Flor;3.174;1a REGIAO DE SAUDE - SAO JOSE DE MIPIBU
2;Nordeste;24;Rio Grande do Norte;2402;MACRORREGIAO I;24001;1a REGIAO DE SAUDE - SAO JOSE DE MIPIBU;240920;Passagem;3.115;1a REGIAO DE SAUDE - SAO JOSE DE MIPIBU
2;Nordeste;24;Rio Grande do Norte;2402;MACRORREGIAO I;24001;1a REGIAO DE SAUDE - SAO JOSE DE MIPIBU;240790;Monte das Gameleiras;2.276;1a REGIAO DE SAUDE - SAO JOSE DE MIPIBU
2;Nordeste;24;Rio Grande do Norte;2401;MACRORREGIAO II;24002;2a REGIAO DE SAUDE - MOSSORO;240800;Mossoro;264.577;2a REGIAO DE SAUDE - MOSSORO
2;Nordeste;24;Rio Grande do Norte;2401;MACRORREGIAO II;24002;2a REGIAO DE SAUDE - MOSSORO;240100;Apodi;35.897;2a REGIAO DE SAUDE - MOSSORO
2;Nordeste;24;Rio Grande do Norte;2401;MACRORREGIAO II;24002;2a REGIAO DE SAUDE - MOSSORO;240145;Barauna;26.913;2a REGIAO DE SAUDE - MOSSORO
2;Nordeste;24;Rio Grande do Norte;2401;MACRORREGIAO II;24002;2a REGIAO DE SAUDE - MOSSORO;240110;Areia Branca;24.093;2a REGIAO DE SAUDE - MOSSORO
2;Nordeste;24;Rio Grande do Norte;2401;MACRORREGIAO II;24002;2a REGIAO DE SAUDE - MOSSORO;240230;Caraubas;19.614;2a REGIAO DE SAUDE - MOSSORO
2;Nordeste;24;Rio Grande do Norte;2401;MACRORREGIAO II;24002;2a REGIAO DE SAUDE - MOSSORO;241460;Upanema;13.577;2a REGIAO DE SAUDE - MOSSORO
2;Nordeste;24;Rio Grande do Norte;2401;MACRORREGIAO II;24002;2a REGIAO DE SAUDE - MOSSORO;241335;Serra do Mel;13.091;2a REGIAO DE SAUDE - MOSSORO
2;Nordeste;24;Rio Grande do Norte;2401;MACRORREGIAO II;24002;2a REGIAO DE SAUDE - MOSSORO;240430;Governador Dix-Sept Rosado;11.932;2a REGIAO DE SAUDE - MOSSORO
2;Nordeste;24;Rio Grande do Norte;2401;MACRORREGIAO II;24002;2a REGIAO DE SAUDE - MOSSORO;240440;Grossos;9.924;2a REGIAO DE SAUDE - MOSSORO
2;Nordeste;24;Rio Grande do Norte;2401;MACRORREGIAO II;24002;2a REGIAO DE SAUDE - MOSSORO;240130;Campo Grande;9.730;2a REGIAO DE SAUDE - MOSSORO
2;Nordeste;24;Rio Grande do Norte;2401;MACRORREGIAO II;24002;2a REGIAO DE SAUDE - MOSSORO;240370;Felipe Guerra;6.259;2a REGIAO DE SAUDE - MOSSORO
2;Nordeste;24;Rio Grande do Norte;2401;MACRORREGIAO II;24002;2a REGIAO DE SAUDE - MOSSORO;241105;Tibau;5.382;2a REGIAO DE SAUDE - MOSSORO
2;Nordeste;24;Rio Grande do Norte;2401;MACRORREGIAO II;24002;2a REGIAO DE SAUDE - MOSSORO;240520;Janduis;4.746;2a REGIAO DE SAUDE - MOSSORO
2;Nordeste;24;Rio Grande do Norte;2401;MACRORREGIAO II;24002;2a REGIAO DE SAUDE - MOSSORO;240760;Messias Targino;4.274;2a REGIAO DE SAUDE - MOSSORO
2;Nordeste;24;Rio Grande do Norte;2402;MACRORREGIAO I;24003;3a REGIAO DE SAUDE - JOAO CAMARA;240260;Ceara-Mirim;79.115;3a REGIAO DE SAUDE - JOAO CAMARA
2;Nordeste;24;Rio Grande do Norte;2402;MACRORREGIAO I;24003;3a REGIAO DE SAUDE - JOAO CAMARA;240580;Joao Camara;33.290;3a REGIAO DE SAUDE - JOAO CAMARA
2;Nordeste;24;Rio Grande do Norte;2402;MACRORREGIAO I;24003;3a REGIAO DE SAUDE - JOAO CAMARA;241440;Touros;33.035;3a REGIAO DE SAUDE - JOAO CAMARA
2;Nordeste;24;Rio Grande do Norte;2402;MACRORREGIAO I;24003;3a REGIAO DE SAUDE - JOAO CAMARA;240720;Macau;27.369;3a REGIAO DE SAUDE - JOAO CAMARA
2;Nordeste;24;Rio Grande do Norte;2402;MACRORREGIAO I;24003;3a REGIAO DE SAUDE - JOAO CAMARA;240450;Guamare;15.295;3a REGIAO DE SAUDE - JOAO CAMARA
2;Nordeste;24;Rio Grande do Norte;2402;MACRORREGIAO I;24003;3a REGIAO DE SAUDE - JOAO CAMARA;241010;Poco Branco;12.390;3a REGIAO DE SAUDE - JOAO CAMARA
2;Nordeste;24;Rio Grande do Norte;2402;MACRORREGIAO I;24003;3a REGIAO DE SAUDE - JOAO CAMARA;240460;Ielmo Marinho;11.615;3a REGIAO DE SAUDE - JOAO CAMARA
2;Nordeste;24;Rio Grande do Norte;2402;MACRORREGIAO I;24003;3a REGIAO DE SAUDE - JOAO CAMARA;241390;Taipu;11.422;3a REGIAO DE SAUDE - JOAO CAMARA
2;Nordeste;24;Rio Grande do Norte;2402;MACRORREGIAO I;24003;3a REGIAO DE SAUDE - JOAO CAMARA;240030;Afonso Bezerra;10.839;3a REGIAO DE SAUDE - JOAO CAMARA
2;Nordeste;24;Rio Grande do Norte;2402;MACRORREGIAO I;24003;3a REGIAO DE SAUDE - JOAO CAMARA;240895;Rio do Fogo;10.351;3a REGIAO DE SAUDE - JOAO CAMARA
2;Nordeste;24;Rio Grande do Norte;2402;MACRORREGIAO I;24003;3a REGIAO DE SAUDE - JOAO CAMARA;240750;Maxaranguape;10.255;3a REGIAO DE SAUDE - JOAO CAMARA
2;Nordeste;24;Rio Grande do Norte;2402;MACRORREGIAO I;24003;3a REGIAO DE SAUDE - JOAO CAMARA;241255;Sao Miguel do Gostoso;10.221;3a REGIAO DE SAUDE - JOAO CAMARA
2;Nordeste;24;Rio Grande do Norte;2402;MACRORREGIAO I;24003;3a REGIAO DE SAUDE - JOAO CAMARA;240670;Lajes;9.866;3a REGIAO DE SAUDE - JOAO CAMARA
2;Nordeste;24;Rio Grande do Norte;2402;MACRORREGIAO I;24003;3a REGIAO DE SAUDE - JOAO CAMARA;241040;Pureza;9.362;3a REGIAO DE SAUDE - JOAO CAMARA
2;Nordeste;24;Rio Grande do Norte;2402;MACRORREGIAO I;24003;3a REGIAO DE SAUDE - JOAO CAMARA;241090;Riachuelo;7.389;3a REGIAO DE SAUDE - JOAO CAMARA
2;Nordeste;24;Rio Grande do Norte;2402;MACRORREGIAO I;24003;3a REGIAO DE SAUDE - JOAO CAMARA;240510;Jandaira;6.562;3a REGIAO DE SAUDE - JOAO CAMARA
2;Nordeste;24;Rio Grande do Norte;2402;MACRORREGIAO I;24003;3a REGIAO DE SAUDE - JOAO CAMARA;240185;Caicara do Norte;6.293;3a REGIAO DE SAUDE - JOAO CAMARA
2;Nordeste;24;Rio Grande do Norte;2402;MACRORREGIAO I;24003;3a REGIAO DE SAUDE - JOAO CAMARA;240970;Pedro Avelino;6.242;3a REGIAO DE SAUDE - JOAO CAMARA
2;Nordeste;24;Rio Grande do Norte;2402;MACRORREGIAO I;24003;3a REGIAO DE SAUDE - JOAO CAMARA;240160;Bento Fernandes;4.807;3a REGIAO DE SAUDE - JOAO CAMARA
2;Nordeste;24;Rio Grande do Norte;2402;MACRORREGIAO I;24003;3a REGIAO DE SAUDE - JOAO CAMARA;240880;Parazinho;4.801;3a REGIAO DE SAUDE - JOAO CAMARA
2;Nordeste;24;Rio Grande do Norte;2402;MACRORREGIAO I;24003;3a REGIAO DE SAUDE - JOAO CAMARA;240950;Pedra Grande;3.618;3a REGIAO DE SAUDE - JOAO CAMARA
2;Nordeste;24;Rio Grande do Norte;2402;MACRORREGIAO I;24003;3a REGIAO DE SAUDE - JOAO CAMARA;241160;Sao Bento do Norte;3.304;3a REGIAO DE SAUDE - JOAO CAMARA
2;Nordeste;24;Rio Grande do Norte;2402;MACRORREGIAO I;24003;3a REGIAO DE SAUDE - JOAO CAMARA;240190;Caicara do Rio do Vento;3.268;3a REGIAO DE SAUDE - JOAO CAMARA
2;Nordeste;24;Rio Grande do Norte;2402;MACRORREGIAO I;24003;3a REGIAO DE SAUDE - JOAO CAMARA;240960;Pedra Preta;2.441;3a REGIAO DE SAUDE - JOAO CAMARA
2;Nordeste;24;Rio Grande do Norte;2402;MACRORREGIAO I;24003;3a REGIAO DE SAUDE - JOAO CAMARA;240550;Jardim de Angicos;2.437;3a REGIAO DE SAUDE - JOAO CAMARA
2;Nordeste;24;Rio Grande do Norte;2402;MACRORREGIAO I;24003;3a REGIAO DE SAUDE - JOAO CAMARA;240410;Galinhos;2.104;3a REGIAO DE SAUDE - JOAO CAMARA
2;Nordeste;24;Rio Grande do Norte;2402;MACRORREGIAO I;24004;4a REGIAO DE SAUDE - CAICO;240200;Caico;61.146;4a REGIAO DE SAUDE - CAICO
2;Nordeste;24;Rio Grande do Norte;2402;MACRORREGIAO I;24004;4a REGIAO DE SAUDE - CAICO;240310;Currais Novos;41.313;4a REGIAO DE SAUDE - CAICO
2;Nordeste;24;Rio Grande do Norte;2402;MACRORREGIAO I;24004;4a REGIAO DE SAUDE - CAICO;240890;Parelhas;21.499;4a REGIAO DE SAUDE - CAICO
2;Nordeste;24;Rio Grande do Norte;2402;MACRORREGIAO I;24004;4a REGIAO DE SAUDE - CAICO;240610;Jucurutu;17.793;4a REGIAO DE SAUDE - CAICO
2;Nordeste;24;Rio Grande do Norte;2402;MACRORREGIAO I;24004;4a REGIAO DE SAUDE - CAICO;240650;Lagoa Nova;15.573;4a REGIAO DE SAUDE - CAICO
2;Nordeste;24;Rio Grande do Norte;2402;MACRORREGIAO I;24004;4a REGIAO DE SAUDE - CAICO;240560;Jardim de Piranhas;13.977;4a REGIAO DE SAUDE - CAICO
2;Nordeste;24;Rio Grande do Norte;2402;MACRORREGIAO I;24004;4a REGIAO DE SAUDE - CAICO;241140;Santana do Matos;12.456;4a REGIAO DE SAUDE - CAICO
2;Nordeste;24;Rio Grande do Norte;2402;MACRORREGIAO I;24004;4a REGIAO DE SAUDE - CAICO;240570;Jardim do Serido;11.655;4a REGIAO DE SAUDE - CAICO
2;Nordeste;24;Rio Grande do Norte;2402;MACRORREGIAO I;24004;4a REGIAO DE SAUDE - CAICO;240270;Cerro Cora;11.000;4a REGIAO DE SAUDE - CAICO
2;Nordeste;24;Rio Grande do Norte;2402;MACRORREGIAO I;24004;4a REGIAO DE SAUDE - CAICO;240010;Acari;10.597;4a REGIAO DE SAUDE - CAICO
2;Nordeste;24;Rio Grande do Norte;2402;MACRORREGIAO I;24004;4a REGIAO DE SAUDE - CAICO;240380;Florania;10.196;4a REGIAO DE SAUDE - CAICO
2;Nordeste;24;Rio Grande do Norte;2402;MACRORREGIAO I;24004;4a REGIAO DE SAUDE - CAICO;240300;Cruzeta;8.005;4a REGIAO DE SAUDE - CAICO
2;Nordeste;24;Rio Grande do Norte;2402;MACRORREGIAO I;24004;4a REGIAO DE SAUDE - CAICO;240240;Carnauba dos Dantas;7.992;4a REGIAO DE SAUDE - CAICO
2;Nordeste;24;Rio Grande do Norte;2402;MACRORREGIAO I;24004;4a REGIAO DE SAUDE - CAICO;241340;Serra Negra do Norte;7.597;4a REGIAO DE SAUDE - CAICO
2;Nordeste;24;Rio Grande do Norte;2402;MACRORREGIAO I;24004;4a REGIAO DE SAUDE - CAICO;241300;Sao Vicente;6.310;4a REGIAO DE SAUDE - CAICO
2;Nordeste;24;Rio Grande do Norte;2402;MACRORREGIAO I;24004;4a REGIAO DE SAUDE - CAICO;241210;Sao Joao do Sabugi;5.956;4a REGIAO DE SAUDE - CAICO
2;Nordeste;24;Rio Grande do Norte;2402;MACRORREGIAO I;24004;4a REGIAO DE SAUDE - CAICO;241415;Tenente Laurentino Cruz;5.891;4a REGIAO DE SAUDE - CAICO
2;Nordeste;24;Rio Grande do Norte;2402;MACRORREGIAO I;24004;4a REGIAO DE SAUDE - CAICO;240340;Equador;5.360;4a REGIAO DE SAUDE - CAICO
2;Nordeste;24;Rio Grande do Norte;2402;MACRORREGIAO I;24004;4a REGIAO DE SAUDE - CAICO;240850;Ouro Branco;4.913;4a REGIAO DE SAUDE - CAICO
2;Nordeste;24;Rio Grande do Norte;2402;MACRORREGIAO I;24004;4a REGIAO DE SAUDE - CAICO;241240;Sao Jose do Serido;4.558;4a REGIAO DE SAUDE - CAICO
2;Nordeste;24;Rio Grande do Norte;2402;MACRORREGIAO I;24004;4a REGIAO DE SAUDE - CAICO;241180;Sao Fernando;3.492;4a REGIAO DE SAUDE - CAICO
2;Nordeste;24;Rio Grande do Norte;2402;MACRORREGIAO I;24004;4a REGIAO DE SAUDE - CAICO;241142;Santana do Serido;2.696;4a REGIAO DE SAUDE - CAICO
2;Nordeste;24;Rio Grande do Norte;2402;MACRORREGIAO I;24004;4a REGIAO DE SAUDE - CAICO;241430;Timbauba dos Batistas;2.348;4a REGIAO DE SAUDE - CAICO
2;Nordeste;24;Rio Grande do Norte;2402;MACRORREGIAO I;24004;4a REGIAO DE SAUDE - CAICO;240165;Bodo;2.306;4a REGIAO DE SAUDE - CAICO
2;Nordeste;24;Rio Grande do Norte;2402;MACRORREGIAO I;24004;4a REGIAO DE SAUDE - CAICO;240480;Ipueira;2.035;4a REGIAO DE SAUDE - CAICO
2;Nordeste;24;Rio Grande do Norte;2402;MACRORREGIAO I;24005;5a REGIAO DE SAUDE - SANTA CRUZ;241120;Santa Cruz;37.313;5a REGIAO DE SAUDE - SANTA CRUZ
2;Nordeste;24;Rio Grande do Norte;2402;MACRORREGIAO I;24005;5a REGIAO DE SAUDE - SANTA CRUZ;241260;Sao Paulo do Potengi;16.786;5a REGIAO DE SAUDE - SANTA CRUZ
2;Nordeste;24;Rio Grande do Norte;2402;MACRORREGIAO I;24005;5a REGIAO DE SAUDE - SANTA CRUZ;241400;Tangara;13.281;5a REGIAO DE SAUDE - SANTA CRUZ
2;Nordeste;24;Rio Grande do Norte;2402;MACRORREGIAO I;24005;5a REGIAO DE SAUDE - SANTA CRUZ;241230;Sao Jose do Campestre;11.121;5a REGIAO DE SAUDE - SANTA CRUZ
2;Nordeste;24;Rio Grande do Norte;2402;MACRORREGIAO I;24005;5a REGIAO DE SAUDE - SANTA CRUZ;241030;Serra Caiada;10.743;5a REGIAO DE SAUDE - SANTA CRUZ
2;Nordeste;24;Rio Grande do Norte;2402;MACRORREGIAO I;24005;5a REGIAO DE SAUDE - SANTA CRUZ;240210;Campo Redondo;10.215;5a REGIAO DE SAUDE - SANTA CRUZ
2;Nordeste;24;Rio Grande do Norte;2402;MACRORREGIAO I;24005;5a REGIAO DE SAUDE - SANTA CRUZ;241290;Sao Tome;9.972;5a REGIAO DE SAUDE - SANTA CRUZ
2;Nordeste;24;Rio Grande do Norte;2402;MACRORREGIAO I;24005;5a REGIAO DE SAUDE - SANTA CRUZ;240170;Bom Jesus;9.952;5a REGIAO DE SAUDE - SANTA CRUZ
2;Nordeste;24;Rio Grande do Norte;2402;MACRORREGIAO I;24005;5a REGIAO DE SAUDE - SANTA CRUZ;240530;Januario Cicco;8.591;5a REGIAO DE SAUDE - SANTA CRUZ
2;Nordeste;24;Rio Grande do Norte;2402;MACRORREGIAO I;24005;5a REGIAO DE SAUDE - SANTA CRUZ;240500;Jacana;7.834;5a REGIAO DE SAUDE - SANTA CRUZ
2;Nordeste;24;Rio Grande do Norte;2402;MACRORREGIAO I;24005;5a REGIAO DE SAUDE - SANTA CRUZ;241310;Senador Eloi de Souza;5.807;5a REGIAO DE SAUDE - SANTA CRUZ
2;Nordeste;24;Rio Grande do Norte;2402;MACRORREGIAO I;24005;5a REGIAO DE SAUDE - SANTA CRUZ;241270;Sao Pedro;5.776;5a REGIAO DE SAUDE - SANTA CRUZ
2;Nordeste;24;Rio Grande do Norte;2402;MACRORREGIAO I;24005;5a REGIAO DE SAUDE - SANTA CRUZ;240280;Coronel Ezequiel;5.117;5a REGIAO DE SAUDE - SANTA CRUZ
2;Nordeste;24;Rio Grande do Norte;2402;MACRORREGIAO I;24005;5a REGIAO DE SAUDE - SANTA CRUZ;240540;Japi;5.117;5a REGIAO DE SAUDE - SANTA CRUZ
2;Nordeste;24;Rio Grande do Norte;2402;MACRORREGIAO I;24005;5a REGIAO DE SAUDE - SANTA CRUZ;240933;Santa Maria;4.847;5a REGIAO DE SAUDE - SANTA CRUZ
2;Nordeste;24;Rio Grande do Norte;2402;MACRORREGIAO I;24005;5a REGIAO DE SAUDE - SANTA CRUZ;240680;Lajes Pintadas;4.787;5a REGIAO DE SAUDE - SANTA CRUZ
2;Nordeste;24;Rio Grande do Norte;2402;MACRORREGIAO I;24005;5a REGIAO DE SAUDE - SANTA CRUZ;241370;Sitio Novo;4.654;5a REGIAO DE SAUDE - SANTA CRUZ
2;Nordeste;24;Rio Grande do Norte;2402;MACRORREGIAO I;24005;5a REGIAO DE SAUDE - SANTA CRUZ;240150;Barcelona;3.986;5a REGIAO DE SAUDE - SANTA CRUZ
2;Nordeste;24;Rio Grande do Norte;2402;MACRORREGIAO I;24005;5a REGIAO DE SAUDE - SANTA CRUZ;241170;Sao Bento do Trairi;3.792;5a REGIAO DE SAUDE - SANTA CRUZ
2;Nordeste;24;Rio Grande do Norte;2402;MACRORREGIAO I;24005;5a REGIAO DE SAUDE - SANTA CRUZ;241110;Ruy Barbosa;3.206;5a REGIAO DE SAUDE - SANTA CRUZ
2;Nordeste;24;Rio Grande do Norte;2402;MACRORREGIAO I;24005;5a REGIAO DE SAUDE - SANTA CRUZ;240640;Lagoa de Velhos;2.567;5a REGIAO DE SAUDE - SANTA CRUZ
2;Nordeste;24;Rio Grande do Norte;2401;MACRORREGIAO II;24006;6a REGIAO DE SAUDE - PAU DOS FERROS;240940;Pau dos Ferros;30.479;6a REGIAO DE SAUDE - PAU DOS FERROS
2;Nordeste;24;Rio Grande do Norte;2401;MACRORREGIAO II;24006;6a REGIAO DE SAUDE - PAU DOS FERROS;241250;Sao Miguel;23.537;6a REGIAO DE SAUDE - PAU DOS FERROS
2;Nordeste;24;Rio Grande do Norte;2401;MACRORREGIAO II;24006;6a REGIAO DE SAUDE - PAU DOS FERROS;240050;Alexandria;13.640;6a REGIAO DE SAUDE - PAU DOS FERROS
2;Nordeste;24;Rio Grande do Norte;2401;MACRORREGIAO II;24006;6a REGIAO DE SAUDE - PAU DOS FERROS;240930;Patu;11.007;6a REGIAO DE SAUDE - PAU DOS FERROS
2;Nordeste;24;Rio Grande do Norte;2401;MACRORREGIAO II;24006;6a REGIAO DE SAUDE - PAU DOS FERROS;241410;Tenente Ananias;10.262;6a REGIAO DE SAUDE - PAU DOS FERROS
2;Nordeste;24;Rio Grande do Norte;2401;MACRORREGIAO II;24006;6a REGIAO DE SAUDE - PAU DOS FERROS;241450;Umarizal;10.078;6a REGIAO DE SAUDE - PAU DOS FERROS
2;Nordeste;24;Rio Grande do Norte;2401;MACRORREGIAO II;24006;6a REGIAO DE SAUDE - PAU DOS FERROS;240700;Luis Gomes;9.070;6a REGIAO DE SAUDE - PAU DOS FERROS
2;Nordeste;24;Rio Grande do Norte;2401;MACRORREGIAO II;24006;6a REGIAO DE SAUDE - PAU DOS FERROS;240740;Martins;8.179;6a REGIAO DE SAUDE - PAU DOS FERROS
2;Nordeste;24;Rio Grande do Norte;2401;MACRORREGIAO II;24006;6a REGIAO DE SAUDE - PAU DOS FERROS;240730;Marcelino Vieira;7.896;6a REGIAO DE SAUDE - PAU DOS FERROS
2;Nordeste;24;Rio Grande do Norte;2401;MACRORREGIAO II;24006;6a REGIAO DE SAUDE - PAU DOS FERROS;241020;Portalegre;7.601;6a REGIAO DE SAUDE - PAU DOS FERROS
2;Nordeste;24;Rio Grande do Norte;2401;MACRORREGIAO II;24006;6a REGIAO DE SAUDE - PAU DOS FERROS;240320;Doutor Severiano;7.044;6a REGIAO DE SAUDE - PAU DOS FERROS
2;Nordeste;24;Rio Grande do Norte;2401;MACRORREGIAO II;24006;6a REGIAO DE SAUDE - PAU DOS FERROS;240090;Antonio Martins;6.577;6a REGIAO DE SAUDE - PAU DOS FERROS
2;Nordeste;24;Rio Grande do Norte;2401;MACRORREGIAO II;24006;6a REGIAO DE SAUDE - PAU DOS FERROS;240330;Encanto;6.016;6a REGIAO DE SAUDE - PAU DOS FERROS
2;Nordeste;24;Rio Grande do Norte;2401;MACRORREGIAO II;24006;6a REGIAO DE SAUDE - PAU DOS FERROS;240600;Jose da Penha;5.803;6a REGIAO DE SAUDE - PAU DOS FERROS
2;Nordeste;24;Rio Grande do Norte;2401;MACRORREGIAO II;24006;6a REGIAO DE SAUDE - PAU DOS FERROS;241360;Severiano Melo;5.487;6a REGIAO DE SAUDE - PAU DOS FERROS
2;Nordeste;24;Rio Grande do Norte;2401;MACRORREGIAO II;24006;6a REGIAO DE SAUDE - PAU DOS FERROS;241050;Rafael Fernandes;5.432;6a REGIAO DE SAUDE - PAU DOS FERROS
2;Nordeste;24;Rio Grande do Norte;2401;MACRORREGIAO II;24006;6a REGIAO DE SAUDE - PAU DOS FERROS;240490;Itau;5.320;6a REGIAO DE SAUDE - PAU DOS FERROS
2;Nordeste;24;Rio Grande do Norte;2401;MACRORREGIAO II;24006;6a REGIAO DE SAUDE - PAU DOS FERROS;240060;Almino Afonso;4.687;6a REGIAO DE SAUDE - PAU DOS FERROS
2;Nordeste;24;Rio Grande do Norte;2401;MACRORREGIAO II;24006;6a REGIAO DE SAUDE - PAU DOS FERROS;241355;Serrinha dos Pintos;4.659;6a REGIAO DE SAUDE - PAU DOS FERROS
2;Nordeste;24;Rio Grande do Norte;2401;MACRORREGIAO II;24006;6a REGIAO DE SAUDE - PAU DOS FERROS;241100;Rodolfo Fernandes;4.242;6a REGIAO DE SAUDE - PAU DOS FERROS
2;Nordeste;24;Rio Grande do Norte;2401;MACRORREGIAO II;24006;6a REGIAO DE SAUDE - PAU DOS FERROS;240290;Coronel Joao Pessoa;4.237;6a REGIAO DE SAUDE - PAU DOS FERROS
2;Nordeste;24;Rio Grande do Norte;2401;MACRORREGIAO II;24006;6a REGIAO DE SAUDE - PAU DOS FERROS;241190;Sao Francisco do Oeste;4.161;6a REGIAO DE SAUDE - PAU DOS FERROS
2;Nordeste;24;Rio Grande do Norte;2401;MACRORREGIAO II;24006;6a REGIAO DE SAUDE - PAU DOS FERROS;241080;Riacho de Santana;4.127;6a REGIAO DE SAUDE - PAU DOS FERROS
2;Nordeste;24;Rio Grande do Norte;2401;MACRORREGIAO II;24006;6a REGIAO DE SAUDE - PAU DOS FERROS;240400;Frutuoso Gomes;4.122;6a REGIAO DE SAUDE - PAU DOS FERROS
2;Nordeste;24;Rio Grande do Norte;2401;MACRORREGIAO II;24006;6a REGIAO DE SAUDE - PAU DOS FERROS;240860;Parana;3.934;6a REGIAO DE SAUDE - PAU DOS FERROS
2;Nordeste;24;Rio Grande do Norte;2401;MACRORREGIAO II;24006;6a REGIAO DE SAUDE - PAU DOS FERROS;240725;Major Sales;3.924;6a REGIAO DE SAUDE - PAU DOS FERROS
2;Nordeste;24;Rio Grande do Norte;2401;MACRORREGIAO II;24006;6a REGIAO DE SAUDE - PAU DOS FERROS;240840;Olho d'Agua do Borges;3.905;6a REGIAO DE SAUDE - PAU DOS FERROS
2;Nordeste;24;Rio Grande do Norte;2401;MACRORREGIAO II;24006;6a REGIAO DE SAUDE - PAU DOS FERROS;240690;Lucrecia;3.490;6a REGIAO DE SAUDE - PAU DOS FERROS
2;Nordeste;24;Rio Grande do Norte;2401;MACRORREGIAO II;24006;6a REGIAO DE SAUDE - PAU DOS FERROS;241475;Venha-Ver;3.014;6a REGIAO DE SAUDE - PAU DOS FERROS
2;Nordeste;24;Rio Grande do Norte;2401;MACRORREGIAO II;24006;6a REGIAO DE SAUDE - PAU DOS FERROS;241000;Piloes;2.965;6a REGIAO DE SAUDE - PAU DOS FERROS
2;Nordeste;24;Rio Grande do Norte;2401;MACRORREGIAO II;24006;6a REGIAO DE SAUDE - PAU DOS FERROS;240040;Agua Nova;2.946;6a REGIAO DE SAUDE - PAU DOS FERROS
2;Nordeste;24;Rio Grande do Norte;2401;MACRORREGIAO II;24006;6a REGIAO DE SAUDE - PAU DOS FERROS;241060;Rafael Godeiro;2.934;6a REGIAO DE SAUDE - PAU DOS FERROS
2;Nordeste;24;Rio Grande do Norte;2401;MACRORREGIAO II;24006;6a REGIAO DE SAUDE - PAU DOS FERROS;241070;Riacho da Cruz;2.701;6a REGIAO DE SAUDE - PAU DOS FERROS
2;Nordeste;24;Rio Grande do Norte;2401;MACRORREGIAO II;24006;6a REGIAO DE SAUDE - PAU DOS FERROS;240390;Francisco Dantas;2.700;6a REGIAO DE SAUDE - PAU DOS FERROS
2;Nordeste;24;Rio Grande do Norte;2401;MACRORREGIAO II;24006;6a REGIAO DE SAUDE - PAU DOS FERROS;241380;Taboleiro Grande;2.338;6a REGIAO DE SAUDE - PAU DOS FERROS
2;Nordeste;24;Rio Grande do Norte;2401;MACRORREGIAO II;24006;6a REGIAO DE SAUDE - PAU DOS FERROS;240590;Joao Dias;2.076;6a REGIAO DE SAUDE - PAU DOS FERROS
2;Nordeste;24;Rio Grande do Norte;2401;MACRORREGIAO II;24006;6a REGIAO DE SAUDE - PAU DOS FERROS;241490;Vicosa;1.822;6a REGIAO DE SAUDE - PAU DOS FERROS
2;Nordeste;24;Rio Grande do Norte;2402;MACRORREGIAO I;24007;7a REGIAO DE SAUDE - METROPOLITANA;240810;Natal;751.300;7a REGIAO DE SAUDE - METROPOLITANA
2;Nordeste;24;Rio Grande do Norte;2402;MACRORREGIAO I;24007;7a REGIAO DE SAUDE - METROPOLITANA;240325;Parnamirim;252.716;7a REGIAO DE SAUDE - METROPOLITANA
2;Nordeste;24;Rio Grande do Norte;2402;MACRORREGIAO I;24007;7a REGIAO DE SAUDE - METROPOLITANA;241200;Sao Goncalo do Amarante;115.838;7a REGIAO DE SAUDE - METROPOLITANA
2;Nordeste;24;Rio Grande do Norte;2402;MACRORREGIAO I;24007;7a REGIAO DE SAUDE - METROPOLITANA;240710;Macaiba;82.249;7a REGIAO DE SAUDE - METROPOLITANA
2;Nordeste;24;Rio Grande do Norte;2402;MACRORREGIAO I;24007;7a REGIAO DE SAUDE - METROPOLITANA;240360;Extremoz;61.635;7a REGIAO DE SAUDE - METROPOLITANA
2;Nordeste;24;Rio Grande do Norte;2401;MACRORREGIAO II;24008;8a REGIAO DE SAUDE - ACU;240020;Acu;56.496;8a REGIAO DE SAUDE - ACU
2;Nordeste;24;Rio Grande do Norte;2401;MACRORREGIAO II;24008;8a REGIAO DE SAUDE - ACU;240470;Ipanguacu;14.131;8a REGIAO DE SAUDE - ACU
2;Nordeste;24;Rio Grande do Norte;2401;MACRORREGIAO II;24008;8a REGIAO DE SAUDE - ACU;240070;Alto do Rodrigues;12.484;8a REGIAO DE SAUDE - ACU
2;Nordeste;24;Rio Grande do Norte;2401;MACRORREGIAO II;24008;8a REGIAO DE SAUDE - ACU;240990;Pendencias;12.278;8a REGIAO DE SAUDE - ACU
2;Nordeste;24;Rio Grande do Norte;2401;MACRORREGIAO II;24008;8a REGIAO DE SAUDE - ACU;240080;Angicos;11.632;8a REGIAO DE SAUDE - ACU
2;Nordeste;24;Rio Grande do Norte;2401;MACRORREGIAO II;24008;8a REGIAO DE SAUDE - ACU;240250;Carnaubais;9.714;8a REGIAO DE SAUDE - ACU
2;Nordeste;24;Rio Grande do Norte;2401;MACRORREGIAO II;24008;8a REGIAO DE SAUDE - ACU;241280;Sao Rafael;7.711;8a REGIAO DE SAUDE - ACU
2;Nordeste;24;Rio Grande do Norte;2401;MACRORREGIAO II;24008;8a REGIAO DE SAUDE - ACU;240485;Itaja;7.292;8a REGIAO DE SAUDE - ACU
2;Nordeste;24;Rio Grande do Norte;2401;MACRORREGIAO II;24008;8a REGIAO DE SAUDE - ACU;241025;Porto do Mangue;5.228;8a REGIAO DE SAUDE - ACU
2;Nordeste;24;Rio Grande do Norte;2401;MACRORREGIAO II;24008;8a REGIAO DE SAUDE - ACU;240870;Parau;3.579;8a REGIAO DE SAUDE - ACU
2;Nordeste;24;Rio Grande do Norte;2401;MACRORREGIAO II;24008;8a REGIAO DE SAUDE - ACU;241445;Triunfo Potiguar;3.376;8a REGIAO DE SAUDE - ACU
2;Nordeste;24;Rio Grande do Norte;2401;MACRORREGIAO II;24008;8a REGIAO DE SAUDE - ACU;240375;Fernando Pedroza;2.938;8a REGIAO DE SAUDE - ACU
2;Nordeste;25;Paraiba;2503;MACRORREGIAO I - JOAO PESSOA;25001;1a REGIAO MATA ATLANTICA;250750;Joao Pessoa;833.932;1a REGIAO MATA ATLANTICA
2;Nordeste;25;Paraiba;2503;MACRORREGIAO I - JOAO PESSOA;25001;1a REGIAO MATA ATLANTICA;251370;Santa Rita;149.910;1a REGIAO MATA ATLANTICA
2;Nordeste;25;Paraiba;2503;MACRORREGIAO I - JOAO PESSOA;25001;1a REGIAO MATA ATLANTICA;250180;Bayeux;82.742;1a REGIAO MATA ATLANTICA
2;Nordeste;25;Paraiba;2503;MACRORREGIAO I - JOAO PESSOA;25001;1a REGIAO MATA ATLANTICA;250320;Cabedelo;66.519;1a REGIAO MATA ATLANTICA
2;Nordeste;25;Paraiba;2503;MACRORREGIAO I - JOAO PESSOA;25001;1a REGIAO MATA ATLANTICA;251530;Sape;51.306;1a REGIAO MATA ATLANTICA
2;Nordeste;25;Paraiba;2503;MACRORREGIAO I - JOAO PESSOA;25001;1a REGIAO MATA ATLANTICA;250460;Conde;27.605;1a REGIAO MATA ATLANTICA
2;Nordeste;25;Paraiba;2503;MACRORREGIAO I - JOAO PESSOA;25001;1a REGIAO MATA ATLANTICA;250060;Alhandra;21.730;1a REGIAO MATA ATLANTICA
2;Nordeste;25;Paraiba;2503;MACRORREGIAO I - JOAO PESSOA;25001;1a REGIAO MATA ATLANTICA;250910;Mari;21.512;1a REGIAO MATA ATLANTICA
2;Nordeste;25;Paraiba;2503;MACRORREGIAO I - JOAO PESSOA;25001;1a REGIAO MATA ATLANTICA;250300;Caapora;21.193;1a REGIAO MATA ATLANTICA
2;Nordeste;25;Paraiba;2503;MACRORREGIAO I - JOAO PESSOA;25001;1a REGIAO MATA ATLANTICA;250490;Cruz do Espirito Santo;17.095;1a REGIAO MATA ATLANTICA
2;Nordeste;25;Paraiba;2503;MACRORREGIAO I - JOAO PESSOA;25001;1a REGIAO MATA ATLANTICA;251190;Pitimbu;16.751;1a REGIAO MATA ATLANTICA
2;Nordeste;25;Paraiba;2503;MACRORREGIAO I - JOAO PESSOA;25001;1a REGIAO MATA ATLANTICA;250860;Lucena;12.560;1a REGIAO MATA ATLANTICA
2;Nordeste;25;Paraiba;2503;MACRORREGIAO I - JOAO PESSOA;25001;1a REGIAO MATA ATLANTICA;251597;Sobrado;8.236;1a REGIAO MATA ATLANTICA
2;Nordeste;25;Paraiba;2503;MACRORREGIAO I - JOAO PESSOA;25001;1a REGIAO MATA ATLANTICA;251276;Riachao do Poco;4.738;1a REGIAO MATA ATLANTICA
2;Nordeste;25;Paraiba;2503;MACRORREGIAO I - JOAO PESSOA;25002;2a REGIAO;250630;Guarabira;57.484;2a REGIAO
2;Nordeste;25;Paraiba;2503;MACRORREGIAO I - JOAO PESSOA;25002;2a REGIAO;251600;Solanea;26.774;2a REGIAO
2;Nordeste;25;Paraiba;2503;MACRORREGIAO I - JOAO PESSOA;25002;2a REGIAO;250150;Bananeiras;23.134;2a REGIAO
2;Nordeste;25;Paraiba;2503;MACRORREGIAO I - JOAO PESSOA;25002;2a REGIAO;250100;Araruna;17.189;2a REGIAO
2;Nordeste;25;Paraiba;2503;MACRORREGIAO I - JOAO PESSOA;25002;2a REGIAO;250080;Aracagi;16.646;2a REGIAO
2;Nordeste;25;Paraiba;2503;MACRORREGIAO I - JOAO PESSOA;25002;2a REGIAO;250190;Belem;16.401;2a REGIAO
2;Nordeste;25;Paraiba;2503;MACRORREGIAO I - JOAO PESSOA;25002;2a REGIAO;250350;Cacimba de Dentro;16.064;2a REGIAO
2;Nordeste;25;Paraiba;2503;MACRORREGIAO I - JOAO PESSOA;25002;2a REGIAO;250050;Alagoinha;13.725;2a REGIAO
2;Nordeste;25;Paraiba;2503;MACRORREGIAO I - JOAO PESSOA;25002;2a REGIAO;250570;Dona Ines;10.380;2a REGIAO
2;Nordeste;25;Paraiba;2503;MACRORREGIAO I - JOAO PESSOA;25002;2a REGIAO;251180;Pirpirituba;9.340;2a REGIAO
2;Nordeste;25;Paraiba;2503;MACRORREGIAO I - JOAO PESSOA;25002;2a REGIAO;250980;Mulungu;8.791;2a REGIAO
2;Nordeste;25;Paraiba;2503;MACRORREGIAO I - JOAO PESSOA;25002;2a REGIAO;251640;Tacima;8.010;2a REGIAO
2;Nordeste;25;Paraiba;2503;MACRORREGIAO I - JOAO PESSOA;25002;2a REGIAO;250820;Lagoa de Dentro;7.819;2a REGIAO
2;Nordeste;25;Paraiba;2503;MACRORREGIAO I - JOAO PESSOA;25002;2a REGIAO;250415;Casserengue;6.889;2a REGIAO
2;Nordeste;25;Paraiba;2503;MACRORREGIAO I - JOAO PESSOA;25002;2a REGIAO;251160;Piloes;6.815;2a REGIAO
2;Nordeste;25;Paraiba;2503;MACRORREGIAO I - JOAO PESSOA;25002;2a REGIAO;250520;Cuitegi;6.730;2a REGIAO
2;Nordeste;25;Paraiba;2503;MACRORREGIAO I - JOAO PESSOA;25002;2a REGIAO;250360;Caicara;6.602;2a REGIAO
2;Nordeste;25;Paraiba;2503;MACRORREGIAO I - JOAO PESSOA;25002;2a REGIAO;251170;Piloezinhos;5.329;2a REGIAO
2;Nordeste;25;Paraiba;2503;MACRORREGIAO I - JOAO PESSOA;25002;2a REGIAO;251593;Sertaozinho;5.054;2a REGIAO
2;Nordeste;25;Paraiba;2503;MACRORREGIAO I - JOAO PESSOA;25002;2a REGIAO;251590;Serraria;4.885;2a REGIAO
2;Nordeste;25;Paraiba;2503;MACRORREGIAO I - JOAO PESSOA;25002;2a REGIAO;250855;Logradouro;4.797;2a REGIAO
2;Nordeste;25;Paraiba;2503;MACRORREGIAO I - JOAO PESSOA;25002;2a REGIAO;250270;Borborema;4.214;2a REGIAO
2;Nordeste;25;Paraiba;2503;MACRORREGIAO I - JOAO PESSOA;25002;2a REGIAO;250580;Duas Estradas;3.327;2a REGIAO
2;Nordeste;25;Paraiba;2503;MACRORREGIAO I - JOAO PESSOA;25002;2a REGIAO;251560;Serra da Raiz;3.094;2a REGIAO
2;Nordeste;25;Paraiba;2503;MACRORREGIAO I - JOAO PESSOA;25002;2a REGIAO;251274;Riachao;2.927;2a REGIAO
2;Nordeste;25;Paraiba;2502;MACRORREGIAO II - CAMPINA GRANDE;25003;3a REGIAO;250600;Esperanca;31.231;3a REGIAO
2;Nordeste;25;Paraiba;2502;MACRORREGIAO II - CAMPINA GRANDE;25003;3a REGIAO;250830;Lagoa Seca;27.730;3a REGIAO
2;Nordeste;25;Paraiba;2502;MACRORREGIAO II - CAMPINA GRANDE;25003;3a REGIAO;250030;Alagoa Grande;26.062;3a REGIAO
2;Nordeste;25;Paraiba;2502;MACRORREGIAO II - CAMPINA GRANDE;25003;3a REGIAO;250110;Areia;22.633;3a REGIAO
2;Nordeste;25;Paraiba;2502;MACRORREGIAO II - CAMPINA GRANDE;25003;3a REGIAO;250040;Alagoa Nova;21.013;3a REGIAO
2;Nordeste;25;Paraiba;2502;MACRORREGIAO II - CAMPINA GRANDE;25003;3a REGIAO;251270;Remigio;17.885;3a REGIAO
2;Nordeste;25;Paraiba;2502;MACRORREGIAO II - CAMPINA GRANDE;25003;3a REGIAO;250090;Arara;12.212;3a REGIAO
2;Nordeste;25;Paraiba;2502;MACRORREGIAO II - CAMPINA GRANDE;25003;3a REGIAO;251510;Sao Sebastiao de Lagoa de Roca;11.040;3a REGIAO
2;Nordeste;25;Paraiba;2502;MACRORREGIAO II - CAMPINA GRANDE;25003;3a REGIAO;250120;Areial;7.128;3a REGIAO
2;Nordeste;25;Paraiba;2502;MACRORREGIAO II - CAMPINA GRANDE;25003;3a REGIAO;250950;Montadas;5.812;3a REGIAO
2;Nordeste;25;Paraiba;2502;MACRORREGIAO II - CAMPINA GRANDE;25003;3a REGIAO;250933;Matinhas;4.571;3a REGIAO
2;Nordeste;25;Paraiba;2502;MACRORREGIAO II - CAMPINA GRANDE;25003;3a REGIAO;250057;Algodao de Jandaira;2.953;3a REGIAO
2;Nordeste;25;Paraiba;2502;MACRORREGIAO II - CAMPINA GRANDE;25004;4a REGIAO;250510;Cuite;19.719;4a REGIAO
2;Nordeste;25;Paraiba;2502;MACRORREGIAO II - CAMPINA GRANDE;25004;4a REGIAO;251140;Picui;18.333;4a REGIAO
2;Nordeste;25;Paraiba;2502;MACRORREGIAO II - CAMPINA GRANDE;25004;4a REGIAO;250160;Barra de Santa Rosa;12.904;4a REGIAO
2;Nordeste;25;Paraiba;2502;MACRORREGIAO II - CAMPINA GRANDE;25004;4a REGIAO;251540;Sao Vicente do Serido;10.291;4a REGIAO
2;Nordeste;25;Paraiba;2502;MACRORREGIAO II - CAMPINA GRANDE;25004;4a REGIAO;251010;Nova Floresta;9.724;4a REGIAO
2;Nordeste;25;Paraiba;2502;MACRORREGIAO II - CAMPINA GRANDE;25004;4a REGIAO;250500;Cubati;7.580;4a REGIAO
2;Nordeste;25;Paraiba;2502;MACRORREGIAO II - CAMPINA GRANDE;25004;4a REGIAO;251110;Pedra Lavrada;6.859;4a REGIAO
2;Nordeste;25;Paraiba;2502;MACRORREGIAO II - CAMPINA GRANDE;25004;4a REGIAO;250535;Damiao;4.982;4a REGIAO
2;Nordeste;25;Paraiba;2502;MACRORREGIAO II - CAMPINA GRANDE;25004;4a REGIAO;250153;Barauna;4.762;4a REGIAO
2;Nordeste;25;Paraiba;2502;MACRORREGIAO II - CAMPINA GRANDE;25004;4a REGIAO;251030;Nova Palmeira;4.259;4a REGIAO
2;Nordeste;25;Paraiba;2502;MACRORREGIAO II - CAMPINA GRANDE;25004;4a REGIAO;251615;Sossego;3.345;4a REGIAO
2;Nordeste;25;Paraiba;2502;MACRORREGIAO II - CAMPINA GRANDE;25004;4a REGIAO;250620;Frei Martinho;2.846;4a REGIAO
2;Nordeste;25;Paraiba;2502;MACRORREGIAO II - CAMPINA GRANDE;25005;5a REGIAO;250970;Monteiro;32.277;5a REGIAO
2;Nordeste;25;Paraiba;2502;MACRORREGIAO II - CAMPINA GRANDE;25005;5a REGIAO;251630;Sume;17.166;5a REGIAO
2;Nordeste;25;Paraiba;2502;MACRORREGIAO II - CAMPINA GRANDE;25005;5a REGIAO;251550;Serra Branca;13.614;5a REGIAO
2;Nordeste;25;Paraiba;2502;MACRORREGIAO II - CAMPINA GRANDE;25005;5a REGIAO;250390;Camalau;6.085;5a REGIAO
2;Nordeste;25;Paraiba;2502;MACRORREGIAO II - CAMPINA GRANDE;25005;5a REGIAO;250470;Congo;4.933;5a REGIAO
2;Nordeste;25;Paraiba;2502;MACRORREGIAO II - CAMPINA GRANDE;25005;5a REGIAO;251410;Sao Joao do Tigre;4.263;5a REGIAO
2;Nordeste;25;Paraiba;2502;MACRORREGIAO II - CAMPINA GRANDE;25005;5a REGIAO;251400;Sao Joao do Cariri;4.226;5a REGIAO
2;Nordeste;25;Paraiba;2502;MACRORREGIAO II - CAMPINA GRANDE;25005;5a REGIAO;250407;Caraubas;3.944;5a REGIAO
2;Nordeste;25;Paraiba;2502;MACRORREGIAO II - CAMPINA GRANDE;25005;5a REGIAO;251220;Prata;3.915;5a REGIAO
2;Nordeste;25;Paraiba;2502;MACRORREGIAO II - CAMPINA GRANDE;25005;5a REGIAO;251480;Sao Jose dos Cordeiros;3.411;5a REGIAO
2;Nordeste;25;Paraiba;2502;MACRORREGIAO II - CAMPINA GRANDE;25005;5a REGIAO;251520;Sao Sebastiao do Umbuzeiro;3.279;5a REGIAO
2;Nordeste;25;Paraiba;2502;MACRORREGIAO II - CAMPINA GRANDE;25005;5a REGIAO;250650;Gurjao;3.242;5a REGIAO
2;Nordeste;25;Paraiba;2502;MACRORREGIAO II - CAMPINA GRANDE;25005;5a REGIAO;251060;Ouro Velho;2.918;5a REGIAO
2;Nordeste;25;Paraiba;2502;MACRORREGIAO II - CAMPINA GRANDE;25005;5a REGIAO;250073;Amparo;2.234;5a REGIAO
2;Nordeste;25;Paraiba;2502;MACRORREGIAO II - CAMPINA GRANDE;25005;5a REGIAO;251740;Zabele;2.228;5a REGIAO
2;Nordeste;25;Paraiba;2502;MACRORREGIAO II - CAMPINA GRANDE;25005;5a REGIAO;250485;Coxixola;1.824;5a REGIAO
2;Nordeste;25;Paraiba;2502;MACRORREGIAO II - CAMPINA GRANDE;25005;5a REGIAO;251065;Parari;1.720;5a REGIAO
2;Nordeste;25;Paraiba;2501;MACRORREGIAO III - SERTAO ALTO SERTAO;25006;6a REGIAO;251080;Patos;103.165;6a REGIAO
2;Nordeste;25;Paraiba;2501;MACRORREGIAO III - SERTAO ALTO SERTAO;25006;6a REGIAO;251340;Santa Luzia;14.959;6a REGIAO
2;Nordeste;25;Paraiba;2501;MACRORREGIAO III - SERTAO ALTO SERTAO;25006;6a REGIAO;251670;Teixeira;14.631;6a REGIAO
2;Nordeste;25;Paraiba;2501;MACRORREGIAO III - SERTAO ALTO SERTAO;25006;6a REGIAO;250540;Desterro;8.067;6a REGIAO
2;Nordeste;25;Paraiba;2501;MACRORREGIAO III - SERTAO ALTO SERTAO;25006;6a REGIAO;251490;Sao Mamede;7.470;6a REGIAO
2;Nordeste;25;Paraiba;2501;MACRORREGIAO III - SERTAO ALTO SERTAO;25006;6a REGIAO;250355;Cacimbas;7.223;6a REGIAO
2;Nordeste;25;Paraiba;2501;MACRORREGIAO III - SERTAO ALTO SERTAO;25006;6a REGIAO;250780;Junco do Serido;6.793;6a REGIAO
2;Nordeste;25;Paraiba;2501;MACRORREGIAO III - SERTAO ALTO SERTAO;25006;6a REGIAO;250450;Condado;6.451;6a REGIAO
2;Nordeste;25;Paraiba;2501;MACRORREGIAO III - SERTAO ALTO SERTAO;25006;6a REGIAO;250939;Matureia;6.433;6a REGIAO
2;Nordeste;25;Paraiba;2501;MACRORREGIAO III - SERTAO ALTO SERTAO;25006;6a REGIAO;250880;Malta;6.046;6a REGIAO
2;Nordeste;25;Paraiba;2501;MACRORREGIAO III - SERTAO ALTO SERTAO;25006;6a REGIAO;250420;Catingueira;4.491;6a REGIAO
2;Nordeste;25;Paraiba;2501;MACRORREGIAO III - SERTAO ALTO SERTAO;25006;6a REGIAO;251380;Santa Teresinha;4.402;6a REGIAO
2;Nordeste;25;Paraiba;2501;MACRORREGIAO III - SERTAO ALTO SERTAO;25006;6a REGIAO;251470;Sao Jose do Sabugi;4.138;6a REGIAO
2;Nordeste;25;Paraiba;2501;MACRORREGIAO III - SERTAO ALTO SERTAO;25006;6a REGIAO;251440;Sao Jose de Espinharas;4.083;6a REGIAO
2;Nordeste;25;Paraiba;2501;MACRORREGIAO III - SERTAO ALTO SERTAO;25006;6a REGIAO;250550;Vista Serrana;3.641;6a REGIAO
2;Nordeste;25;Paraiba;2501;MACRORREGIAO III - SERTAO ALTO SERTAO;25006;6a REGIAO;250870;Mae d'Agua;3.583;6a REGIAO
2;Nordeste;25;Paraiba;2501;MACRORREGIAO III - SERTAO ALTO SERTAO;25006;6a REGIAO;251300;Salgadinho;3.355;6a REGIAO
2;Nordeste;25;Paraiba;2501;MACRORREGIAO III - SERTAO ALTO SERTAO;25006;6a REGIAO;250340;Cacimba de Areia;3.291;6a REGIAO
2;Nordeste;25;Paraiba;2501;MACRORREGIAO III - SERTAO ALTO SERTAO;25006;6a REGIAO;251460;Sao Jose do Bonfim;3.242;6a REGIAO
2;Nordeste;25;Paraiba;2501;MACRORREGIAO III - SERTAO ALTO SERTAO;25006;6a REGIAO;250590;Emas;3.011;6a REGIAO
2;Nordeste;25;Paraiba;2501;MACRORREGIAO III - SERTAO ALTO SERTAO;25006;6a REGIAO;251710;Varzea;2.668;6a REGIAO
2;Nordeste;25;Paraiba;2501;MACRORREGIAO III - SERTAO ALTO SERTAO;25006;6a REGIAO;251070;Passagem;2.463;6a REGIAO
2;Nordeste;25;Paraiba;2501;MACRORREGIAO III - SERTAO ALTO SERTAO;25006;6a REGIAO;250115;Areia de Baraunas;2.005;6a REGIAO
2;Nordeste;25;Paraiba;2501;MACRORREGIAO III - SERTAO ALTO SERTAO;25006;6a REGIAO;251260;Quixaba;1.743;6a REGIAO
2;Nordeste;25;Paraiba;2501;MACRORREGIAO III - SERTAO ALTO SERTAO;25007;7a REGIAO;250700;Itaporanga;23.940;7a REGIAO
2;Nordeste;25;Paraiba;2501;MACRORREGIAO III - SERTAO ALTO SERTAO;25007;7a REGIAO;250440;Conceicao;18.260;7a REGIAO
2;Nordeste;25;Paraiba;2501;MACRORREGIAO III - SERTAO ALTO SERTAO;25007;7a REGIAO;251130;Pianco;16.441;7a REGIAO
2;Nordeste;25;Paraiba;2501;MACRORREGIAO III - SERTAO ALTO SERTAO;25007;7a REGIAO;250480;Coremas;14.683;7a REGIAO
2;Nordeste;25;Paraiba;2501;MACRORREGIAO III - SERTAO ALTO SERTAO;25007;7a REGIAO;251360;Santana dos Garrotes;6.569;7a REGIAO
2;Nordeste;25;Paraiba;2501;MACRORREGIAO III - SERTAO ALTO SERTAO;25007;7a REGIAO;250560;Diamante;6.299;7a REGIAO
2;Nordeste;25;Paraiba;2501;MACRORREGIAO III - SERTAO ALTO SERTAO;25007;7a REGIAO;251040;Olho d'Agua;6.060;7a REGIAO
2;Nordeste;25;Paraiba;2501;MACRORREGIAO III - SERTAO ALTO SERTAO;25007;7a REGIAO;251020;Nova Olinda;5.787;7a REGIAO
2;Nordeste;25;Paraiba;2501;MACRORREGIAO III - SERTAO ALTO SERTAO;25007;7a REGIAO;250260;Igaracy;5.648;7a REGIAO
2;Nordeste;25;Paraiba;2501;MACRORREGIAO III - SERTAO ALTO SERTAO;25007;7a REGIAO;250660;Ibiara;5.631;7a REGIAO
2;Nordeste;25;Paraiba;2501;MACRORREGIAO III - SERTAO ALTO SERTAO;25007;7a REGIAO;250210;Boa Ventura;5.207;7a REGIAO
2;Nordeste;25;Paraiba;2501;MACRORREGIAO III - SERTAO ALTO SERTAO;25007;7a REGIAO;251430;Sao Jose de Caiana;5.034;7a REGIAO
2;Nordeste;25;Paraiba;2501;MACRORREGIAO III - SERTAO ALTO SERTAO;25007;7a REGIAO;251350;Santana de Mangueira;5.010;7a REGIAO
2;Nordeste;25;Paraiba;2501;MACRORREGIAO III - SERTAO ALTO SERTAO;25007;7a REGIAO;250020;Aguiar;5.003;7a REGIAO
2;Nordeste;25;Paraiba;2501;MACRORREGIAO III - SERTAO ALTO SERTAO;25007;7a REGIAO;251100;Pedra Branca;3.739;7a REGIAO
2;Nordeste;25;Paraiba;2501;MACRORREGIAO III - SERTAO ALTO SERTAO;25007;7a REGIAO;251335;Santa Ines;3.227;7a REGIAO
2;Nordeste;25;Paraiba;2501;MACRORREGIAO III - SERTAO ALTO SERTAO;25007;7a REGIAO;251570;Serra Grande;2.942;7a REGIAO
2;Nordeste;25;Paraiba;2501;MACRORREGIAO III - SERTAO ALTO SERTAO;25007;7a REGIAO;250530;Curral Velho;2.292;7a REGIAO
2;Nordeste;25;Paraiba;2501;MACRORREGIAO III - SERTAO ALTO SERTAO;25008;8a REGIAO;251390;Sao Bento;32.235;8a REGIAO
2;Nordeste;25;Paraiba;2501;MACRORREGIAO III - SERTAO ALTO SERTAO;25008;8a REGIAO;250430;Catole do Rocha;30.661;8a REGIAO
2;Nordeste;25;Paraiba;2501;MACRORREGIAO III - SERTAO ALTO SERTAO;25008;8a REGIAO;250280;Brejo do Cruz;13.613;8a REGIAO
2;Nordeste;25;Paraiba;2501;MACRORREGIAO III - SERTAO ALTO SERTAO;25008;8a REGIAO;251280;Riacho dos Cavalos;8.493;8a REGIAO
2;Nordeste;25;Paraiba;2501;MACRORREGIAO III - SERTAO ALTO SERTAO;25008;8a REGIAO;250740;Jerico;7.516;8a REGIAO
2;Nordeste;25;Paraiba;2501;MACRORREGIAO III - SERTAO ALTO SERTAO;25008;8a REGIAO;250200;Belem do Brejo do Cruz;6.268;8a REGIAO
2;Nordeste;25;Paraiba;2501;MACRORREGIAO III - SERTAO ALTO SERTAO;25008;8a REGIAO;250290;Brejo dos Santos;5.742;8a REGIAO
2;Nordeste;25;Paraiba;2501;MACRORREGIAO III - SERTAO ALTO SERTAO;25008;8a REGIAO;250230;Bom Sucesso;4.661;8a REGIAO
2;Nordeste;25;Paraiba;2501;MACRORREGIAO III - SERTAO ALTO SERTAO;25008;8a REGIAO;250937;Mato Grosso;2.543;8a REGIAO
2;Nordeste;25;Paraiba;2501;MACRORREGIAO III - SERTAO ALTO SERTAO;25008;8a REGIAO;251465;Sao Jose do Brejo do Cruz;1.699;8a REGIAO
2;Nordeste;25;Paraiba;2501;MACRORREGIAO III - SERTAO ALTO SERTAO;25009;9a REGIAO;250370;Cajazeiras;63.239;9a REGIAO
2;Nordeste;25;Paraiba;2501;MACRORREGIAO III - SERTAO ALTO SERTAO;25009;9a REGIAO;251450;Sao Jose de Piranhas;19.067;9a REGIAO
2;Nordeste;25;Paraiba;2501;MACRORREGIAO III - SERTAO ALTO SERTAO;25009;9a REGIAO;250070;Sao Joao do Rio do Peixe;17.964;9a REGIAO
2;Nordeste;25;Paraiba;2501;MACRORREGIAO III - SERTAO ALTO SERTAO;25009;9a REGIAO;251690;Uirauna;14.930;9a REGIAO
2;Nordeste;25;Paraiba;2501;MACRORREGIAO III - SERTAO ALTO SERTAO;25009;9a REGIAO;250240;Bonito de Santa Fe;10.252;9a REGIAO
2;Nordeste;25;Paraiba;2501;MACRORREGIAO III - SERTAO ALTO SERTAO;25009;9a REGIAO;251680;Triunfo;9.892;9a REGIAO
2;Nordeste;25;Paraiba;2501;MACRORREGIAO III - SERTAO ALTO SERTAO;25009;9a REGIAO;250330;Cachoeira dos Indios;9.151;9a REGIAO
2;Nordeste;25;Paraiba;2501;MACRORREGIAO III - SERTAO ALTO SERTAO;25009;9a REGIAO;251330;Santa Helena;5.865;9a REGIAO
2;Nordeste;25;Paraiba;2501;MACRORREGIAO III - SERTAO ALTO SERTAO;25009;9a REGIAO;250960;Monte Horebe;4.338;9a REGIAO
2;Nordeste;25;Paraiba;2501;MACRORREGIAO III - SERTAO ALTO SERTAO;25009;9a REGIAO;251207;Poco de Jose de Moura;4.006;9a REGIAO
2;Nordeste;25;Paraiba;2501;MACRORREGIAO III - SERTAO ALTO SERTAO;25009;9a REGIAO;251203;Poco Dantas;3.830;9a REGIAO
2;Nordeste;25;Paraiba;2501;MACRORREGIAO III - SERTAO ALTO SERTAO;25009;9a REGIAO;250205;Bernardino Batista;3.504;9a REGIAO
2;Nordeste;25;Paraiba;2501;MACRORREGIAO III - SERTAO ALTO SERTAO;25009;9a REGIAO;251365;Joca Claudino;2.539;9a REGIAO
2;Nordeste;25;Paraiba;2501;MACRORREGIAO III - SERTAO ALTO SERTAO;25009;9a REGIAO;250410;Carrapateira;2.312;9a REGIAO
2;Nordeste;25;Paraiba;2501;MACRORREGIAO III - SERTAO ALTO SERTAO;25009;9a REGIAO;250220;Bom Jesus;2.286;9a REGIAO
2;Nordeste;25;Paraiba;2501;MACRORREGIAO III - SERTAO ALTO SERTAO;25010;10a REGIAO;251620;Sousa;67.259;10a REGIAO
2;Nordeste;25;Paraiba;2501;MACRORREGIAO III - SERTAO ALTO SERTAO;25010;10a REGIAO;250077;Aparecida;7.960;10a REGIAO
2;Nordeste;25;Paraiba;2501;MACRORREGIAO III - SERTAO ALTO SERTAO;25010;10a REGIAO;251000;Nazarezinho;7.203;10a REGIAO
2;Nordeste;25;Paraiba;2501;MACRORREGIAO III - SERTAO ALTO SERTAO;25010;10a REGIAO;251420;Sao Jose da Lagoa Tapada;7.126;10a REGIAO
2;Nordeste;25;Paraiba;2501;MACRORREGIAO III - SERTAO ALTO SERTAO;25010;10a REGIAO;250915;Marizopolis;6.705;10a REGIAO
2;Nordeste;25;Paraiba;2501;MACRORREGIAO III - SERTAO ALTO SERTAO;25010;10a REGIAO;251320;Santa Cruz;5.947;10a REGIAO
2;Nordeste;25;Paraiba;2501;MACRORREGIAO III - SERTAO ALTO SERTAO;25010;10a REGIAO;251720;Vieiropolis;4.864;10a REGIAO
2;Nordeste;25;Paraiba;2501;MACRORREGIAO III - SERTAO ALTO SERTAO;25010;10a REGIAO;250840;Lastro;3.162;10a REGIAO
2;Nordeste;25;Paraiba;2501;MACRORREGIAO III - SERTAO ALTO SERTAO;25010;10a REGIAO;251398;Sao Francisco;3.137;10a REGIAO
2;Nordeste;25;Paraiba;2501;MACRORREGIAO III - SERTAO ALTO SERTAO;25011;11a REGIAO;251230;Princesa Isabel;21.114;11a REGIAO
2;Nordeste;25;Paraiba;2501;MACRORREGIAO III - SERTAO ALTO SERTAO;25011;11a REGIAO;251660;Tavares;14.101;11a REGIAO
2;Nordeste;25;Paraiba;2501;MACRORREGIAO III - SERTAO ALTO SERTAO;25011;11a REGIAO;250900;Manaira;10.434;11a REGIAO
2;Nordeste;25;Paraiba;2501;MACRORREGIAO III - SERTAO ALTO SERTAO;25011;11a REGIAO;250670;Imaculada;10.392;11a REGIAO
2;Nordeste;25;Paraiba;2501;MACRORREGIAO III - SERTAO ALTO SERTAO;25011;11a REGIAO;250010;Agua Branca;9.335;11a REGIAO
2;Nordeste;25;Paraiba;2501;MACRORREGIAO III - SERTAO ALTO SERTAO;25011;11a REGIAO;250800;Juru;9.234;11a REGIAO
2;Nordeste;25;Paraiba;2501;MACRORREGIAO III - SERTAO ALTO SERTAO;25011;11a REGIAO;251455;Sao Jose de Princesa;3.416;11a REGIAO
2;Nordeste;25;Paraiba;2503;MACRORREGIAO I - JOAO PESSOA;25012;12a REGIAO;251120;Pedras de Fogo;29.662;12a REGIAO
2;Nordeste;25;Paraiba;2503;MACRORREGIAO I - JOAO PESSOA;25012;12a REGIAO;250690;Itabaiana;23.182;12a REGIAO
2;Nordeste;25;Paraiba;2503;MACRORREGIAO I - JOAO PESSOA;25012;12a REGIAO;250680;Inga;17.692;12a REGIAO
2;Nordeste;25;Paraiba;2503;MACRORREGIAO I - JOAO PESSOA;25012;12a REGIAO;250940;Mogeiro;13.899;12a REGIAO
2;Nordeste;25;Paraiba;2503;MACRORREGIAO I - JOAO PESSOA;25012;12a REGIAO;250640;Gurinhem;13.766;12a REGIAO
2;Nordeste;25;Paraiba;2503;MACRORREGIAO I - JOAO PESSOA;25012;12a REGIAO;251150;Pilar;12.311;12a REGIAO
2;Nordeste;25;Paraiba;2503;MACRORREGIAO I - JOAO PESSOA;25012;12a REGIAO;251310;Salgado de Sao Felix;11.505;12a REGIAO
2;Nordeste;25;Paraiba;2503;MACRORREGIAO I - JOAO PESSOA;25012;12a REGIAO;250720;Itatuba;10.499;12a REGIAO
2;Nordeste;25;Paraiba;2503;MACRORREGIAO I - JOAO PESSOA;25012;12a REGIAO;250790;Juripiranga;10.012;12a REGIAO
2;Nordeste;25;Paraiba;2503;MACRORREGIAO I - JOAO PESSOA;25012;12a REGIAO;250760;Juarez Tavora;7.796;12a REGIAO
2;Nordeste;25;Paraiba;2503;MACRORREGIAO I - JOAO PESSOA;25012;12a REGIAO;251500;Sao Miguel de Taipu;7.066;12a REGIAO
2;Nordeste;25;Paraiba;2503;MACRORREGIAO I - JOAO PESSOA;25012;12a REGIAO;251445;Sao Jose dos Ramos;5.891;12a REGIAO
2;Nordeste;25;Paraiba;2503;MACRORREGIAO I - JOAO PESSOA;25012;12a REGIAO;250380;Caldas Brandao;5.753;12a REGIAO
2;Nordeste;25;Paraiba;2503;MACRORREGIAO I - JOAO PESSOA;25012;12a REGIAO;251275;Riachao do Bacamarte;4.690;12a REGIAO
2;Nordeste;25;Paraiba;2501;MACRORREGIAO III - SERTAO ALTO SERTAO;25013;13a REGIAO;251210;Pombal;32.473;13a REGIAO
2;Nordeste;25;Paraiba;2501;MACRORREGIAO III - SERTAO ALTO SERTAO;25013;13a REGIAO;251090;Paulista;11.834;13a REGIAO
2;Nordeste;25;Paraiba;2501;MACRORREGIAO III - SERTAO ALTO SERTAO;25013;13a REGIAO;250810;Lagoa;4.415;13a REGIAO
2;Nordeste;25;Paraiba;2501;MACRORREGIAO III - SERTAO ALTO SERTAO;25013;13a REGIAO;251392;Sao Bentinho;4.327;13a REGIAO
2;Nordeste;25;Paraiba;2501;MACRORREGIAO III - SERTAO ALTO SERTAO;25013;13a REGIAO;250375;Cajazeirinhas;2.740;13a REGIAO
2;Nordeste;25;Paraiba;2501;MACRORREGIAO III - SERTAO ALTO SERTAO;25013;13a REGIAO;251396;Sao Domingos;2.595;13a REGIAO
2;Nordeste;25;Paraiba;2503;MACRORREGIAO I - JOAO PESSOA;25014;14a REGIAO;250890;Mamanguape;44.599;14a REGIAO
2;Nordeste;25;Paraiba;2503;MACRORREGIAO I - JOAO PESSOA;25014;14a REGIAO;251290;Rio Tinto;24.581;14a REGIAO
2;Nordeste;25;Paraiba;2503;MACRORREGIAO I - JOAO PESSOA;25014;14a REGIAO;250710;Itapororoca;18.382;14a REGIAO
2;Nordeste;25;Paraiba;2503;MACRORREGIAO I - JOAO PESSOA;25014;14a REGIAO;250730;Jacarau;14.477;14a REGIAO
2;Nordeste;25;Paraiba;2503;MACRORREGIAO I - JOAO PESSOA;25014;14a REGIAO;250140;Baia da Traicao;9.224;14a REGIAO
2;Nordeste;25;Paraiba;2503;MACRORREGIAO I - JOAO PESSOA;25014;14a REGIAO;250905;Marcacao;8.999;14a REGIAO
2;Nordeste;25;Paraiba;2503;MACRORREGIAO I - JOAO PESSOA;25014;14a REGIAO;250930;Mataraca;8.244;14a REGIAO
2;Nordeste;25;Paraiba;2503;MACRORREGIAO I - JOAO PESSOA;25014;14a REGIAO;250403;Capim;6.970;14a REGIAO
2;Nordeste;25;Paraiba;2503;MACRORREGIAO I - JOAO PESSOA;25014;14a REGIAO;250523;Cuite de Mamanguape;6.251;14a REGIAO
2;Nordeste;25;Paraiba;2503;MACRORREGIAO I - JOAO PESSOA;25014;14a REGIAO;251272;Pedro Regis;5.766;14a REGIAO
2;Nordeste;25;Paraiba;2503;MACRORREGIAO I - JOAO PESSOA;25014;14a REGIAO;250527;Curral de Cima;5.254;14a REGIAO
2;Nordeste;25;Paraiba;2502;MACRORREGIAO II - CAMPINA GRANDE;25015;15a REGIAO;251250;Queimadas;47.658;15a REGIAO
2;Nordeste;25;Paraiba;2502;MACRORREGIAO II - CAMPINA GRANDE;25015;15a REGIAO;250130;Aroeiras;18.705;15a REGIAO
2;Nordeste;25;Paraiba;2502;MACRORREGIAO II - CAMPINA GRANDE;25015;15a REGIAO;250250;Boqueirao;17.598;15a REGIAO
2;Nordeste;25;Paraiba;2502;MACRORREGIAO II - CAMPINA GRANDE;25015;15a REGIAO;251700;Umbuzeiro;9.124;15a REGIAO
2;Nordeste;25;Paraiba;2502;MACRORREGIAO II - CAMPINA GRANDE;25015;15a REGIAO;250990;Natuba;8.945;15a REGIAO
2;Nordeste;25;Paraiba;2502;MACRORREGIAO II - CAMPINA GRANDE;25015;15a REGIAO;250625;Gado Bravo;8.179;15a REGIAO
2;Nordeste;25;Paraiba;2502;MACRORREGIAO II - CAMPINA GRANDE;25015;15a REGIAO;250157;Barra de Santana;8.059;15a REGIAO
2;Nordeste;25;Paraiba;2502;MACRORREGIAO II - CAMPINA GRANDE;25015;15a REGIAO;251315;Santa Cecilia;7.670;15a REGIAO
2;Nordeste;25;Paraiba;2502;MACRORREGIAO II - CAMPINA GRANDE;25015;15a REGIAO;250170;Barra de Sao Miguel;5.906;15a REGIAO
2;Nordeste;25;Paraiba;2502;MACRORREGIAO II - CAMPINA GRANDE;25015;15a REGIAO;250053;Alcantil;5.578;15a REGIAO
2;Nordeste;25;Paraiba;2502;MACRORREGIAO II - CAMPINA GRANDE;25015;15a REGIAO;250310;Cabaceiras;5.335;15a REGIAO
2;Nordeste;25;Paraiba;2502;MACRORREGIAO II - CAMPINA GRANDE;25015;15a REGIAO;250435;Caturite;5.254;15a REGIAO
2;Nordeste;25;Paraiba;2502;MACRORREGIAO II - CAMPINA GRANDE;25015;15a REGIAO;251394;Sao Domingos do Cariri;2.585;15a REGIAO
2;Nordeste;25;Paraiba;2502;MACRORREGIAO II - CAMPINA GRANDE;25015;15a REGIAO;251278;Riacho de Santo Antonio;1.955;15a REGIAO
2;Nordeste;25;Paraiba;2502;MACRORREGIAO II - CAMPINA GRANDE;25016;16a REGIAO;250400;Campina Grande;419.379;16a REGIAO
2;Nordeste;25;Paraiba;2502;MACRORREGIAO II - CAMPINA GRANDE;25016;16a REGIAO;251200;Pocinhos;17.469;16a REGIAO
2;Nordeste;25;Paraiba;2502;MACRORREGIAO II - CAMPINA GRANDE;25016;16a REGIAO;250770;Juazeirinho;17.007;16a REGIAO
2;Nordeste;25;Paraiba;2502;MACRORREGIAO II - CAMPINA GRANDE;25016;16a REGIAO;251240;Puxinana;14.277;16a REGIAO
2;Nordeste;25;Paraiba;2502;MACRORREGIAO II - CAMPINA GRANDE;25016;16a REGIAO;250920;Massaranduba;14.139;16a REGIAO
2;Nordeste;25;Paraiba;2502;MACRORREGIAO II - CAMPINA GRANDE;25016;16a REGIAO;251650;Taperoa;14.068;16a REGIAO
2;Nordeste;25;Paraiba;2502;MACRORREGIAO II - CAMPINA GRANDE;25016;16a REGIAO;251610;Soledade;13.968;16a REGIAO
2;Nordeste;25;Paraiba;2502;MACRORREGIAO II - CAMPINA GRANDE;25016;16a REGIAO;250610;Fagundes;11.049;16a REGIAO
2;Nordeste;25;Paraiba;2502;MACRORREGIAO II - CAMPINA GRANDE;25016;16a REGIAO;250850;Livramento;6.877;16a REGIAO
2;Nordeste;25;Paraiba;2502;MACRORREGIAO II - CAMPINA GRANDE;25016;16a REGIAO;251580;Serra Redonda;6.828;16a REGIAO
2;Nordeste;25;Paraiba;2502;MACRORREGIAO II - CAMPINA GRANDE;25016;16a REGIAO;250215;Boa Vista;6.377;16a REGIAO
2;Nordeste;25;Paraiba;2502;MACRORREGIAO II - CAMPINA GRANDE;25016;16a REGIAO;250135;Assuncao;4.152;16a REGIAO
2;Nordeste;25;Paraiba;2502;MACRORREGIAO II - CAMPINA GRANDE;25016;16a REGIAO;251050;Olivedos;3.580;16a REGIAO
2;Nordeste;25;Paraiba;2502;MACRORREGIAO II - CAMPINA GRANDE;25016;16a REGIAO;251675;Tenorio;2.966;16a REGIAO
2;Nordeste;25;Paraiba;2502;MACRORREGIAO II - CAMPINA GRANDE;25016;16a REGIAO;251385;Santo Andre;2.622;16a REGIAO
2;Nordeste;26;Pernambuco;2606;SERTAO;26001;X REGIAO DE SAUDE;260010;Afogados da Ingazeira;40.004;X REGIAO DE SAUDE
2;Nordeste;26;Pernambuco;2606;SERTAO;26001;X REGIAO DE SAUDE;261360;Sao Jose do Egito;31.004;X REGIAO DE SAUDE
2;Nordeste;26;Pernambuco;2606;SERTAO;26001;X REGIAO DE SAUDE;261460;Tabira;27.623;X REGIAO DE SAUDE
2;Nordeste;26;Pernambuco;2606;SERTAO;26001;X REGIAO DE SAUDE;260390;Carnaiba;18.907;X REGIAO DE SAUDE
2;Nordeste;26;Pernambuco;2606;SERTAO;26001;X REGIAO DE SAUDE;260770;Itapetim;13.791;X REGIAO DE SAUDE
2;Nordeste;26;Pernambuco;2606;SERTAO;26001;X REGIAO DE SAUDE;260690;Iguaracy;11.058;X REGIAO DE SAUDE
2;Nordeste;26;Pernambuco;2606;SERTAO;26001;X REGIAO DE SAUDE;261280;Santa Terezinha;10.244;X REGIAO DE SAUDE
2;Nordeste;26;Pernambuco;2606;SERTAO;26001;X REGIAO DE SAUDE;261590;Tuparetama;7.985;X REGIAO DE SAUDE
2;Nordeste;26;Pernambuco;2606;SERTAO;26001;X REGIAO DE SAUDE;260250;Brejinho;7.720;X REGIAO DE SAUDE
2;Nordeste;26;Pernambuco;2606;SERTAO;26001;X REGIAO DE SAUDE;261153;Quixaba;6.554;X REGIAO DE SAUDE
2;Nordeste;26;Pernambuco;2606;SERTAO;26001;X REGIAO DE SAUDE;261440;Solidao;5.271;X REGIAO DE SAUDE
2;Nordeste;26;Pernambuco;2606;SERTAO;26001;X REGIAO DE SAUDE;260710;Ingazeira;4.779;X REGIAO DE SAUDE
2;Nordeste;26;Pernambuco;2606;SERTAO;26002;VI REGIAO DE SAUDE;260120;Arcoverde;77.742;VI REGIAO DE SAUDE
2;Nordeste;26;Pernambuco;2606;SERTAO;26002;VI REGIAO DE SAUDE;260280;Buique;52.097;VI REGIAO DE SAUDE
2;Nordeste;26;Pernambuco;2606;SERTAO;26002;VI REGIAO DE SAUDE;260510;Custodia;37.245;VI REGIAO DE SAUDE
2;Nordeste;26;Pernambuco;2606;SERTAO;26002;VI REGIAO DE SAUDE;261100;Petrolandia;34.161;VI REGIAO DE SAUDE
2;Nordeste;26;Pernambuco;2606;SERTAO;26002;VI REGIAO DE SAUDE;261410;Sertania;32.729;VI REGIAO DE SAUDE
2;Nordeste;26;Pernambuco;2606;SERTAO;26002;VI REGIAO DE SAUDE;260660;Ibimirim;27.346;VI REGIAO DE SAUDE
2;Nordeste;26;Pernambuco;2606;SERTAO;26002;VI REGIAO DE SAUDE;260700;Inaja;25.740;VI REGIAO DE SAUDE
2;Nordeste;26;Pernambuco;2606;SERTAO;26002;VI REGIAO DE SAUDE;261580;Tupanatinga;25.536;VI REGIAO DE SAUDE
2;Nordeste;26;Pernambuco;2606;SERTAO;26002;VI REGIAO DE SAUDE;260915;Manari;25.432;VI REGIAO DE SAUDE
2;Nordeste;26;Pernambuco;2606;SERTAO;26002;VI REGIAO DE SAUDE;261480;Tacaratu;23.902;VI REGIAO DE SAUDE
2;Nordeste;26;Pernambuco;2606;SERTAO;26002;VI REGIAO DE SAUDE;261080;Pedra;22.795;VI REGIAO DE SAUDE
2;Nordeste;26;Pernambuco;2606;SERTAO;26002;VI REGIAO DE SAUDE;261600;Venturosa;16.872;VI REGIAO DE SAUDE
2;Nordeste;26;Pernambuco;2606;SERTAO;26002;VI REGIAO DE SAUDE;260805;Jatoba;14.020;VI REGIAO DE SAUDE
2;Nordeste;26;Pernambuco;2608;AGRESTE;26003;IV REGIAO DE SAUDE;260410;Caruaru;377.911;IV REGIAO DE SAUDE
2;Nordeste;26;Pernambuco;2608;AGRESTE;26003;IV REGIAO DE SAUDE;261250;Santa Cruz do Capibaribe;98.254;IV REGIAO DE SAUDE
2;Nordeste;26;Pernambuco;2608;AGRESTE;26003;IV REGIAO DE SAUDE;260640;Gravata;86.516;IV REGIAO DE SAUDE
2;Nordeste;26;Pernambuco;2608;AGRESTE;26003;IV REGIAO DE SAUDE;260170;Belo Jardim;79.507;IV REGIAO DE SAUDE
2;Nordeste;26;Pernambuco;2608;AGRESTE;26003;IV REGIAO DE SAUDE;261090;Pesqueira;62.610;IV REGIAO DE SAUDE
2;Nordeste;26;Pernambuco;2608;AGRESTE;26003;IV REGIAO DE SAUDE;260190;Bezerros;61.794;IV REGIAO DE SAUDE
2;Nordeste;26;Pernambuco;2608;AGRESTE;26003;IV REGIAO DE SAUDE;261300;Sao Bento do Una;49.370;IV REGIAO DE SAUDE
2;Nordeste;26;Pernambuco;2608;AGRESTE;26003;IV REGIAO DE SAUDE;260260;Brejo da Madre de Deus;48.645;IV REGIAO DE SAUDE
2;Nordeste;26;Pernambuco;2608;AGRESTE;26003;IV REGIAO DE SAUDE;261540;Toritama;41.137;IV REGIAO DE SAUDE
2;Nordeste;26;Pernambuco;2608;AGRESTE;26003;IV REGIAO DE SAUDE;260230;Bonito;37.316;IV REGIAO DE SAUDE
2;Nordeste;26;Pernambuco;2608;AGRESTE;26003;IV REGIAO DE SAUDE;261310;Sao Caitano;37.126;IV REGIAO DE SAUDE
2;Nordeste;26;Pernambuco;2608;AGRESTE;26003;IV REGIAO DE SAUDE;261500;Taquaritinga do Norte;24.736;IV REGIAO DE SAUDE
2;Nordeste;26;Pernambuco;2608;AGRESTE;26003;IV REGIAO DE SAUDE;260030;Agrestina;23.779;IV REGIAO DE SAUDE
2;Nordeste;26;Pernambuco;2608;AGRESTE;26003;IV REGIAO DE SAUDE;260500;Cupira;23.518;IV REGIAO DE SAUDE
2;Nordeste;26;Pernambuco;2608;AGRESTE;26003;IV REGIAO DE SAUDE;261020;Panelas;22.991;IV REGIAO DE SAUDE
2;Nordeste;26;Pernambuco;2608;AGRESTE;26003;IV REGIAO DE SAUDE;261620;Vertentes;21.959;IV REGIAO DE SAUDE
2;Nordeste;26;Pernambuco;2608;AGRESTE;26003;IV REGIAO DE SAUDE;260080;Altinho;20.674;IV REGIAO DE SAUDE
2;Nordeste;26;Pernambuco;2608;AGRESTE;26003;IV REGIAO DE SAUDE;261170;Riacho das Almas;20.641;IV REGIAO DE SAUDE
2;Nordeste;26;Pernambuco;2608;AGRESTE;26003;IV REGIAO DE SAUDE;260310;Cachoeirinha;19.899;IV REGIAO DE SAUDE
2;Nordeste;26;Pernambuco;2608;AGRESTE;26003;IV REGIAO DE SAUDE;261330;Sao Joaquim do Monte;19.854;IV REGIAO DE SAUDE
2;Nordeste;26;Pernambuco;2608;AGRESTE;26003;IV REGIAO DE SAUDE;261240;Sanharo;18.624;IV REGIAO DE SAUDE
2;Nordeste;26;Pernambuco;2608;AGRESTE;26003;IV REGIAO DE SAUDE;260350;Camocim de Sao Felix;17.419;IV REGIAO DE SAUDE
2;Nordeste;26;Pernambuco;2608;AGRESTE;26003;IV REGIAO DE SAUDE;260800;Jatauba;15.843;IV REGIAO DE SAUDE
2;Nordeste;26;Pernambuco;2608;AGRESTE;26003;IV REGIAO DE SAUDE;260060;Alagoinha;14.033;IV REGIAO DE SAUDE
2;Nordeste;26;Pernambuco;2608;AGRESTE;26003;IV REGIAO DE SAUDE;261270;Santa Maria do Cambuca;14.013;IV REGIAO DE SAUDE
2;Nordeste;26;Pernambuco;2608;AGRESTE;26003;IV REGIAO DE SAUDE;261470;Tacaimbo;13.738;IV REGIAO DE SAUDE
2;Nordeste;26;Pernambuco;2608;AGRESTE;26003;IV REGIAO DE SAUDE;260580;Frei Miguelinho;13.672;IV REGIAO DE SAUDE
2;Nordeste;26;Pernambuco;2608;AGRESTE;26003;IV REGIAO DE SAUDE;260840;Jurema;13.648;IV REGIAO DE SAUDE
2;Nordeste;26;Pernambuco;2608;AGRESTE;26003;IV REGIAO DE SAUDE;260130;Barra de Guabiraba;12.263;IV REGIAO DE SAUDE
2;Nordeste;26;Pernambuco;2608;AGRESTE;26003;IV REGIAO DE SAUDE;261200;Saire;10.887;IV REGIAO DE SAUDE
2;Nordeste;26;Pernambuco;2608;AGRESTE;26003;IV REGIAO DE SAUDE;261120;Pocao;10.500;IV REGIAO DE SAUDE
2;Nordeste;26;Pernambuco;2608;AGRESTE;26003;IV REGIAO DE SAUDE;260670;Ibirajuba;7.140;IV REGIAO DE SAUDE
2;Nordeste;26;Pernambuco;2608;AGRESTE;26004;V REGIAO DE SAUDE;260600;Garanhuns;142.526;V REGIAO DE SAUDE
2;Nordeste;26;Pernambuco;2608;AGRESTE;26004;V REGIAO DE SAUDE;260210;Bom Conselho;44.103;V REGIAO DE SAUDE
2;Nordeste;26;Pernambuco;2608;AGRESTE;26004;V REGIAO DE SAUDE;260050;Aguas Belas;41.548;V REGIAO DE SAUDE
2;Nordeste;26;Pernambuco;2608;AGRESTE;26004;V REGIAO DE SAUDE;260880;Lajedo;39.582;V REGIAO DE SAUDE
2;Nordeste;26;Pernambuco;2608;AGRESTE;26004;V REGIAO DE SAUDE;260750;Itaiba;31.611;V REGIAO DE SAUDE
2;Nordeste;26;Pernambuco;2608;AGRESTE;26004;V REGIAO DE SAUDE;260320;Caetes;28.827;V REGIAO DE SAUDE
2;Nordeste;26;Pernambuco;2608;AGRESTE;26004;V REGIAO DE SAUDE;260370;Canhotinho;24.344;V REGIAO DE SAUDE
2;Nordeste;26;Pernambuco;2608;AGRESTE;26004;V REGIAO DE SAUDE;261320;Sao Joao;23.817;V REGIAO DE SAUDE
2;Nordeste;26;Pernambuco;2608;AGRESTE;26004;V REGIAO DE SAUDE;260380;Capoeiras;18.415;V REGIAO DE SAUDE
2;Nordeste;26;Pernambuco;2608;AGRESTE;26004;V REGIAO DE SAUDE;260650;Iati;17.165;V REGIAO DE SAUDE
2;Nordeste;26;Pernambuco;2608;AGRESTE;26004;V REGIAO DE SAUDE;260470;Correntes;17.131;V REGIAO DE SAUDE
2;Nordeste;26;Pernambuco;2608;AGRESTE;26004;V REGIAO DE SAUDE;260830;Jupi;15.329;V REGIAO DE SAUDE
2;Nordeste;26;Pernambuco;2608;AGRESTE;26004;V REGIAO DE SAUDE;261230;Saloa;13.836;V REGIAO DE SAUDE
2;Nordeste;26;Pernambuco;2608;AGRESTE;26004;V REGIAO DE SAUDE;261030;Paranatama;12.199;V REGIAO DE SAUDE
2;Nordeste;26;Pernambuco;2608;AGRESTE;26004;V REGIAO DE SAUDE;260860;Lagoa do Ouro;11.984;V REGIAO DE SAUDE
2;Nordeste;26;Pernambuco;2608;AGRESTE;26004;V REGIAO DE SAUDE;260825;Jucati;11.519;V REGIAO DE SAUDE
2;Nordeste;26;Pernambuco;2608;AGRESTE;26004;V REGIAO DE SAUDE;260330;Calcado;11.080;V REGIAO DE SAUDE
2;Nordeste;26;Pernambuco;2608;AGRESTE;26004;V REGIAO DE SAUDE;260100;Angelim;10.238;V REGIAO DE SAUDE
2;Nordeste;26;Pernambuco;2608;AGRESTE;26004;V REGIAO DE SAUDE;260240;Brejao;9.079;V REGIAO DE SAUDE
2;Nordeste;26;Pernambuco;2608;AGRESTE;26004;V REGIAO DE SAUDE;261010;Palmeirina;7.032;V REGIAO DE SAUDE
2;Nordeste;26;Pernambuco;2608;AGRESTE;26004;V REGIAO DE SAUDE;261510;Terezinha;6.653;V REGIAO DE SAUDE
2;Nordeste;26;Pernambuco;2607;METROPOLITANA;26005;XII REGIAO DE SAUDE;260620;Goiana;81.055;XII REGIAO DE SAUDE
2;Nordeste;26;Pernambuco;2607;METROPOLITANA;26005;XII REGIAO DE SAUDE;261530;Timbauba;46.147;XII REGIAO DE SAUDE
2;Nordeste;26;Pernambuco;2607;METROPOLITANA;26005;XII REGIAO DE SAUDE;260070;Alianca;35.741;XII REGIAO DE SAUDE
2;Nordeste;26;Pernambuco;2607;METROPOLITANA;26005;XII REGIAO DE SAUDE;260765;Itambe;34.935;XII REGIAO DE SAUDE
2;Nordeste;26;Pernambuco;2607;METROPOLITANA;26005;XII REGIAO DE SAUDE;260460;Condado;24.587;XII REGIAO DE SAUDE
2;Nordeste;26;Pernambuco;2607;METROPOLITANA;26005;XII REGIAO DE SAUDE;260900;Macaparana;23.879;XII REGIAO DE SAUDE
2;Nordeste;26;Pernambuco;2607;METROPOLITANA;26005;XII REGIAO DE SAUDE;261380;Sao Vicente Ferrer;16.677;XII REGIAO DE SAUDE
2;Nordeste;26;Pernambuco;2607;METROPOLITANA;26005;XII REGIAO DE SAUDE;260780;Itaquitinga;16.554;XII REGIAO DE SAUDE
2;Nordeste;26;Pernambuco;2607;METROPOLITANA;26005;XII REGIAO DE SAUDE;260550;Ferreiros;15.026;XII REGIAO DE SAUDE
2;Nordeste;26;Pernambuco;2607;METROPOLITANA;26005;XII REGIAO DE SAUDE;260360;Camutanga;7.750;XII REGIAO DE SAUDE
2;Nordeste;26;Pernambuco;2607;METROPOLITANA;26006;II REGIAO DE SAUDE;260400;Carpina;79.293;II REGIAO DE SAUDE
2;Nordeste;26;Pernambuco;2607;METROPOLITANA;26006;II REGIAO DE SAUDE;261450;Surubim;64.183;II REGIAO DE SAUDE
2;Nordeste;26;Pernambuco;2607;METROPOLITANA;26006;II REGIAO DE SAUDE;261060;Paudalho;56.665;II REGIAO DE SAUDE
2;Nordeste;26;Pernambuco;2607;METROPOLITANA;26006;II REGIAO DE SAUDE;260890;Limoeiro;56.510;II REGIAO DE SAUDE
2;Nordeste;26;Pernambuco;2607;METROPOLITANA;26006;II REGIAO DE SAUDE;260220;Bom Jardim;37.497;II REGIAO DE SAUDE
2;Nordeste;26;Pernambuco;2607;METROPOLITANA;26006;II REGIAO DE SAUDE;260950;Nazare da Mata;30.648;II REGIAO DE SAUDE
2;Nordeste;26;Pernambuco;2607;METROPOLITANA;26006;II REGIAO DE SAUDE;261050;Passira;28.340;II REGIAO DE SAUDE
2;Nordeste;26;Pernambuco;2607;METROPOLITANA;26006;II REGIAO DE SAUDE;260810;Joao Alfredo;27.725;II REGIAO DE SAUDE
2;Nordeste;26;Pernambuco;2607;METROPOLITANA;26006;II REGIAO DE SAUDE;261630;Vicencia;26.355;II REGIAO DE SAUDE
2;Nordeste;26;Pernambuco;2607;METROPOLITANA;26006;II REGIAO DE SAUDE;260970;Orobo;21.841;II REGIAO DE SAUDE
2;Nordeste;26;Pernambuco;2607;METROPOLITANA;26006;II REGIAO DE SAUDE;260540;Feira Nova;21.427;II REGIAO DE SAUDE
2;Nordeste;26;Pernambuco;2607;METROPOLITANA;26006;II REGIAO DE SAUDE;260850;Lagoa de Itaenga;19.434;II REGIAO DE SAUDE
2;Nordeste;26;Pernambuco;2607;METROPOLITANA;26006;II REGIAO DE SAUDE;260845;Lagoa do Carro;17.981;II REGIAO DE SAUDE
2;Nordeste;26;Pernambuco;2607;METROPOLITANA;26006;II REGIAO DE SAUDE;260490;Cumaru;15.859;II REGIAO DE SAUDE
2;Nordeste;26;Pernambuco;2607;METROPOLITANA;26006;II REGIAO DE SAUDE;261550;Tracunhaem;13.867;II REGIAO DE SAUDE
2;Nordeste;26;Pernambuco;2607;METROPOLITANA;26006;II REGIAO DE SAUDE;260415;Casinhas;13.119;II REGIAO DE SAUDE
2;Nordeste;26;Pernambuco;2607;METROPOLITANA;26006;II REGIAO DE SAUDE;260270;Buenos Aires;12.808;II REGIAO DE SAUDE
2;Nordeste;26;Pernambuco;2607;METROPOLITANA;26006;II REGIAO DE SAUDE;260910;Machados;11.284;II REGIAO DE SAUDE
2;Nordeste;26;Pernambuco;2607;METROPOLITANA;26006;II REGIAO DE SAUDE;261618;Vertente do Lerio;7.558;II REGIAO DE SAUDE
2;Nordeste;26;Pernambuco;2607;METROPOLITANA;26006;II REGIAO DE SAUDE;261210;Salgadinho;5.727;II REGIAO DE SAUDE
2;Nordeste;26;Pernambuco;2605;VALE DO S.FRANCISCO E ARARIPE;26007;IX REGIAO DE SAUDE;260110;Araripina;85.088;IX REGIAO DE SAUDE
2;Nordeste;26;Pernambuco;2605;VALE DO S.FRANCISCO E ARARIPE;26007;IX REGIAO DE SAUDE;260990;Ouricuri;65.245;IX REGIAO DE SAUDE
2;Nordeste;26;Pernambuco;2605;VALE DO S.FRANCISCO E ARARIPE;26007;IX REGIAO DE SAUDE;260200;Bodoco;34.478;IX REGIAO DE SAUDE
2;Nordeste;26;Pernambuco;2605;VALE DO S.FRANCISCO E ARARIPE;26007;IX REGIAO DE SAUDE;260530;Exu;31.843;IX REGIAO DE SAUDE
2;Nordeste;26;Pernambuco;2605;VALE DO S.FRANCISCO E ARARIPE;26007;IX REGIAO DE SAUDE;261560;Trindade;30.321;IX REGIAO DE SAUDE
2;Nordeste;26;Pernambuco;2605;VALE DO S.FRANCISCO E ARARIPE;26007;IX REGIAO DE SAUDE;260730;Ipubi;29.009;IX REGIAO DE SAUDE
2;Nordeste;26;Pernambuco;2605;VALE DO S.FRANCISCO E ARARIPE;26007;IX REGIAO DE SAUDE;261040;Parnamirim;18.612;IX REGIAO DE SAUDE
2;Nordeste;26;Pernambuco;2605;VALE DO S.FRANCISCO E ARARIPE;26007;IX REGIAO DE SAUDE;261245;Santa Cruz;13.841;IX REGIAO DE SAUDE
2;Nordeste;26;Pernambuco;2605;VALE DO S.FRANCISCO E ARARIPE;26007;IX REGIAO DE SAUDE;261255;Santa Filomena;12.106;IX REGIAO DE SAUDE
2;Nordeste;26;Pernambuco;2605;VALE DO S.FRANCISCO E ARARIPE;26007;IX REGIAO DE SAUDE;261430;Moreilandia;10.540;IX REGIAO DE SAUDE
2;Nordeste;26;Pernambuco;2605;VALE DO S.FRANCISCO E ARARIPE;26007;IX REGIAO DE SAUDE;260630;Granito;6.967;IX REGIAO DE SAUDE
2;Nordeste;26;Pernambuco;2607;METROPOLITANA;26008;III REGIAO DE SAUDE;260520;Escada;59.872;III REGIAO DE SAUDE
2;Nordeste;26;Pernambuco;2607;METROPOLITANA;26008;III REGIAO DE SAUDE;261000;Palmares;54.584;III REGIAO DE SAUDE
2;Nordeste;26;Pernambuco;2607;METROPOLITANA;26008;III REGIAO DE SAUDE;260140;Barreiros;40.121;III REGIAO DE SAUDE
2;Nordeste;26;Pernambuco;2607;METROPOLITANA;26008;III REGIAO DE SAUDE;261420;Sirinhaem;37.596;III REGIAO DE SAUDE
2;Nordeste;26;Pernambuco;2607;METROPOLITANA;26008;III REGIAO DE SAUDE;261180;Ribeirao;33.507;III REGIAO DE SAUDE
2;Nordeste;26;Pernambuco;2607;METROPOLITANA;26008;III REGIAO DE SAUDE;260420;Catende;32.156;III REGIAO DE SAUDE
2;Nordeste;26;Pernambuco;2607;METROPOLITANA;26008;III REGIAO DE SAUDE;260040;Agua Preta;26.461;III REGIAO DE SAUDE
2;Nordeste;26;Pernambuco;2607;METROPOLITANA;26008;III REGIAO DE SAUDE;261485;Tamandare;23.561;III REGIAO DE SAUDE
2;Nordeste;26;Pernambuco;2607;METROPOLITANA;26008;III REGIAO DE SAUDE;261190;Rio Formoso;20.009;III REGIAO DE SAUDE
2;Nordeste;26;Pernambuco;2607;METROPOLITANA;26008;III REGIAO DE SAUDE;261340;Sao Jose da Coroa Grande;18.825;III REGIAO DE SAUDE
2;Nordeste;26;Pernambuco;2607;METROPOLITANA;26008;III REGIAO DE SAUDE;260590;Gameleira;18.214;III REGIAO DE SAUDE
2;Nordeste;26;Pernambuco;2607;METROPOLITANA;26008;III REGIAO DE SAUDE;260090;Amaraji;18.205;III REGIAO DE SAUDE
2;Nordeste;26;Pernambuco;2607;METROPOLITANA;26008;III REGIAO DE SAUDE;261150;Quipapa;17.928;III REGIAO DE SAUDE
2;Nordeste;26;Pernambuco;2607;METROPOLITANA;26008;III REGIAO DE SAUDE;260870;Lagoa dos Gatos;14.076;III REGIAO DE SAUDE
2;Nordeste;26;Pernambuco;2607;METROPOLITANA;26008;III REGIAO DE SAUDE;261140;Primavera;13.857;III REGIAO DE SAUDE
2;Nordeste;26;Pernambuco;2607;METROPOLITANA;26008;III REGIAO DE SAUDE;260820;Joaquim Nabuco;13.269;III REGIAO DE SAUDE
2;Nordeste;26;Pernambuco;2607;METROPOLITANA;26008;III REGIAO DE SAUDE;261290;Sao Benedito do Sul;13.113;III REGIAO DE SAUDE
2;Nordeste;26;Pernambuco;2607;METROPOLITANA;26008;III REGIAO DE SAUDE;261650;Xexeu;11.611;III REGIAO DE SAUDE
2;Nordeste;26;Pernambuco;2607;METROPOLITANA;26008;III REGIAO DE SAUDE;260150;Belem de Maria;10.561;III REGIAO DE SAUDE
2;Nordeste;26;Pernambuco;2607;METROPOLITANA;26008;III REGIAO DE SAUDE;260480;Cortes;10.356;III REGIAO DE SAUDE
2;Nordeste;26;Pernambuco;2607;METROPOLITANA;26008;III REGIAO DE SAUDE;260795;Jaqueira;10.247;III REGIAO DE SAUDE
2;Nordeste;26;Pernambuco;2607;METROPOLITANA;26008;III REGIAO DE SAUDE;260920;Maraial;9.359;III REGIAO DE SAUDE
2;Nordeste;26;Pernambuco;2605;VALE DO S.FRANCISCO E ARARIPE;26009;VIII REGIAO DE SAUDE;261110;Petrolina;386.791;VIII REGIAO DE SAUDE
2;Nordeste;26;Pernambuco;2605;VALE DO S.FRANCISCO E ARARIPE;26009;VIII REGIAO DE SAUDE;261260;Santa Maria da Boa Vista;40.578;VIII REGIAO DE SAUDE
2;Nordeste;26;Pernambuco;2605;VALE DO S.FRANCISCO E ARARIPE;26009;VIII REGIAO DE SAUDE;260300;Cabrobo;30.294;VIII REGIAO DE SAUDE
2;Nordeste;26;Pernambuco;2605;VALE DO S.FRANCISCO E ARARIPE;26009;VIII REGIAO DE SAUDE;260875;Lagoa Grande;24.088;VIII REGIAO DE SAUDE
2;Nordeste;26;Pernambuco;2605;VALE DO S.FRANCISCO E ARARIPE;26009;VIII REGIAO DE SAUDE;260020;Afranio;18.674;VIII REGIAO DE SAUDE
2;Nordeste;26;Pernambuco;2605;VALE DO S.FRANCISCO E ARARIPE;26009;VIII REGIAO DE SAUDE;260515;Dormentes;17.188;VIII REGIAO DE SAUDE
2;Nordeste;26;Pernambuco;2605;VALE DO S.FRANCISCO E ARARIPE;26009;VIII REGIAO DE SAUDE;260980;Oroco;13.613;VIII REGIAO DE SAUDE
2;Nordeste;26;Pernambuco;2607;METROPOLITANA;26010;I REGIAO DE SAUDE;261160;Recife;1.488.920;I REGIAO DE SAUDE
2;Nordeste;26;Pernambuco;2607;METROPOLITANA;26010;I REGIAO DE SAUDE;260790;Jaboatao dos Guararapes;644.037;I REGIAO DE SAUDE
2;Nordeste;26;Pernambuco;2607;METROPOLITANA;26010;I REGIAO DE SAUDE;260960;Olinda;349.976;I REGIAO DE SAUDE
2;Nordeste;26;Pernambuco;2607;METROPOLITANA;26010;I REGIAO DE SAUDE;261070;Paulista;342.167;I REGIAO DE SAUDE
2;Nordeste;26;Pernambuco;2607;METROPOLITANA;26010;I REGIAO DE SAUDE;260290;Cabo de Santo Agostinho;203.440;I REGIAO DE SAUDE
2;Nordeste;26;Pernambuco;2607;METROPOLITANA;26010;I REGIAO DE SAUDE;260345;Camaragibe;147.771;I REGIAO DE SAUDE
2;Nordeste;26;Pernambuco;2607;METROPOLITANA;26010;I REGIAO DE SAUDE;261640;Vitoria de Santo Antao;134.084;I REGIAO DE SAUDE
2;Nordeste;26;Pernambuco;2607;METROPOLITANA;26010;I REGIAO DE SAUDE;260680;Igarassu;115.196;I REGIAO DE SAUDE
2;Nordeste;26;Pernambuco;2607;METROPOLITANA;26010;I REGIAO DE SAUDE;261370;Sao Lourenco da Mata;111.249;I REGIAO DE SAUDE
2;Nordeste;26;Pernambuco;2607;METROPOLITANA;26010;I REGIAO DE SAUDE;260720;Ipojuca;98.932;I REGIAO DE SAUDE
2;Nordeste;26;Pernambuco;2607;METROPOLITANA;26010;I REGIAO DE SAUDE;260005;Abreu e Lima;98.462;I REGIAO DE SAUDE
2;Nordeste;26;Pernambuco;2607;METROPOLITANA;26010;I REGIAO DE SAUDE;260940;Moreno;55.292;I REGIAO DE SAUDE
2;Nordeste;26;Pernambuco;2607;METROPOLITANA;26010;I REGIAO DE SAUDE;260610;Gloria do Goita;28.916;I REGIAO DE SAUDE
2;Nordeste;26;Pernambuco;2607;METROPOLITANA;26010;I REGIAO DE SAUDE;260775;Itapissuma;27.749;I REGIAO DE SAUDE
2;Nordeste;26;Pernambuco;2607;METROPOLITANA;26010;I REGIAO DE SAUDE;261130;Pombos;27.552;I REGIAO DE SAUDE
2;Nordeste;26;Pernambuco;2607;METROPOLITANA;26010;I REGIAO DE SAUDE;260760;Ilha de Itamaraca;24.540;I REGIAO DE SAUDE
2;Nordeste;26;Pernambuco;2607;METROPOLITANA;26010;I REGIAO DE SAUDE;260450;Cha Grande;20.546;I REGIAO DE SAUDE
2;Nordeste;26;Pernambuco;2607;METROPOLITANA;26010;I REGIAO DE SAUDE;260105;Aracoiaba;19.243;I REGIAO DE SAUDE
2;Nordeste;26;Pernambuco;2607;METROPOLITANA;26010;I REGIAO DE SAUDE;260440;Cha de Alegria;12.984;I REGIAO DE SAUDE
2;Nordeste;26;Pernambuco;2607;METROPOLITANA;26010;I REGIAO DE SAUDE;260545;Fernando de Noronha;3.167;I REGIAO DE SAUDE
2;Nordeste;26;Pernambuco;2605;VALE DO S.FRANCISCO E ARARIPE;26011;VII REGIAO DE SAUDE;261220;Salgueiro;62.372;VII REGIAO DE SAUDE
2;Nordeste;26;Pernambuco;2605;VALE DO S.FRANCISCO E ARARIPE;26011;VII REGIAO DE SAUDE;260160;Belem do Sao Francisco;18.301;VII REGIAO DE SAUDE
2;Nordeste;26;Pernambuco;2605;VALE DO S.FRANCISCO E ARARIPE;26011;VII REGIAO DE SAUDE;261400;Serrita;18.207;VII REGIAO DE SAUDE
2;Nordeste;26;Pernambuco;2605;VALE DO S.FRANCISCO E ARARIPE;26011;VII REGIAO DE SAUDE;260930;Mirandiba;14.166;VII REGIAO DE SAUDE
2;Nordeste;26;Pernambuco;2605;VALE DO S.FRANCISCO E ARARIPE;26011;VII REGIAO DE SAUDE;260430;Cedro;10.518;VII REGIAO DE SAUDE
2;Nordeste;26;Pernambuco;2605;VALE DO S.FRANCISCO E ARARIPE;26011;VII REGIAO DE SAUDE;261610;Verdejante;9.169;VII REGIAO DE SAUDE
2;Nordeste;26;Pernambuco;2605;VALE DO S.FRANCISCO E ARARIPE;26011;VII REGIAO DE SAUDE;261520;Terra Nova;8.920;VII REGIAO DE SAUDE
2;Nordeste;26;Pernambuco;2606;SERTAO;26012;XI REGIAO DE SAUDE;261390;Serra Talhada;92.228;XI REGIAO DE SAUDE
2;Nordeste;26;Pernambuco;2606;SERTAO;26012;XI REGIAO DE SAUDE;261350;Sao Jose do Belmonte;34.843;XI REGIAO DE SAUDE
2;Nordeste;26;Pernambuco;2606;SERTAO;26012;XI REGIAO DE SAUDE;260570;Floresta;30.069;XI REGIAO DE SAUDE
2;Nordeste;26;Pernambuco;2606;SERTAO;26012;XI REGIAO DE SAUDE;260560;Flores;20.347;XI REGIAO DE SAUDE
2;Nordeste;26;Pernambuco;2606;SERTAO;26012;XI REGIAO DE SAUDE;261570;Triunfo;14.705;XI REGIAO DE SAUDE
2;Nordeste;26;Pernambuco;2606;SERTAO;26012;XI REGIAO DE SAUDE;260392;Carnaubeira da Penha;12.239;XI REGIAO DE SAUDE
2;Nordeste;26;Pernambuco;2606;SERTAO;26012;XI REGIAO DE SAUDE;260180;Betania;11.649;XI REGIAO DE SAUDE
2;Nordeste;26;Pernambuco;2606;SERTAO;26012;XI REGIAO DE SAUDE;261247;Santa Cruz da Baixa Verde;11.567;XI REGIAO DE SAUDE
2;Nordeste;26;Pernambuco;2606;SERTAO;26012;XI REGIAO DE SAUDE;260340;Calumbi;5.228;XI REGIAO DE SAUDE
2;Nordeste;26;Pernambuco;2606;SERTAO;26012;XI REGIAO DE SAUDE;260740;Itacuruba;4.352;XI REGIAO DE SAUDE
2;Nordeste;27;Alagoas;2704;1a MACRORREGIAO DE SAUDE;27001;1a REGIAO DE SAUDE;270430;Maceio;957.916;1a REGIAO DE SAUDE
2;Nordeste;27;Alagoas;2704;1a MACRORREGIAO DE SAUDE;27001;1a REGIAO DE SAUDE;270770;Rio Largo;93.927;1a REGIAO DE SAUDE
2;Nordeste;27;Alagoas;2704;1a MACRORREGIAO DE SAUDE;27001;1a REGIAO DE SAUDE;270470;Marechal Deodoro;60.370;1a REGIAO DE SAUDE
2;Nordeste;27;Alagoas;2704;1a MACRORREGIAO DE SAUDE;27001;1a REGIAO DE SAUDE;270690;Pilar;35.370;1a REGIAO DE SAUDE
2;Nordeste;27;Alagoas;2704;1a MACRORREGIAO DE SAUDE;27001;1a REGIAO DE SAUDE;270890;Satuba;24.278;1a REGIAO DE SAUDE
2;Nordeste;27;Alagoas;2704;1a MACRORREGIAO DE SAUDE;27001;1a REGIAO DE SAUDE;270050;Barra de Santo Antonio;16.365;1a REGIAO DE SAUDE
2;Nordeste;27;Alagoas;2704;1a MACRORREGIAO DE SAUDE;27001;1a REGIAO DE SAUDE;270520;Messias;15.405;1a REGIAO DE SAUDE
2;Nordeste;27;Alagoas;2704;1a MACRORREGIAO DE SAUDE;27001;1a REGIAO DE SAUDE;270644;Paripueira;13.835;1a REGIAO DE SAUDE
2;Nordeste;27;Alagoas;2704;1a MACRORREGIAO DE SAUDE;27001;1a REGIAO DE SAUDE;270280;Flexeiras;9.618;1a REGIAO DE SAUDE
2;Nordeste;27;Alagoas;2704;1a MACRORREGIAO DE SAUDE;27001;1a REGIAO DE SAUDE;270060;Barra de Sao Miguel;7.944;1a REGIAO DE SAUDE
2;Nordeste;27;Alagoas;2704;1a MACRORREGIAO DE SAUDE;27001;1a REGIAO DE SAUDE;270790;Santa Luzia do Norte;6.919;1a REGIAO DE SAUDE
2;Nordeste;27;Alagoas;2704;1a MACRORREGIAO DE SAUDE;27001;1a REGIAO DE SAUDE;270220;Coqueiro Seco;5.581;1a REGIAO DE SAUDE
2;Nordeste;27;Alagoas;2704;1a MACRORREGIAO DE SAUDE;27002;2a REGIAO DE SAUDE;270450;Maragogi;32.174;2a REGIAO DE SAUDE
2;Nordeste;27;Alagoas;2704;1a MACRORREGIAO DE SAUDE;27002;2a REGIAO DE SAUDE;270850;Sao Luis do Quitunde;30.873;2a REGIAO DE SAUDE
2;Nordeste;27;Alagoas;2704;1a MACRORREGIAO DE SAUDE;27002;2a REGIAO DE SAUDE;270730;Porto Calvo;24.071;2a REGIAO DE SAUDE
2;Nordeste;27;Alagoas;2704;1a MACRORREGIAO DE SAUDE;27002;2a REGIAO DE SAUDE;270510;Matriz de Camaragibe;23.857;2a REGIAO DE SAUDE
2;Nordeste;27;Alagoas;2704;1a MACRORREGIAO DE SAUDE;27002;2a REGIAO DE SAUDE;270650;Passo de Camaragibe;13.804;2a REGIAO DE SAUDE
2;Nordeste;27;Alagoas;2704;1a MACRORREGIAO DE SAUDE;27002;2a REGIAO DE SAUDE;270740;Porto de Pedras;9.295;2a REGIAO DE SAUDE
2;Nordeste;27;Alagoas;2704;1a MACRORREGIAO DE SAUDE;27002;2a REGIAO DE SAUDE;270360;Japaratinga;9.219;2a REGIAO DE SAUDE
2;Nordeste;27;Alagoas;2704;1a MACRORREGIAO DE SAUDE;27002;2a REGIAO DE SAUDE;270870;Sao Miguel dos Milagres;8.482;2a REGIAO DE SAUDE
2;Nordeste;27;Alagoas;2704;1a MACRORREGIAO DE SAUDE;27002;2a REGIAO DE SAUDE;270350;Jacuipe;5.352;2a REGIAO DE SAUDE
2;Nordeste;27;Alagoas;2704;1a MACRORREGIAO DE SAUDE;27003;3a REGIAO DE SAUDE;270930;Uniao dos Palmares;59.280;3a REGIAO DE SAUDE
2;Nordeste;27;Alagoas;2704;1a MACRORREGIAO DE SAUDE;27003;3a REGIAO DE SAUDE;270550;Murici;25.187;3a REGIAO DE SAUDE
2;Nordeste;27;Alagoas;2704;1a MACRORREGIAO DE SAUDE;27003;3a REGIAO DE SAUDE;270830;Sao Jose da Laje;20.813;3a REGIAO DE SAUDE
2;Nordeste;27;Alagoas;2704;1a MACRORREGIAO DE SAUDE;27003;3a REGIAO DE SAUDE;270380;Joaquim Gomes;17.150;3a REGIAO DE SAUDE
2;Nordeste;27;Alagoas;2704;1a MACRORREGIAO DE SAUDE;27003;3a REGIAO DE SAUDE;270210;Colonia Leopoldina;15.717;3a REGIAO DE SAUDE
2;Nordeste;27;Alagoas;2704;1a MACRORREGIAO DE SAUDE;27003;3a REGIAO DE SAUDE;270300;Ibateguara;13.731;3a REGIAO DE SAUDE
2;Nordeste;27;Alagoas;2704;1a MACRORREGIAO DE SAUDE;27003;3a REGIAO DE SAUDE;270810;Santana do Mundau;11.323;3a REGIAO DE SAUDE
2;Nordeste;27;Alagoas;2704;1a MACRORREGIAO DE SAUDE;27003;3a REGIAO DE SAUDE;270560;Novo Lino;10.119;3a REGIAO DE SAUDE
2;Nordeste;27;Alagoas;2704;1a MACRORREGIAO DE SAUDE;27003;3a REGIAO DE SAUDE;270110;Branquinha;9.603;3a REGIAO DE SAUDE
2;Nordeste;27;Alagoas;2704;1a MACRORREGIAO DE SAUDE;27003;3a REGIAO DE SAUDE;270135;Campestre;6.665;3a REGIAO DE SAUDE
2;Nordeste;27;Alagoas;2704;1a MACRORREGIAO DE SAUDE;27003;3a REGIAO DE SAUDE;270390;Jundia;4.092;3a REGIAO DE SAUDE
2;Nordeste;27;Alagoas;2704;1a MACRORREGIAO DE SAUDE;27004;4a REGIAO DE SAUDE;270040;Atalaia;37.512;4a REGIAO DE SAUDE
2;Nordeste;27;Alagoas;2704;1a MACRORREGIAO DE SAUDE;27004;4a REGIAO DE SAUDE;270940;Vicosa;23.972;4a REGIAO DE SAUDE
2;Nordeste;27;Alagoas;2704;1a MACRORREGIAO DE SAUDE;27004;4a REGIAO DE SAUDE;270130;Cajueiro;16.359;4a REGIAO DE SAUDE
2;Nordeste;27;Alagoas;2704;1a MACRORREGIAO DE SAUDE;27004;4a REGIAO DE SAUDE;270170;Capela;14.817;4a REGIAO DE SAUDE
2;Nordeste;27;Alagoas;2704;1a MACRORREGIAO DE SAUDE;27004;4a REGIAO DE SAUDE;270760;Quebrangulo;11.080;4a REGIAO DE SAUDE
2;Nordeste;27;Alagoas;2704;1a MACRORREGIAO DE SAUDE;27004;4a REGIAO DE SAUDE;270660;Paulo Jacinto;6.576;4a REGIAO DE SAUDE
2;Nordeste;27;Alagoas;2704;1a MACRORREGIAO DE SAUDE;27004;4a REGIAO DE SAUDE;270190;Cha Preta;5.910;4a REGIAO DE SAUDE
2;Nordeste;27;Alagoas;2704;1a MACRORREGIAO DE SAUDE;27004;4a REGIAO DE SAUDE;270490;Mar Vermelho;3.155;4a REGIAO DE SAUDE
2;Nordeste;27;Alagoas;2704;1a MACRORREGIAO DE SAUDE;27004;4a REGIAO DE SAUDE;270700;Pindoba;2.731;4a REGIAO DE SAUDE
2;Nordeste;27;Alagoas;2704;1a MACRORREGIAO DE SAUDE;27005;5a REGIAO DE SAUDE;270860;Sao Miguel dos Campos;51.990;5a REGIAO DE SAUDE
2;Nordeste;27;Alagoas;2704;1a MACRORREGIAO DE SAUDE;27005;5a REGIAO DE SAUDE;270915;Teotonio Vilela;38.053;5a REGIAO DE SAUDE
2;Nordeste;27;Alagoas;2704;1a MACRORREGIAO DE SAUDE;27005;5a REGIAO DE SAUDE;270140;Campo Alegre;32.106;5a REGIAO DE SAUDE
2;Nordeste;27;Alagoas;2704;1a MACRORREGIAO DE SAUDE;27005;5a REGIAO DE SAUDE;270400;Junqueiro;23.907;5a REGIAO DE SAUDE
2;Nordeste;27;Alagoas;2704;1a MACRORREGIAO DE SAUDE;27005;5a REGIAO DE SAUDE;270100;Boca da Mata;21.187;5a REGIAO DE SAUDE
2;Nordeste;27;Alagoas;2704;1a MACRORREGIAO DE SAUDE;27005;5a REGIAO DE SAUDE;270020;Anadia;13.966;5a REGIAO DE SAUDE
2;Nordeste;27;Alagoas;2704;1a MACRORREGIAO DE SAUDE;27005;5a REGIAO DE SAUDE;270780;Roteiro;6.474;5a REGIAO DE SAUDE
2;Nordeste;27;Alagoas;2704;1a MACRORREGIAO DE SAUDE;27006;6a REGIAO DE SAUDE;270670;Penedo;58.593;6a REGIAO DE SAUDE
2;Nordeste;27;Alagoas;2704;1a MACRORREGIAO DE SAUDE;27006;6a REGIAO DE SAUDE;270230;Coruripe;50.414;6a REGIAO DE SAUDE
2;Nordeste;27;Alagoas;2704;1a MACRORREGIAO DE SAUDE;27006;6a REGIAO DE SAUDE;270320;Igreja Nova;21.721;6a REGIAO DE SAUDE
2;Nordeste;27;Alagoas;2704;1a MACRORREGIAO DE SAUDE;27006;6a REGIAO DE SAUDE;270750;Porto Real do Colegio;19.846;6a REGIAO DE SAUDE
2;Nordeste;27;Alagoas;2704;1a MACRORREGIAO DE SAUDE;27006;6a REGIAO DE SAUDE;270680;Piacabucu;15.908;6a REGIAO DE SAUDE
2;Nordeste;27;Alagoas;2704;1a MACRORREGIAO DE SAUDE;27006;6a REGIAO DE SAUDE;270375;Jequia da Praia;9.470;6a REGIAO DE SAUDE
2;Nordeste;27;Alagoas;2704;1a MACRORREGIAO DE SAUDE;27006;6a REGIAO DE SAUDE;270820;Sao Bras;6.425;6a REGIAO DE SAUDE
2;Nordeste;27;Alagoas;2704;1a MACRORREGIAO DE SAUDE;27006;6a REGIAO DE SAUDE;270270;Feliz Deserto;3.963;6a REGIAO DE SAUDE
2;Nordeste;27;Alagoas;2703;2a MACRORREGIAO DE SAUDE;27007;7a REGIAO DE SAUDE;270030;Arapiraca;234.696;7a REGIAO DE SAUDE
2;Nordeste;27;Alagoas;2703;2a MACRORREGIAO DE SAUDE;27007;7a REGIAO DE SAUDE;270290;Girau do Ponciano;36.238;7a REGIAO DE SAUDE
2;Nordeste;27;Alagoas;2703;2a MACRORREGIAO DE SAUDE;27007;7a REGIAO DE SAUDE;270880;Sao Sebastiao;31.730;7a REGIAO DE SAUDE
2;Nordeste;27;Alagoas;2703;2a MACRORREGIAO DE SAUDE;27007;7a REGIAO DE SAUDE;270420;Limoeiro de Anadia;24.740;7a REGIAO DE SAUDE
2;Nordeste;27;Alagoas;2703;2a MACRORREGIAO DE SAUDE;27007;7a REGIAO DE SAUDE;270235;Craibas;24.686;7a REGIAO DE SAUDE
2;Nordeste;27;Alagoas;2703;2a MACRORREGIAO DE SAUDE;27007;7a REGIAO DE SAUDE;270920;Traipu;23.695;7a REGIAO DE SAUDE
2;Nordeste;27;Alagoas;2703;2a MACRORREGIAO DE SAUDE;27007;7a REGIAO DE SAUDE;270260;Feira Grande;22.712;7a REGIAO DE SAUDE
2;Nordeste;27;Alagoas;2703;2a MACRORREGIAO DE SAUDE;27007;7a REGIAO DE SAUDE;270910;Taquarana;19.032;7a REGIAO DE SAUDE
2;Nordeste;27;Alagoas;2703;2a MACRORREGIAO DE SAUDE;27007;7a REGIAO DE SAUDE;270410;Lagoa da Canoa;18.457;7a REGIAO DE SAUDE
2;Nordeste;27;Alagoas;2703;2a MACRORREGIAO DE SAUDE;27007;7a REGIAO DE SAUDE;270440;Major Isidoro;17.503;7a REGIAO DE SAUDE
2;Nordeste;27;Alagoas;2703;2a MACRORREGIAO DE SAUDE;27007;7a REGIAO DE SAUDE;270070;Batalha;16.774;7a REGIAO DE SAUDE
2;Nordeste;27;Alagoas;2703;2a MACRORREGIAO DE SAUDE;27007;7a REGIAO DE SAUDE;270200;Coite do Noia;10.810;7a REGIAO DE SAUDE
2;Nordeste;27;Alagoas;2703;2a MACRORREGIAO DE SAUDE;27007;7a REGIAO DE SAUDE;270150;Campo Grande;8.143;7a REGIAO DE SAUDE
2;Nordeste;27;Alagoas;2703;2a MACRORREGIAO DE SAUDE;27007;7a REGIAO DE SAUDE;270090;Belo Monte;5.787;7a REGIAO DE SAUDE
2;Nordeste;27;Alagoas;2703;2a MACRORREGIAO DE SAUDE;27007;7a REGIAO DE SAUDE;270340;Jacare dos Homens;5.083;7a REGIAO DE SAUDE
2;Nordeste;27;Alagoas;2703;2a MACRORREGIAO DE SAUDE;27007;7a REGIAO DE SAUDE;270370;Jaramataia;4.985;7a REGIAO DE SAUDE
2;Nordeste;27;Alagoas;2703;2a MACRORREGIAO DE SAUDE;27007;7a REGIAO DE SAUDE;270590;Olho d'Agua Grande;4.306;7a REGIAO DE SAUDE
2;Nordeste;27;Alagoas;2703;2a MACRORREGIAO DE SAUDE;27008;8a REGIAO DE SAUDE;270630;Palmeira dos Indios;71.574;8a REGIAO DE SAUDE
2;Nordeste;27;Alagoas;2703;2a MACRORREGIAO DE SAUDE;27008;8a REGIAO DE SAUDE;270310;Igaci;24.594;8a REGIAO DE SAUDE
2;Nordeste;27;Alagoas;2703;2a MACRORREGIAO DE SAUDE;27008;8a REGIAO DE SAUDE;270255;Estrela de Alagoas;15.429;8a REGIAO DE SAUDE
2;Nordeste;27;Alagoas;2703;2a MACRORREGIAO DE SAUDE;27008;8a REGIAO DE SAUDE;270480;Maribondo;13.679;8a REGIAO DE SAUDE
2;Nordeste;27;Alagoas;2703;2a MACRORREGIAO DE SAUDE;27008;8a REGIAO DE SAUDE;270120;Cacimbinhas;10.477;8a REGIAO DE SAUDE
2;Nordeste;27;Alagoas;2703;2a MACRORREGIAO DE SAUDE;27008;8a REGIAO DE SAUDE;270900;Tanque d'Arca;5.796;8a REGIAO DE SAUDE
2;Nordeste;27;Alagoas;2703;2a MACRORREGIAO DE SAUDE;27008;8a REGIAO DE SAUDE;270530;Minador do Negrao;4.845;8a REGIAO DE SAUDE
2;Nordeste;27;Alagoas;2703;2a MACRORREGIAO DE SAUDE;27008;8a REGIAO DE SAUDE;270080;Belem;4.722;8a REGIAO DE SAUDE
2;Nordeste;27;Alagoas;2703;2a MACRORREGIAO DE SAUDE;27009;9a REGIAO DE SAUDE;270800;Santana do Ipanema;46.087;9a REGIAO DE SAUDE
2;Nordeste;27;Alagoas;2703;2a MACRORREGIAO DE SAUDE;27009;9a REGIAO DE SAUDE;270840;Sao Jose da Tapera;30.604;9a REGIAO DE SAUDE
2;Nordeste;27;Alagoas;2703;2a MACRORREGIAO DE SAUDE;27009;9a REGIAO DE SAUDE;270640;Pao de Acucar;23.823;9a REGIAO DE SAUDE
2;Nordeste;27;Alagoas;2703;2a MACRORREGIAO DE SAUDE;27009;9a REGIAO DE SAUDE;270570;Olho d'Agua das Flores;20.715;9a REGIAO DE SAUDE
2;Nordeste;27;Alagoas;2703;2a MACRORREGIAO DE SAUDE;27009;9a REGIAO DE SAUDE;270160;Canapi;15.376;9a REGIAO DE SAUDE
2;Nordeste;27;Alagoas;2703;2a MACRORREGIAO DE SAUDE;27009;9a REGIAO DE SAUDE;270720;Poco das Trincheiras;12.728;9a REGIAO DE SAUDE
2;Nordeste;27;Alagoas;2703;2a MACRORREGIAO DE SAUDE;27009;9a REGIAO DE SAUDE;270895;Senador Rui Palmeira;12.303;9a REGIAO DE SAUDE
2;Nordeste;27;Alagoas;2703;2a MACRORREGIAO DE SAUDE;27009;9a REGIAO DE SAUDE;270610;Ouro Branco;11.446;9a REGIAO DE SAUDE
2;Nordeste;27;Alagoas;2703;2a MACRORREGIAO DE SAUDE;27009;9a REGIAO DE SAUDE;270600;Olivenca;10.824;9a REGIAO DE SAUDE
2;Nordeste;27;Alagoas;2703;2a MACRORREGIAO DE SAUDE;27009;9a REGIAO DE SAUDE;270250;Dois Riachos;9.721;9a REGIAO DE SAUDE
2;Nordeste;27;Alagoas;2703;2a MACRORREGIAO DE SAUDE;27009;9a REGIAO DE SAUDE;270460;Maravilha;9.534;9a REGIAO DE SAUDE
2;Nordeste;27;Alagoas;2703;2a MACRORREGIAO DE SAUDE;27009;9a REGIAO DE SAUDE;270180;Carneiros;8.999;9a REGIAO DE SAUDE
2;Nordeste;27;Alagoas;2703;2a MACRORREGIAO DE SAUDE;27009;9a REGIAO DE SAUDE;270540;Monteiropolis;7.184;9a REGIAO DE SAUDE
2;Nordeste;27;Alagoas;2703;2a MACRORREGIAO DE SAUDE;27009;9a REGIAO DE SAUDE;270620;Palestina;4.325;9a REGIAO DE SAUDE
2;Nordeste;27;Alagoas;2703;2a MACRORREGIAO DE SAUDE;27010;10a REGIAO DE SAUDE;270240;Delmiro Gouveia;51.318;10a REGIAO DE SAUDE
2;Nordeste;27;Alagoas;2703;2a MACRORREGIAO DE SAUDE;27010;10a REGIAO DE SAUDE;270710;Piranhas;22.609;10a REGIAO DE SAUDE
2;Nordeste;27;Alagoas;2703;2a MACRORREGIAO DE SAUDE;27010;10a REGIAO DE SAUDE;270500;Mata Grande;21.861;10a REGIAO DE SAUDE
2;Nordeste;27;Alagoas;2703;2a MACRORREGIAO DE SAUDE;27010;10a REGIAO DE SAUDE;270010;Agua Branca;19.174;10a REGIAO DE SAUDE
2;Nordeste;27;Alagoas;2703;2a MACRORREGIAO DE SAUDE;27010;10a REGIAO DE SAUDE;270330;Inhapi;15.167;10a REGIAO DE SAUDE
2;Nordeste;27;Alagoas;2703;2a MACRORREGIAO DE SAUDE;27010;10a REGIAO DE SAUDE;270642;Pariconha;10.573;10a REGIAO DE SAUDE
2;Nordeste;27;Alagoas;2703;2a MACRORREGIAO DE SAUDE;27010;10a REGIAO DE SAUDE;270580;Olho d'Agua do Casado;8.349;10a REGIAO DE SAUDE
2;Nordeste;28;Sergipe;2801;MACRO UNICA;28001;ARACAJU;280030;Aracaju;602.757;ARACAJU
2;Nordeste;28;Sergipe;2801;MACRO UNICA;28001;ARACAJU;280670;Sao Cristovao;95.612;ARACAJU
2;Nordeste;28;Sergipe;2801;MACRO UNICA;28001;ARACAJU;280060;Barra dos Coqueiros;41.511;ARACAJU
2;Nordeste;28;Sergipe;2801;MACRO UNICA;28001;ARACAJU;280320;Itaporanga d'Ajuda;34.411;ARACAJU
2;Nordeste;28;Sergipe;2801;MACRO UNICA;28001;ARACAJU;280360;Laranjeiras;23.975;ARACAJU
2;Nordeste;28;Sergipe;2801;MACRO UNICA;28001;ARACAJU;280590;Riachuelo;8.748;ARACAJU
2;Nordeste;28;Sergipe;2801;MACRO UNICA;28001;ARACAJU;280200;Divina Pastora;4.340;ARACAJU
2;Nordeste;28;Sergipe;2801;MACRO UNICA;28001;ARACAJU;280650;Santa Rosa de Lima;3.937;ARACAJU
2;Nordeste;28;Sergipe;2801;MACRO UNICA;28002;ESTANCIA;280210;Estancia;65.078;ESTANCIA
2;Nordeste;28;Sergipe;2801;MACRO UNICA;28002;ESTANCIA;280300;Itabaianinha;40.678;ESTANCIA
2;Nordeste;28;Sergipe;2801;MACRO UNICA;28002;ESTANCIA;280067;Boquim;24.636;ESTANCIA
2;Nordeste;28;Sergipe;2801;MACRO UNICA;28002;ESTANCIA;280760;Umbauba;23.917;ESTANCIA
2;Nordeste;28;Sergipe;2801;MACRO UNICA;28002;ESTANCIA;280170;Cristinapolis;17.100;ESTANCIA
2;Nordeste;28;Sergipe;2801;MACRO UNICA;28002;ESTANCIA;280280;Indiaroba;16.549;ESTANCIA
2;Nordeste;28;Sergipe;2801;MACRO UNICA;28002;ESTANCIA;280630;Santa Luzia do Itanhy;13.616;ESTANCIA
2;Nordeste;28;Sergipe;2801;MACRO UNICA;28002;ESTANCIA;280750;Tomar do Geru;12.012;ESTANCIA
2;Nordeste;28;Sergipe;2801;MACRO UNICA;28002;ESTANCIA;280040;Araua;10.318;ESTANCIA
2;Nordeste;28;Sergipe;2801;MACRO UNICA;28002;ESTANCIA;280510;Pedrinhas;7.396;ESTANCIA
2;Nordeste;28;Sergipe;2801;MACRO UNICA;28003;ITABAIANA;280290;Itabaiana;103.440;ITABAIANA
2;Nordeste;28;Sergipe;2801;MACRO UNICA;28003;ITABAIANA;280140;Carira;19.939;ITABAIANA
2;Nordeste;28;Sergipe;2801;MACRO UNICA;28003;ITABAIANA;280100;Campo do Brito;18.149;ITABAIANA
2;Nordeste;28;Sergipe;2801;MACRO UNICA;28003;ITABAIANA;280050;Areia Branca;18.081;ITABAIANA
2;Nordeste;28;Sergipe;2801;MACRO UNICA;28003;ITABAIANA;280600;Ribeiropolis;17.033;ITABAIANA
2;Nordeste;28;Sergipe;2801;MACRO UNICA;28003;ITABAIANA;280230;Frei Paulo;14.530;ITABAIANA
2;Nordeste;28;Sergipe;2801;MACRO UNICA;28003;ITABAIANA;280390;Malhador;11.533;ITABAIANA
2;Nordeste;28;Sergipe;2801;MACRO UNICA;28003;ITABAIANA;280410;Moita Bonita;11.050;ITABAIANA
2;Nordeste;28;Sergipe;2801;MACRO UNICA;28003;ITABAIANA;280680;Sao Domingos;10.327;ITABAIANA
2;Nordeste;28;Sergipe;2801;MACRO UNICA;28003;ITABAIANA;280445;Nossa Senhora Aparecida;9.232;ITABAIANA
2;Nordeste;28;Sergipe;2801;MACRO UNICA;28003;ITABAIANA;280370;Macambira;6.838;ITABAIANA
2;Nordeste;28;Sergipe;2801;MACRO UNICA;28003;ITABAIANA;280520;Pinhao;5.677;ITABAIANA
2;Nordeste;28;Sergipe;2801;MACRO UNICA;28003;ITABAIANA;280700;Sao Miguel do Aleixo;3.434;ITABAIANA
2;Nordeste;28;Sergipe;2801;MACRO UNICA;28003;ITABAIANA;280500;Pedra Mole;2.778;ITABAIANA
2;Nordeste;28;Sergipe;2801;MACRO UNICA;28004;LAGARTO;280350;Lagarto;101.579;LAGARTO
2;Nordeste;28;Sergipe;2801;MACRO UNICA;28004;LAGARTO;280740;Tobias Barreto;50.905;LAGARTO
2;Nordeste;28;Sergipe;2801;MACRO UNICA;28004;LAGARTO;280710;Simao Dias;42.578;LAGARTO
2;Nordeste;28;Sergipe;2801;MACRO UNICA;28004;LAGARTO;280550;Poco Verde;21.794;LAGARTO
2;Nordeste;28;Sergipe;2801;MACRO UNICA;28004;LAGARTO;280620;Salgado;20.279;LAGARTO
2;Nordeste;28;Sergipe;2801;MACRO UNICA;28004;LAGARTO;280580;Riachao do Dantas;18.313;LAGARTO
2;Nordeste;28;Sergipe;2801;MACRO UNICA;28005;NOSSA SENHORA DA GLORIA;280450;Nossa Senhora da Gloria;41.147;NOSSA SENHORA DA GLORIA
2;Nordeste;28;Sergipe;2801;MACRO UNICA;28005;NOSSA SENHORA DA GLORIA;280540;Poco Redondo;33.439;NOSSA SENHORA DA GLORIA
2;Nordeste;28;Sergipe;2801;MACRO UNICA;28005;NOSSA SENHORA DA GLORIA;280120;Caninde de Sao Francisco;26.834;NOSSA SENHORA DA GLORIA
2;Nordeste;28;Sergipe;2801;MACRO UNICA;28005;NOSSA SENHORA DA GLORIA;280560;Porto da Folha;26.576;NOSSA SENHORA DA GLORIA
2;Nordeste;28;Sergipe;2801;MACRO UNICA;28005;NOSSA SENHORA DA GLORIA;280420;Monte Alegre de Sergipe;14.356;NOSSA SENHORA DA GLORIA
2;Nordeste;28;Sergipe;2801;MACRO UNICA;28005;NOSSA SENHORA DA GLORIA;280240;Gararu;11.095;NOSSA SENHORA DA GLORIA
2;Nordeste;28;Sergipe;2801;MACRO UNICA;28005;NOSSA SENHORA DA GLORIA;280220;Feira Nova;6.017;NOSSA SENHORA DA GLORIA
2;Nordeste;28;Sergipe;2801;MACRO UNICA;28005;NOSSA SENHORA DA GLORIA;280260;Gracho Cardoso;5.838;NOSSA SENHORA DA GLORIA
2;Nordeste;28;Sergipe;2801;MACRO UNICA;28005;NOSSA SENHORA DA GLORIA;280310;Itabi;4.745;NOSSA SENHORA DA GLORIA
2;Nordeste;28;Sergipe;2801;MACRO UNICA;28006;NOSSA SENHORA DO SOCORRO;280480;Nossa Senhora do Socorro;192.330;NOSSA SENHORA DO SOCORRO
2;Nordeste;28;Sergipe;2801;MACRO UNICA;28006;NOSSA SENHORA DO SOCORRO;280130;Capela;31.645;NOSSA SENHORA DO SOCORRO
2;Nordeste;28;Sergipe;2801;MACRO UNICA;28006;NOSSA SENHORA DO SOCORRO;280460;Nossa Senhora das Dores;24.996;NOSSA SENHORA DO SOCORRO
2;Nordeste;28;Sergipe;2801;MACRO UNICA;28006;NOSSA SENHORA DO SOCORRO;280330;Japaratuba;16.209;NOSSA SENHORA DO SOCORRO
2;Nordeste;28;Sergipe;2801;MACRO UNICA;28006;NOSSA SENHORA DO SOCORRO;280400;Maruim;15.719;NOSSA SENHORA DO SOCORRO
2;Nordeste;28;Sergipe;2801;MACRO UNICA;28006;NOSSA SENHORA DO SOCORRO;280150;Carmopolis;13.853;NOSSA SENHORA DO SOCORRO
2;Nordeste;28;Sergipe;2801;MACRO UNICA;28006;NOSSA SENHORA DO SOCORRO;280660;Santo Amaro das Brotas;11.092;NOSSA SENHORA DO SOCORRO
2;Nordeste;28;Sergipe;2801;MACRO UNICA;28006;NOSSA SENHORA DO SOCORRO;280610;Rosario do Catete;9.295;NOSSA SENHORA DO SOCORRO
2;Nordeste;28;Sergipe;2801;MACRO UNICA;28006;NOSSA SENHORA DO SOCORRO;280530;Pirambu;7.913;NOSSA SENHORA DO SOCORRO
2;Nordeste;28;Sergipe;2801;MACRO UNICA;28006;NOSSA SENHORA DO SOCORRO;280720;Siriri;7.834;NOSSA SENHORA DO SOCORRO
2;Nordeste;28;Sergipe;2801;MACRO UNICA;28006;NOSSA SENHORA DO SOCORRO;280190;Cumbe;3.824;NOSSA SENHORA DO SOCORRO
2;Nordeste;28;Sergipe;2801;MACRO UNICA;28006;NOSSA SENHORA DO SOCORRO;280250;General Maynard;3.037;NOSSA SENHORA DO SOCORRO
2;Nordeste;28;Sergipe;2801;MACRO UNICA;28007;PROPRIA;280570;Propria;26.618;PROPRIA
2;Nordeste;28;Sergipe;2801;MACRO UNICA;28007;PROPRIA;280020;Aquidaba;20.131;PROPRIA
2;Nordeste;28;Sergipe;2801;MACRO UNICA;28007;PROPRIA;280440;Neopolis;16.426;PROPRIA
2;Nordeste;28;Sergipe;2801;MACRO UNICA;28007;PROPRIA;280340;Japoata;13.407;PROPRIA
2;Nordeste;28;Sergipe;2801;MACRO UNICA;28007;PROPRIA;280490;Pacatuba;12.502;PROPRIA
2;Nordeste;28;Sergipe;2801;MACRO UNICA;28007;PROPRIA;280270;Ilha das Flores;8.321;PROPRIA
2;Nordeste;28;Sergipe;2801;MACRO UNICA;28007;PROPRIA;280070;Brejo Grande;7.841;PROPRIA
2;Nordeste;28;Sergipe;2801;MACRO UNICA;28007;PROPRIA;280430;Muribeca;7.822;PROPRIA
2;Nordeste;28;Sergipe;2801;MACRO UNICA;28007;PROPRIA;280640;Santana do Sao Francisco;7.346;PROPRIA
2;Nordeste;28;Sergipe;2801;MACRO UNICA;28007;PROPRIA;280470;Nossa Senhora de Lourdes;6.268;PROPRIA
2;Nordeste;28;Sergipe;2801;MACRO UNICA;28007;PROPRIA;280160;Cedro de Sao Joao;5.391;PROPRIA
2;Nordeste;28;Sergipe;2801;MACRO UNICA;28007;PROPRIA;280110;Canhoba;3.791;PROPRIA
2;Nordeste;28;Sergipe;2801;MACRO UNICA;28007;PROPRIA;280380;Malhada dos Bois;3.579;PROPRIA
2;Nordeste;28;Sergipe;2801;MACRO UNICA;28007;PROPRIA;280730;Telha;3.274;PROPRIA
2;Nordeste;28;Sergipe;2801;MACRO UNICA;28007;PROPRIA;280690;Sao Francisco;3.243;PROPRIA
2;Nordeste;28;Sergipe;2801;MACRO UNICA;28007;PROPRIA;280010;Amparo do Sao Francisco;2.170;PROPRIA
2;Nordeste;29;Bahia;2914;NORDESTE (NRS - ALAGOINHAS);29001;ALAGOINHAS;290070;Alagoinhas;151.055;ALAGOINHAS
2;Nordeste;29;Bahia;2914;NORDESTE (NRS - ALAGOINHAS);29001;ALAGOINHAS;290750;Catu;48.148;ALAGOINHAS
2;Nordeste;29;Bahia;2914;NORDESTE (NRS - ALAGOINHAS);29001;ALAGOINHAS;291050;Entre Rios;38.098;ALAGOINHAS
2;Nordeste;29;Bahia;2914;NORDESTE (NRS - ALAGOINHAS);29001;ALAGOINHAS;292700;Rio Real;35.362;ALAGOINHAS
2;Nordeste;29;Bahia;2914;NORDESTE (NRS - ALAGOINHAS);29001;ALAGOINHAS;291370;Inhambupe;33.790;ALAGOINHAS
2;Nordeste;29;Bahia;2914;NORDESTE (NRS - ALAGOINHAS);29001;ALAGOINHAS;291060;Esplanada;32.554;ALAGOINHAS
2;Nordeste;29;Bahia;2914;NORDESTE (NRS - ALAGOINHAS);29001;ALAGOINHAS;291650;Itapicuru;31.679;ALAGOINHAS
2;Nordeste;29;Bahia;2914;NORDESTE (NRS - ALAGOINHAS);29001;ALAGOINHAS;290960;Crisopolis;19.729;ALAGOINHAS
2;Nordeste;29;Bahia;2914;NORDESTE (NRS - ALAGOINHAS);29001;ALAGOINHAS;292970;Satiro Dias;16.008;ALAGOINHAS
2;Nordeste;29;Bahia;2914;NORDESTE (NRS - ALAGOINHAS);29001;ALAGOINHAS;290190;Apora;15.922;ALAGOINHAS
2;Nordeste;29;Bahia;2914;NORDESTE (NRS - ALAGOINHAS);29001;ALAGOINHAS;290030;Acajutiba;13.795;ALAGOINHAS
2;Nordeste;29;Bahia;2914;NORDESTE (NRS - ALAGOINHAS);29001;ALAGOINHAS;290205;Aracas;11.557;ALAGOINHAS
2;Nordeste;29;Bahia;2914;NORDESTE (NRS - ALAGOINHAS);29001;ALAGOINHAS;290220;Aramari;9.833;ALAGOINHAS
2;Nordeste;29;Bahia;2914;NORDESTE (NRS - ALAGOINHAS);29001;ALAGOINHAS;291790;Jandaira;9.285;ALAGOINHAS
2;Nordeste;29;Bahia;2914;NORDESTE (NRS - ALAGOINHAS);29001;ALAGOINHAS;290700;Cardeal da Silva;8.365;ALAGOINHAS
2;Nordeste;29;Bahia;2914;NORDESTE (NRS - ALAGOINHAS);29001;ALAGOINHAS;292330;Ouricangas;7.716;ALAGOINHAS
2;Nordeste;29;Bahia;2914;NORDESTE (NRS - ALAGOINHAS);29001;ALAGOINHAS;292410;Pedrao;6.235;ALAGOINHAS
2;Nordeste;29;Bahia;2914;NORDESTE (NRS - ALAGOINHAS);29001;ALAGOINHAS;291590;Itanagra;5.914;ALAGOINHAS
2;Nordeste;29;Bahia;2912;OESTE (NBS - BARREIRAS);29002;BARREIRAS;290320;Barreiras;159.734;BARREIRAS
2;Nordeste;29;Bahia;2912;OESTE (NBS - BARREIRAS);29002;BARREIRAS;291955;Luis Eduardo Magalhaes;107.909;BARREIRAS
2;Nordeste;29;Bahia;2912;OESTE (NBS - BARREIRAS);29002;BARREIRAS;292890;Sao Desiderio;32.828;BARREIRAS
2;Nordeste;29;Bahia;2912;OESTE (NBS - BARREIRAS);29002;BARREIRAS;292840;Santa Rita de Cassia;27.390;BARREIRAS
2;Nordeste;29;Bahia;2912;OESTE (NBS - BARREIRAS);29002;BARREIRAS;291110;Formosa do Rio Preto;25.899;BARREIRAS
2;Nordeste;29;Bahia;2912;OESTE (NBS - BARREIRAS);29002;BARREIRAS;292620;Riachao das Neves;21.642;BARREIRAS
2;Nordeste;29;Bahia;2912;OESTE (NBS - BARREIRAS);29002;BARREIRAS;290970;Cristopolis;13.993;BARREIRAS
2;Nordeste;29;Bahia;2912;OESTE (NBS - BARREIRAS);29002;BARREIRAS;292045;Mansidao;13.919;BARREIRAS
2;Nordeste;29;Bahia;2912;OESTE (NBS - BARREIRAS);29002;BARREIRAS;290140;Angical;13.732;BARREIRAS
2;Nordeste;29;Bahia;2912;OESTE (NBS - BARREIRAS);29002;BARREIRAS;290250;Baianopolis;13.614;BARREIRAS
2;Nordeste;29;Bahia;2912;OESTE (NBS - BARREIRAS);29002;BARREIRAS;290940;Cotegipe;13.063;BARREIRAS
2;Nordeste;29;Bahia;2912;OESTE (NBS - BARREIRAS);29002;BARREIRAS;293345;Wanderley;12.968;BARREIRAS
2;Nordeste;29;Bahia;2912;OESTE (NBS - BARREIRAS);29002;BARREIRAS;293090;Tabocas do Brejo Velho;11.979;BARREIRAS
2;Nordeste;29;Bahia;2912;OESTE (NBS - BARREIRAS);29002;BARREIRAS;290440;Brejolandia;9.108;BARREIRAS
2;Nordeste;29;Bahia;2912;OESTE (NBS - BARREIRAS);29002;BARREIRAS;290740;Catolandia;3.434;BARREIRAS
2;Nordeste;29;Bahia;2911;SUDOESTE (NBS - VITORIA CONQUISTA);29003;BRUMADO;290460;Brumado;70.510;BRUMADO
2;Nordeste;29;Bahia;2911;SUDOESTE (NBS - VITORIA CONQUISTA);29003;BRUMADO;291950;Livramento de Nossa Senhora;43.903;BRUMADO
2;Nordeste;29;Bahia;2911;SUDOESTE (NBS - VITORIA CONQUISTA);29003;BRUMADO;291980;Macaubas;41.859;BRUMADO
2;Nordeste;29;Bahia;2911;SUDOESTE (NBS - VITORIA CONQUISTA);29003;BRUMADO;290280;Barra da Estiva;26.026;BRUMADO
2;Nordeste;29;Bahia;2911;SUDOESTE (NBS - VITORIA CONQUISTA);29003;BRUMADO;293100;Tanhacu;21.006;BRUMADO
2;Nordeste;29;Bahia;2911;SUDOESTE (NBS - VITORIA CONQUISTA);29003;BRUMADO;291220;Ibicoara;20.785;BRUMADO
2;Nordeste;29;Bahia;2911;SUDOESTE (NBS - VITORIA CONQUISTA);29003;BRUMADO;292360;Paramirim;20.351;BRUMADO
2;Nordeste;29;Bahia;2911;SUDOESTE (NBS - VITORIA CONQUISTA);29003;BRUMADO;290410;Boquira;19.322;BRUMADO
2;Nordeste;29;Bahia;2911;SUDOESTE (NBS - VITORIA CONQUISTA);29003;BRUMADO;291720;Ituacu;17.914;BRUMADO
2;Nordeste;29;Bahia;2911;SUDOESTE (NBS - VITORIA CONQUISTA);29003;BRUMADO;290200;Aracatu;13.936;BRUMADO
2;Nordeste;29;Bahia;2911;SUDOESTE (NBS - VITORIA CONQUISTA);29003;BRUMADO;291250;Ibipitanga;13.863;BRUMADO
2;Nordeste;29;Bahia;2911;SUDOESTE (NBS - VITORIA CONQUISTA);29003;BRUMADO;292670;Rio de Contas;13.184;BRUMADO
2;Nordeste;29;Bahia;2911;SUDOESTE (NBS - VITORIA CONQUISTA);29003;BRUMADO;291010;Dom Basilio;11.884;BRUMADO
2;Nordeste;29;Bahia;2911;SUDOESTE (NBS - VITORIA CONQUISTA);29003;BRUMADO;290050;Erico Cardoso;10.604;BRUMADO
2;Nordeste;29;Bahia;2911;SUDOESTE (NBS - VITORIA CONQUISTA);29003;BRUMADO;292690;Rio do Pires;10.497;BRUMADO
2;Nordeste;29;Bahia;2911;SUDOESTE (NBS - VITORIA CONQUISTA);29003;BRUMADO;290755;Caturama;8.841;BRUMADO
2;Nordeste;29;Bahia;2911;SUDOESTE (NBS - VITORIA CONQUISTA);29003;BRUMADO;292030;Malhada de Pedras;8.670;BRUMADO
2;Nordeste;29;Bahia;2911;SUDOESTE (NBS - VITORIA CONQUISTA);29003;BRUMADO;291165;Guajeru;8.050;BRUMADO
2;Nordeste;29;Bahia;2911;SUDOESTE (NBS - VITORIA CONQUISTA);29003;BRUMADO;291860;Jussiape;7.379;BRUMADO
2;Nordeste;29;Bahia;2911;SUDOESTE (NBS - VITORIA CONQUISTA);29003;BRUMADO;290880;Contendas do Sincora;4.333;BRUMADO
2;Nordeste;29;Bahia;2915;LESTE - (NRS - SALVADOR);29004;CAMACARI;290570;Camacari;300.372;CAMACARI
2;Nordeste;29;Bahia;2915;LESTE - (NRS - SALVADOR);29004;CAMACARI;293070;Simoes Filho;114.559;CAMACARI
2;Nordeste;29;Bahia;2915;LESTE - (NRS - SALVADOR);29004;CAMACARI;291005;Dias d'Avila;71.485;CAMACARI
2;Nordeste;29;Bahia;2915;LESTE - (NRS - SALVADOR);29004;CAMACARI;292100;Mata de Sao Joao;42.566;CAMACARI
2;Nordeste;29;Bahia;2915;LESTE - (NRS - SALVADOR);29004;CAMACARI;292520;Pojuca;32.136;CAMACARI
2;Nordeste;29;Bahia;2915;LESTE - (NRS - SALVADOR);29004;CAMACARI;290860;Conde;23.654;CAMACARI
2;Nordeste;29;Bahia;2915;LESTE - (NRS - SALVADOR);29005;CRUZ DAS ALMAS;290980;Cruz das Almas;60.348;CRUZ DAS ALMAS
2;Nordeste;29;Bahia;2915;LESTE - (NRS - SALVADOR);29005;CRUZ DAS ALMAS;292060;Maragogipe;35.859;CRUZ DAS ALMAS
2;Nordeste;29;Bahia;2915;LESTE - (NRS - SALVADOR);29005;CRUZ DAS ALMAS;290490;Cachoeira;29.250;CRUZ DAS ALMAS
2;Nordeste;29;Bahia;2915;LESTE - (NRS - SALVADOR);29005;CRUZ DAS ALMAS;292230;Muritiba;28.707;CRUZ DAS ALMAS
2;Nordeste;29;Bahia;2915;LESTE - (NRS - SALVADOR);29005;CRUZ DAS ALMAS;290820;Conceicao da Feira;20.800;CRUZ DAS ALMAS
2;Nordeste;29;Bahia;2915;LESTE - (NRS - SALVADOR);29005;CRUZ DAS ALMAS;291160;Governador Mangabeira;20.605;CRUZ DAS ALMAS
2;Nordeste;29;Bahia;2915;LESTE - (NRS - SALVADOR);29005;CRUZ DAS ALMAS;292960;Sapeacu;17.963;CRUZ DAS ALMAS
2;Nordeste;29;Bahia;2915;LESTE - (NRS - SALVADOR);29005;CRUZ DAS ALMAS;290485;Cabaceiras do Paraguacu;16.559;CRUZ DAS ALMAS
2;Nordeste;29;Bahia;2915;LESTE - (NRS - SALVADOR);29005;CRUZ DAS ALMAS;292900;Sao Felix;11.026;CRUZ DAS ALMAS
2;Nordeste;29;Bahia;2917;CENTRO-LESTE (NRS - FEIRA SANTANA);29006;FEIRA DE SANTANA;291080;Feira de Santana;616.272;FEIRA DE SANTANA
2;Nordeste;29;Bahia;2917;CENTRO-LESTE (NRS - FEIRA SANTANA);29006;FEIRA DE SANTANA;291400;Ipira;56.876;FEIRA DE SANTANA
2;Nordeste;29;Bahia;2917;CENTRO-LESTE (NRS - FEIRA SANTANA);29006;FEIRA DE SANTANA;292880;Santo Estevao;52.276;FEIRA DE SANTANA
2;Nordeste;29;Bahia;2917;CENTRO-LESTE (NRS - FEIRA SANTANA);29006;FEIRA DE SANTANA;292930;Sao Goncalo dos Campos;39.513;FEIRA DE SANTANA
2;Nordeste;29;Bahia;2917;CENTRO-LESTE (NRS - FEIRA SANTANA);29006;FEIRA DE SANTANA;290850;Conceicao do Jacuipe;35.308;FEIRA DE SANTANA
2;Nordeste;29;Bahia;2917;CENTRO-LESTE (NRS - FEIRA SANTANA);29006;FEIRA DE SANTANA;292630;Riachao do Jacuipe;33.386;FEIRA DE SANTANA
2;Nordeste;29;Bahia;2917;CENTRO-LESTE (NRS - FEIRA SANTANA);29006;FEIRA DE SANTANA;291450;Irara;28.043;FEIRA DE SANTANA
2;Nordeste;29;Bahia;2917;CENTRO-LESTE (NRS - FEIRA SANTANA);29006;FEIRA DE SANTANA;290890;Coracao de Maria;26.692;FEIRA DE SANTANA
2;Nordeste;29;Bahia;2917;CENTRO-LESTE (NRS - FEIRA SANTANA);29006;FEIRA DE SANTANA;290110;Amelia Rodrigues;24.138;FEIRA DE SANTANA
2;Nordeste;29;Bahia;2917;CENTRO-LESTE (NRS - FEIRA SANTANA);29006;FEIRA DE SANTANA;292750;Santa Barbara;20.952;FEIRA DE SANTANA
2;Nordeste;29;Bahia;2917;CENTRO-LESTE (NRS - FEIRA SANTANA);29006;FEIRA DE SANTANA;292595;Rafael Jambeiro;19.662;FEIRA DE SANTANA
2;Nordeste;29;Bahia;2917;CENTRO-LESTE (NRS - FEIRA SANTANA);29006;FEIRA DE SANTANA;290260;Baixa Grande;18.220;FEIRA DE SANTANA
2;Nordeste;29;Bahia;2917;CENTRO-LESTE (NRS - FEIRA SANTANA);29006;FEIRA DE SANTANA;293040;Serra Preta;17.996;FEIRA DE SANTANA
2;Nordeste;29;Bahia;2917;CENTRO-LESTE (NRS - FEIRA SANTANA);29006;FEIRA DE SANTANA;292210;Mundo Novo;17.305;FEIRA DE SANTANA
2;Nordeste;29;Bahia;2917;CENTRO-LESTE (NRS - FEIRA SANTANA);29006;FEIRA DE SANTANA;291380;Ipecaeta;13.709;FEIRA DE SANTANA
2;Nordeste;29;Bahia;2917;CENTRO-LESTE (NRS - FEIRA SANTANA);29006;FEIRA DE SANTANA;292405;Pe de Serra;13.243;FEIRA DE SANTANA
2;Nordeste;29;Bahia;2917;CENTRO-LESTE (NRS - FEIRA SANTANA);29006;FEIRA DE SANTANA;290170;Antonio Cardoso;11.146;FEIRA DE SANTANA
2;Nordeste;29;Bahia;2917;CENTRO-LESTE (NRS - FEIRA SANTANA);29006;FEIRA DE SANTANA;290150;Anguera;11.031;FEIRA DE SANTANA
2;Nordeste;29;Bahia;2917;CENTRO-LESTE (NRS - FEIRA SANTANA);29006;FEIRA DE SANTANA;293170;Terra Nova;10.798;FEIRA DE SANTANA
2;Nordeste;29;Bahia;2917;CENTRO-LESTE (NRS - FEIRA SANTANA);29006;FEIRA DE SANTANA;290685;Capela do Alto Alegre;10.744;FEIRA DE SANTANA
2;Nordeste;29;Bahia;2917;CENTRO-LESTE (NRS - FEIRA SANTANA);29006;FEIRA DE SANTANA;292465;Pintadas;10.325;FEIRA DE SANTANA
2;Nordeste;29;Bahia;2917;CENTRO-LESTE (NRS - FEIRA SANTANA);29006;FEIRA DE SANTANA;292830;Santanopolis;8.716;FEIRA DE SANTANA
2;Nordeste;29;Bahia;2917;CENTRO-LESTE (NRS - FEIRA SANTANA);29006;FEIRA DE SANTANA;292273;Nova Fatima;7.967;FEIRA DE SANTANA
2;Nordeste;29;Bahia;2917;CENTRO-LESTE (NRS - FEIRA SANTANA);29006;FEIRA DE SANTANA;290640;Candeal;7.772;FEIRA DE SANTANA
2;Nordeste;29;Bahia;2917;CENTRO-LESTE (NRS - FEIRA SANTANA);29006;FEIRA DE SANTANA;293110;Tanquinho;7.717;FEIRA DE SANTANA
2;Nordeste;29;Bahia;2917;CENTRO-LESTE (NRS - FEIRA SANTANA);29006;FEIRA DE SANTANA;293140;Teodoro Sampaio;7.110;FEIRA DE SANTANA
2;Nordeste;29;Bahia;2917;CENTRO-LESTE (NRS - FEIRA SANTANA);29006;FEIRA DE SANTANA;291330;Ichu;6.190;FEIRA DE SANTANA
2;Nordeste;29;Bahia;2917;CENTRO-LESTE (NRS - FEIRA SANTANA);29006;FEIRA DE SANTANA;291125;Gaviao;4.360;FEIRA DE SANTANA
2;Nordeste;29;Bahia;2911;SUDOESTE (NBS - VITORIA CONQUISTA);29007;GUANAMBI;291170;Guanambi;87.817;GUANAMBI
2;Nordeste;29;Bahia;2911;SUDOESTE (NBS - VITORIA CONQUISTA);29007;GUANAMBI;290520;Caetite;52.012;GUANAMBI
2;Nordeste;29;Bahia;2911;SUDOESTE (NBS - VITORIA CONQUISTA);29007;GUANAMBI;292640;Riacho de Santana;30.711;GUANAMBI
2;Nordeste;29;Bahia;2911;SUDOESTE (NBS - VITORIA CONQUISTA);29007;GUANAMBI;290710;Carinhanha;28.869;GUANAMBI
2;Nordeste;29;Bahia;2911;SUDOESTE (NBS - VITORIA CONQUISTA);29007;GUANAMBI;290500;Cacule;22.462;GUANAMBI
2;Nordeste;29;Bahia;2911;SUDOESTE (NBS - VITORIA CONQUISTA);29007;GUANAMBI;292340;Palmas de Monte Alto;20.078;GUANAMBI
2;Nordeste;29;Bahia;2911;SUDOESTE (NBS - VITORIA CONQUISTA);29007;GUANAMBI;293105;Tanque Novo;17.158;GUANAMBI
2;Nordeste;29;Bahia;2911;SUDOESTE (NBS - VITORIA CONQUISTA);29007;GUANAMBI;291340;Igapora;15.527;GUANAMBI
2;Nordeste;29;Bahia;2911;SUDOESTE (NBS - VITORIA CONQUISTA);29007;GUANAMBI;292020;Malhada;15.398;GUANAMBI
2;Nordeste;29;Bahia;2911;SUDOESTE (NBS - VITORIA CONQUISTA);29007;GUANAMBI;293260;Urandi;15.355;GUANAMBI
2;Nordeste;29;Bahia;2911;SUDOESTE (NBS - VITORIA CONQUISTA);29007;GUANAMBI;292450;Pindai;14.731;GUANAMBI
2;Nordeste;29;Bahia;2911;SUDOESTE (NBS - VITORIA CONQUISTA);29007;GUANAMBI;291740;Jacaraci;14.436;GUANAMBI
2;Nordeste;29;Bahia;2911;SUDOESTE (NBS - VITORIA CONQUISTA);29007;GUANAMBI;291875;Lagoa Real;14.105;GUANAMBI
2;Nordeste;29;Bahia;2911;SUDOESTE (NBS - VITORIA CONQUISTA);29007;GUANAMBI;292680;Rio do Antonio;13.146;GUANAMBI
2;Nordeste;29;Bahia;2911;SUDOESTE (NBS - VITORIA CONQUISTA);29007;GUANAMBI;290660;Candiba;13.016;GUANAMBI
2;Nordeste;29;Bahia;2911;SUDOESTE (NBS - VITORIA CONQUISTA);29007;GUANAMBI;291940;Licinio de Almeida;11.834;GUANAMBI
2;Nordeste;29;Bahia;2911;SUDOESTE (NBS - VITORIA CONQUISTA);29007;GUANAMBI;292180;Mortugaba;11.143;GUANAMBI
2;Nordeste;29;Bahia;2911;SUDOESTE (NBS - VITORIA CONQUISTA);29007;GUANAMBI;291733;Iuiu;11.118;GUANAMBI
2;Nordeste;29;Bahia;2911;SUDOESTE (NBS - VITORIA CONQUISTA);29007;GUANAMBI;290420;Botupora;11.024;GUANAMBI
2;Nordeste;29;Bahia;2911;SUDOESTE (NBS - VITORIA CONQUISTA);29007;GUANAMBI;291200;Ibiassuce;10.429;GUANAMBI
2;Nordeste;29;Bahia;2911;SUDOESTE (NBS - VITORIA CONQUISTA);29007;GUANAMBI;292105;Matina;10.330;GUANAMBI
2;Nordeste;29;Bahia;2911;SUDOESTE (NBS - VITORIA CONQUISTA);29007;GUANAMBI;293000;Sebastiao Laranjeiras;9.360;GUANAMBI
2;Nordeste;29;Bahia;2911;SUDOESTE (NBS - VITORIA CONQUISTA);29007;GUANAMBI;291077;Feira da Mata;5.631;GUANAMBI
2;Nordeste;29;Bahia;2912;OESTE (NBS - BARREIRAS);29008;IBOTIRAMA;290270;Barra;51.092;IBOTIRAMA
2;Nordeste;29;Bahia;2912;OESTE (NBS - BARREIRAS);29008;IBOTIRAMA;292370;Paratinga;29.252;IBOTIRAMA
2;Nordeste;29;Bahia;2912;OESTE (NBS - BARREIRAS);29008;IBOTIRAMA;291320;Ibotirama;26.309;IBOTIRAMA
2;Nordeste;29;Bahia;2912;OESTE (NBS - BARREIRAS);29008;IBOTIRAMA;292320;Oliveira dos Brejinhos;20.715;IBOTIRAMA
2;Nordeste;29;Bahia;2912;OESTE (NBS - BARREIRAS);29008;IBOTIRAMA;290475;Buritirama;19.589;IBOTIRAMA
2;Nordeste;29;Bahia;2912;OESTE (NBS - BARREIRAS);29008;IBOTIRAMA;290450;Brotas de Macaubas;11.765;IBOTIRAMA
2;Nordeste;29;Bahia;2912;OESTE (NBS - BARREIRAS);29008;IBOTIRAMA;292225;Muquem do Sao Francisco;10.443;IBOTIRAMA
2;Nordeste;29;Bahia;2912;OESTE (NBS - BARREIRAS);29008;IBOTIRAMA;291410;Ipupiara;9.935;IBOTIRAMA
2;Nordeste;29;Bahia;2912;OESTE (NBS - BARREIRAS);29008;IBOTIRAMA;292160;Morpara;7.996;IBOTIRAMA
2;Nordeste;29;Bahia;2910;SUL (NBS - ILHEUS);29009;ILHEUS;291360;Ilheus;178.649;ILHEUS
2;Nordeste;29;Bahia;2910;SUL (NBS - ILHEUS);29009;ILHEUS;290630;Canavieiras;32.683;ILHEUS
2;Nordeste;29;Bahia;2910;SUL (NBS - ILHEUS);29009;ILHEUS;291490;Itacare;27.704;ILHEUS
2;Nordeste;29;Bahia;2910;SUL (NBS - ILHEUS);29009;ILHEUS;293270;Urucuca;21.420;ILHEUS
2;Nordeste;29;Bahia;2910;SUL (NBS - ILHEUS);29009;ILHEUS;293250;Una;18.131;ILHEUS
2;Nordeste;29;Bahia;2910;SUL (NBS - ILHEUS);29009;ILHEUS;292805;Santa Luzia;13.896;ILHEUS
2;Nordeste;29;Bahia;2910;SUL (NBS - ILHEUS);29009;ILHEUS;292090;Mascote;13.544;ILHEUS
2;Nordeste;29;Bahia;2910;SUL (NBS - ILHEUS);29009;ILHEUS;290225;Arataca;10.191;ILHEUS
2;Nordeste;29;Bahia;2918;CENTRO - NORTE (NRS - JACOBINA);29010;IRECE;291460;Irece;74.507;IRECE
2;Nordeste;29;Bahia;2918;CENTRO - NORTE (NRS - JACOBINA);29010;IRECE;293360;Xique-Xique;44.757;IRECE
2;Nordeste;29;Bahia;2918;CENTRO - NORTE (NRS - JACOBINA);29010;IRECE;291915;Lapao;25.736;IRECE
2;Nordeste;29;Bahia;2918;CENTRO - NORTE (NRS - JACOBINA);29010;IRECE;291835;Joao Dourado;24.854;IRECE
2;Nordeste;29;Bahia;2918;CENTRO - NORTE (NRS - JACOBINA);29010;IRECE;290620;Canarana;24.206;IRECE
2;Nordeste;29;Bahia;2918;CENTRO - NORTE (NRS - JACOBINA);29010;IRECE;292925;Sao Gabriel;18.600;IRECE
2;Nordeste;29;Bahia;2918;CENTRO - NORTE (NRS - JACOBINA);29010;IRECE;290530;Cafarnaum;17.466;IRECE
2;Nordeste;29;Bahia;2918;CENTRO - NORTE (NRS - JACOBINA);29010;IRECE;291310;Ibitita;16.969;IRECE
2;Nordeste;29;Bahia;2918;CENTRO - NORTE (NRS - JACOBINA);29010;IRECE;291240;Ibipeba;16.603;IRECE
2;Nordeste;29;Bahia;2918;CENTRO - NORTE (NRS - JACOBINA);29010;IRECE;291850;Jussara;16.354;IRECE
2;Nordeste;29;Bahia;2918;CENTRO - NORTE (NRS - JACOBINA);29010;IRECE;290760;Central;16.348;IRECE
2;Nordeste;29;Bahia;2918;CENTRO - NORTE (NRS - JACOBINA);29010;IRECE;290115;America Dourada;15.137;IRECE
2;Nordeste;29;Bahia;2918;CENTRO - NORTE (NRS - JACOBINA);29010;IRECE;292560;Presidente Dutra;15.130;IRECE
2;Nordeste;29;Bahia;2918;CENTRO - NORTE (NRS - JACOBINA);29010;IRECE;290300;Barra do Mendes;13.836;IRECE
2;Nordeste;29;Bahia;2918;CENTRO - NORTE (NRS - JACOBINA);29010;IRECE;290323;Barro Alto;13.453;IRECE
2;Nordeste;29;Bahia;2918;CENTRO - NORTE (NRS - JACOBINA);29010;IRECE;293240;Uibai;13.432;IRECE
2;Nordeste;29;Bahia;2918;CENTRO - NORTE (NRS - JACOBINA);29010;IRECE;292205;Mulungu do Morro;13.152;IRECE
2;Nordeste;29;Bahia;2918;CENTRO - NORTE (NRS - JACOBINA);29010;IRECE;291535;Itaguacu da Bahia;12.311;IRECE
2;Nordeste;29;Bahia;2918;CENTRO - NORTE (NRS - JACOBINA);29010;IRECE;291130;Gentio do Ouro;10.884;IRECE
2;Nordeste;29;Bahia;2917;CENTRO-LESTE (NRS - FEIRA SANTANA);29011;ITABERABA;291470;Itaberaba;65.073;ITABERABA
2;Nordeste;29;Bahia;2917;CENTRO-LESTE (NRS - FEIRA SANTANA);29011;ITABERABA;292720;Ruy Barbosa;28.282;ITABERABA
2;Nordeste;29;Bahia;2917;CENTRO-LESTE (NRS - FEIRA SANTANA);29011;ITABERABA;291190;Iacu;24.607;ITABERABA
2;Nordeste;29;Bahia;2917;CENTRO-LESTE (NRS - FEIRA SANTANA);29011;ITABERABA;290380;Boa Vista do Tupim;16.873;ITABERABA
2;Nordeste;29;Bahia;2917;CENTRO-LESTE (NRS - FEIRA SANTANA);29011;ITABERABA;293280;Utinga;16.277;ITABERABA
2;Nordeste;29;Bahia;2917;CENTRO-LESTE (NRS - FEIRA SANTANA);29011;ITABERABA;290405;Bonito;15.844;ITABERABA
2;Nordeste;29;Bahia;2917;CENTRO-LESTE (NRS - FEIRA SANTANA);29011;ITABERABA;291500;Itaete;13.472;ITABERABA
2;Nordeste;29;Bahia;2917;CENTRO-LESTE (NRS - FEIRA SANTANA);29011;ITABERABA;290130;Andarai;13.080;ITABERABA
2;Nordeste;29;Bahia;2917;CENTRO-LESTE (NRS - FEIRA SANTANA);29011;ITABERABA;291960;Macajuba;10.454;ITABERABA
2;Nordeste;29;Bahia;2917;CENTRO-LESTE (NRS - FEIRA SANTANA);29011;ITABERABA;293340;Wagner;9.503;ITABERABA
2;Nordeste;29;Bahia;2917;CENTRO-LESTE (NRS - FEIRA SANTANA);29011;ITABERABA;292080;Marcionilio Souza;9.267;ITABERABA
2;Nordeste;29;Bahia;2917;CENTRO-LESTE (NRS - FEIRA SANTANA);29011;ITABERABA;292285;Nova Redencao;7.538;ITABERABA
2;Nordeste;29;Bahia;2917;CENTRO-LESTE (NRS - FEIRA SANTANA);29011;ITABERABA;291260;Ibiquera;3.725;ITABERABA
2;Nordeste;29;Bahia;2917;CENTRO-LESTE (NRS - FEIRA SANTANA);29011;ITABERABA;291900;Lajedinho;3.527;ITABERABA
2;Nordeste;29;Bahia;2910;SUL (NBS - ILHEUS);29012;ITABUNA;291480;Itabuna;186.708;ITABUNA
2;Nordeste;29;Bahia;2910;SUL (NBS - ILHEUS);29012;ITABUNA;291270;Ibirapitanga;25.344;ITABUNA
2;Nordeste;29;Bahia;2910;SUL (NBS - ILHEUS);29012;ITABUNA;292070;Marau;24.527;ITABUNA
