Codigo Regiao do Pais;Regiao do Pais;Codigo UF;UF;Codigo Macrorregiao de Saude;Macrorregiao de Saude;Codigo Regiao de Saude;Regiao de Saude;CD_MN_RESI;Municipio;Populacao Estimada IBGE 2022;Regiao de Saude
2;Nordeste;29;Bahia;2910;SUL (NBS - ILHEUS);29012;ITABUNA;290560;Camacan;22.579;ITABUNA
2;Nordeste;29;Bahia;2910;SUL (NBS - ILHEUS);29012;ITABUNA;291210;Ibicarai;21.665;ITABUNA
2;Nordeste;29;Bahia;2910;SUL (NBS - ILHEUS);29012;ITABUNA;291550;Itajuipe;18.781;ITABUNA
2;Nordeste;29;Bahia;2910;SUL (NBS - ILHEUS);29012;ITABUNA;293220;Ubaitaba;17.596;ITABUNA
2;Nordeste;29;Bahia;2910;SUL (NBS - ILHEUS);29012;ITABUNA;290800;Coaraci;17.333;ITABUNA
2;Nordeste;29;Bahia;2910;SUL (NBS - ILHEUS);29012;ITABUNA;293230;Ubata;16.094;ITABUNA
2;Nordeste;29;Bahia;2910;SUL (NBS - ILHEUS);29012;ITABUNA;290470;Buerarema;14.804;ITABUNA
2;Nordeste;29;Bahia;2910;SUL (NBS - ILHEUS);29012;ITABUNA;290240;Aurelino Leal;11.179;ITABUNA
2;Nordeste;29;Bahia;2910;SUL (NBS - ILHEUS);29012;ITABUNA;291100;Floresta Azul;11.059;ITABUNA
2;Nordeste;29;Bahia;2910;SUL (NBS - ILHEUS);29012;ITABUNA;291620;Itape;10.341;ITABUNA
2;Nordeste;29;Bahia;2910;SUL (NBS - ILHEUS);29012;ITABUNA;291660;Itapitanga;10.279;ITABUNA
2;Nordeste;29;Bahia;2910;SUL (NBS - ILHEUS);29012;ITABUNA;292390;Pau Brasil;9.370;ITABUNA
2;Nordeste;29;Bahia;2910;SUL (NBS - ILHEUS);29012;ITABUNA;291540;Itaju do Colonia;6.037;ITABUNA
2;Nordeste;29;Bahia;2910;SUL (NBS - ILHEUS);29012;ITABUNA;291855;Jussari;5.888;ITABUNA
2;Nordeste;29;Bahia;2910;SUL (NBS - ILHEUS);29012;ITABUNA;290330;Barro Preto;5.833;ITABUNA
2;Nordeste;29;Bahia;2910;SUL (NBS - ILHEUS);29012;ITABUNA;291150;Gongogi;5.555;ITABUNA
2;Nordeste;29;Bahia;2910;SUL (NBS - ILHEUS);29012;ITABUNA;292935;Sao Jose da Vitoria;5.315;ITABUNA
2;Nordeste;29;Bahia;2910;SUL (NBS - ILHEUS);29012;ITABUNA;290090;Almadina;5.218;ITABUNA
2;Nordeste;29;Bahia;2910;SUL (NBS - ILHEUS);29012;ITABUNA;292780;Santa Cruz da Vitoria;4.681;ITABUNA
2;Nordeste;29;Bahia;2911;SUDOESTE (NBS - VITORIA CONQUISTA);29013;ITAPETINGA;291640;Itapetinga;65.897;ITAPETINGA
2;Nordeste;29;Bahia;2911;SUDOESTE (NBS - VITORIA CONQUISTA);29013;ITAPETINGA;291580;Itambe;24.394;ITAPETINGA
2;Nordeste;29;Bahia;2911;SUDOESTE (NBS - VITORIA CONQUISTA);29013;ITAPETINGA;291970;Macarani;21.599;ITAPETINGA
2;Nordeste;29;Bahia;2911;SUDOESTE (NBS - VITORIA CONQUISTA);29013;ITAPETINGA;291350;Iguai;21.491;ITAPETINGA
2;Nordeste;29;Bahia;2911;SUDOESTE (NBS - VITORIA CONQUISTA);29013;ITAPETINGA;291680;Itarantim;17.052;ITAPETINGA
2;Nordeste;29;Bahia;2911;SUDOESTE (NBS - VITORIA CONQUISTA);29013;ITAPETINGA;291710;Itororo;16.617;ITAPETINGA
2;Nordeste;29;Bahia;2911;SUDOESTE (NBS - VITORIA CONQUISTA);29013;ITAPETINGA;291230;Ibicui;13.934;ITAPETINGA
2;Nordeste;29;Bahia;2911;SUDOESTE (NBS - VITORIA CONQUISTA);29013;ITAPETINGA;292270;Nova Canaa;13.715;ITAPETINGA
2;Nordeste;29;Bahia;2911;SUDOESTE (NBS - VITORIA CONQUISTA);29013;ITAPETINGA;292540;Potiragua;10.274;ITAPETINGA
2;Nordeste;29;Bahia;2911;SUDOESTE (NBS - VITORIA CONQUISTA);29013;ITAPETINGA;292000;Maiquinique;8.731;ITAPETINGA
2;Nordeste;29;Bahia;2911;SUDOESTE (NBS - VITORIA CONQUISTA);29013;ITAPETINGA;290480;Caatiba;6.205;ITAPETINGA
2;Nordeste;29;Bahia;2911;SUDOESTE (NBS - VITORIA CONQUISTA);29013;ITAPETINGA;291090;Firmino Alves;4.873;ITAPETINGA
2;Nordeste;29;Bahia;2918;CENTRO - NORTE (NRS - JACOBINA);29014;JACOBINA;291750;Jacobina;82.590;JACOBINA
2;Nordeste;29;Bahia;2918;CENTRO - NORTE (NRS - JACOBINA);29014;JACOBINA;292170;Morro do Chapeu;33.594;JACOBINA
2;Nordeste;29;Bahia;2918;CENTRO - NORTE (NRS - JACOBINA);29014;JACOBINA;290687;Capim Grosso;33.235;JACOBINA
2;Nordeste;29;Bahia;2918;CENTRO - NORTE (NRS - JACOBINA);29014;JACOBINA;292120;Miguel Calmon;24.661;JACOBINA
2;Nordeste;29;Bahia;2918;CENTRO - NORTE (NRS - JACOBINA);29014;JACOBINA;292335;Ourolandia;19.243;JACOBINA
2;Nordeste;29;Bahia;2918;CENTRO - NORTE (NRS - JACOBINA);29014;JACOBINA;292010;Mairi;17.674;JACOBINA
2;Nordeste;29;Bahia;2918;CENTRO - NORTE (NRS - JACOBINA);29014;JACOBINA;292480;Piritiba;17.566;JACOBINA
2;Nordeste;29;Bahia;2918;CENTRO - NORTE (NRS - JACOBINA);29014;JACOBINA;293130;Tapiramuta;15.818;JACOBINA
2;Nordeste;29;Bahia;2918;CENTRO - NORTE (NRS - JACOBINA);29014;JACOBINA;292140;Mirangaba;15.734;JACOBINA
2;Nordeste;29;Bahia;2918;CENTRO - NORTE (NRS - JACOBINA);29014;JACOBINA;293305;Varzea da Roca;13.800;JACOBINA
2;Nordeste;29;Bahia;2918;CENTRO - NORTE (NRS - JACOBINA);29014;JACOBINA;293245;Umburanas;13.642;JACOBINA
2;Nordeste;29;Bahia;2918;CENTRO - NORTE (NRS - JACOBINA);29014;JACOBINA;293315;Varzea Nova;13.377;JACOBINA
2;Nordeste;29;Bahia;2918;CENTRO - NORTE (NRS - JACOBINA);29014;JACOBINA;293060;Serrolandia;13.335;JACOBINA
2;Nordeste;29;Bahia;2918;CENTRO - NORTE (NRS - JACOBINA);29014;JACOBINA;290550;Caldeirao Grande;13.080;JACOBINA
2;Nordeste;29;Bahia;2918;CENTRO - NORTE (NRS - JACOBINA);29014;JACOBINA;292980;Saude;10.478;JACOBINA
2;Nordeste;29;Bahia;2918;CENTRO - NORTE (NRS - JACOBINA);29014;JACOBINA;290510;Caem;10.384;JACOBINA
2;Nordeste;29;Bahia;2918;CENTRO - NORTE (NRS - JACOBINA);29014;JACOBINA;292937;Sao Jose do Jacuipe;10.187;JACOBINA
2;Nordeste;29;Bahia;2918;CENTRO - NORTE (NRS - JACOBINA);29014;JACOBINA;292593;Quixabeira;9.461;JACOBINA
2;Nordeste;29;Bahia;2918;CENTRO - NORTE (NRS - JACOBINA);29014;JACOBINA;293310;Varzea do Poco;8.101;JACOBINA
2;Nordeste;29;Bahia;2910;SUL (NBS - ILHEUS);29015;JEQUIE;291800;Jequie;158.813;JEQUIE
2;Nordeste;29;Bahia;2910;SUL (NBS - ILHEUS);29015;JEQUIE;291760;Jaguaquara;45.964;JEQUIE
2;Nordeste;29;Bahia;2910;SUL (NBS - ILHEUS);29015;JEQUIE;291390;Ipiau;40.706;JEQUIE
2;Nordeste;29;Bahia;2910;SUL (NBS - ILHEUS);29015;JEQUIE;292050;Maracas;27.620;JEQUIE
2;Nordeste;29;Bahia;2910;SUL (NBS - ILHEUS);29015;JEQUIE;291290;Ibirataia;18.792;JEQUIE
2;Nordeste;29;Bahia;2910;SUL (NBS - ILHEUS);29015;JEQUIE;291520;Itagiba;15.310;JEQUIE
2;Nordeste;29;Bahia;2910;SUL (NBS - ILHEUS);29015;JEQUIE;291830;Jitauna;14.355;JEQUIE
2;Nordeste;29;Bahia;2910;SUL (NBS - ILHEUS);29015;JEQUIE;292040;Manoel Vitorino;13.860;JEQUIE
2;Nordeste;29;Bahia;2910;SUL (NBS - ILHEUS);29015;JEQUIE;291510;Itagi;13.803;JEQUIE
2;Nordeste;29;Bahia;2910;SUL (NBS - ILHEUS);29015;JEQUIE;290370;Boa Nova;13.690;JEQUIE
2;Nordeste;29;Bahia;2910;SUL (NBS - ILHEUS);29015;JEQUIE;290430;Brejoes;12.943;JEQUIE
2;Nordeste;29;Bahia;2910;SUL (NBS - ILHEUS);29015;JEQUIE;291690;Itirucu;10.999;JEQUIE
2;Nordeste;29;Bahia;2910;SUL (NBS - ILHEUS);29015;JEQUIE;291000;Dario Meira;10.820;JEQUIE
2;Nordeste;29;Bahia;2910;SUL (NBS - ILHEUS);29015;JEQUIE;291430;Iramaia;10.752;JEQUIE
2;Nordeste;29;Bahia;2910;SUL (NBS - ILHEUS);29015;JEQUIE;292790;Santa Ines;10.300;JEQUIE
2;Nordeste;29;Bahia;2910;SUL (NBS - ILHEUS);29015;JEQUIE;291670;Itaquara;8.153;JEQUIE
2;Nordeste;29;Bahia;2910;SUL (NBS - ILHEUS);29015;JEQUIE;292490;Planaltino;8.022;JEQUIE
2;Nordeste;29;Bahia;2910;SUL (NBS - ILHEUS);29015;JEQUIE;292280;Nova Itarana;7.780;JEQUIE
2;Nordeste;29;Bahia;2910;SUL (NBS - ILHEUS);29015;JEQUIE;291905;Lajedo do Tabocal;7.494;JEQUIE
2;Nordeste;29;Bahia;2910;SUL (NBS - ILHEUS);29015;JEQUIE;291570;Itamari;7.051;JEQUIE
2;Nordeste;29;Bahia;2910;SUL (NBS - ILHEUS);29015;JEQUIE;290195;Apuarema;6.913;JEQUIE
2;Nordeste;29;Bahia;2910;SUL (NBS - ILHEUS);29015;JEQUIE;291420;Irajuba;6.101;JEQUIE
2;Nordeste;29;Bahia;2910;SUL (NBS - ILHEUS);29015;JEQUIE;290310;Barra do Rocha;5.775;JEQUIE
2;Nordeste;29;Bahia;2910;SUL (NBS - ILHEUS);29015;JEQUIE;290060;Aiquara;4.447;JEQUIE
2;Nordeste;29;Bahia;2910;SUL (NBS - ILHEUS);29015;JEQUIE;290950;Cravolandia;4.415;JEQUIE
2;Nordeste;29;Bahia;2910;SUL (NBS - ILHEUS);29015;JEQUIE;291870;Lafaiete Coutinho;4.075;JEQUIE
2;Nordeste;29;Bahia;2913;NORTE - (NRS - JUAZEIRO);29016;JUAZEIRO;291840;Juazeiro;237.821;JUAZEIRO
2;Nordeste;29;Bahia;2913;NORTE - (NRS - JUAZEIRO);29016;JUAZEIRO;290720;Casa Nova;72.086;JUAZEIRO
2;Nordeste;29;Bahia;2913;NORTE - (NRS - JUAZEIRO);29016;JUAZEIRO;292600;Remanso;40.586;JUAZEIRO
2;Nordeste;29;Bahia;2913;NORTE - (NRS - JUAZEIRO);29016;JUAZEIRO;293020;Sento Se;38.154;JUAZEIRO
2;Nordeste;29;Bahia;2913;NORTE - (NRS - JUAZEIRO);29016;JUAZEIRO;292440;Pilao Arcado;35.357;JUAZEIRO
2;Nordeste;29;Bahia;2913;NORTE - (NRS - JUAZEIRO);29016;JUAZEIRO;290990;Curaca;34.180;JUAZEIRO
2;Nordeste;29;Bahia;2913;NORTE - (NRS - JUAZEIRO);29016;JUAZEIRO;290590;Campo Alegre de Lourdes;30.671;JUAZEIRO
2;Nordeste;29;Bahia;2913;NORTE - (NRS - JUAZEIRO);29016;JUAZEIRO;293077;Sobradinho;25.475;JUAZEIRO
2;Nordeste;29;Bahia;2913;NORTE - (NRS - JUAZEIRO);29016;JUAZEIRO;293200;Uaua;24.665;JUAZEIRO
2;Nordeste;29;Bahia;2913;NORTE - (NRS - JUAZEIRO);29016;JUAZEIRO;290682;Canudos;16.105;JUAZEIRO
2;Nordeste;29;Bahia;2913;NORTE - (NRS - JUAZEIRO);29017;PAULO AFONSO;292400;Paulo Afonso;112.870;PAULO AFONSO
2;Nordeste;29;Bahia;2913;NORTE - (NRS - JUAZEIRO);29017;PAULO AFONSO;291810;Jeremoabo;37.626;PAULO AFONSO
2;Nordeste;29;Bahia;2913;NORTE - (NRS - JUAZEIRO);29017;PAULO AFONSO;290020;Abare;17.639;PAULO AFONSO
2;Nordeste;29;Bahia;2913;NORTE - (NRS - JUAZEIRO);29017;PAULO AFONSO;291140;Gloria;15.524;PAULO AFONSO
2;Nordeste;29;Bahia;2913;NORTE - (NRS - JUAZEIRO);29017;PAULO AFONSO;292760;Santa Brigida;14.965;PAULO AFONSO
2;Nordeste;29;Bahia;2913;NORTE - (NRS - JUAZEIRO);29017;PAULO AFONSO;292420;Pedro Alexandre;13.954;PAULO AFONSO
2;Nordeste;29;Bahia;2913;NORTE - (NRS - JUAZEIRO);29017;PAULO AFONSO;290770;Chorrocho;10.579;PAULO AFONSO
2;Nordeste;29;Bahia;2913;NORTE - (NRS - JUAZEIRO);29017;PAULO AFONSO;292710;Rodelas;10.308;PAULO AFONSO
2;Nordeste;29;Bahia;2913;NORTE - (NRS - JUAZEIRO);29017;PAULO AFONSO;291990;Macurure;7.256;PAULO AFONSO
2;Nordeste;29;Bahia;2916;EXTREMO SUL (NRS - TEIXEIRA FREITAS);29018;PORTO SEGURO;292530;Porto Seguro;168.326;PORTO SEGURO
2;Nordeste;29;Bahia;2916;EXTREMO SUL (NRS - TEIXEIRA FREITAS);29018;PORTO SEGURO;291072;Eunapolis;113.710;PORTO SEGURO
2;Nordeste;29;Bahia;2916;EXTREMO SUL (NRS - TEIXEIRA FREITAS);29018;PORTO SEGURO;292770;Santa Cruz Cabralia;29.185;PORTO SEGURO
2;Nordeste;29;Bahia;2916;EXTREMO SUL (NRS - TEIXEIRA FREITAS);29018;PORTO SEGURO;291465;Itabela;28.165;PORTO SEGURO
2;Nordeste;29;Bahia;2916;EXTREMO SUL (NRS - TEIXEIRA FREITAS);29018;PORTO SEGURO;290340;Belmonte;20.121;PORTO SEGURO
2;Nordeste;29;Bahia;2916;EXTREMO SUL (NRS - TEIXEIRA FREITAS);29018;PORTO SEGURO;291180;Guaratinga;19.049;PORTO SEGURO
2;Nordeste;29;Bahia;2916;EXTREMO SUL (NRS - TEIXEIRA FREITAS);29018;PORTO SEGURO;291630;Itapebi;9.174;PORTO SEGURO
2;Nordeste;29;Bahia;2916;EXTREMO SUL (NRS - TEIXEIRA FREITAS);29018;PORTO SEGURO;291530;Itagimirim;6.347;PORTO SEGURO
2;Nordeste;29;Bahia;2914;NORDESTE (NRS - ALAGOINHAS);29019;RIBEIRA DO POMBAL;292660;Ribeira do Pombal;53.566;RIBEIRA DO POMBAL
2;Nordeste;29;Bahia;2914;NORDESTE (NRS - ALAGOINHAS);29019;RIBEIRA DO POMBAL;293190;Tucano;48.736;RIBEIRA DO POMBAL
2;Nordeste;29;Bahia;2914;NORDESTE (NRS - ALAGOINHAS);29019;RIBEIRA DO POMBAL;290780;Cicero Dantas;30.749;RIBEIRA DO POMBAL
2;Nordeste;29;Bahia;2914;NORDESTE (NRS - ALAGOINHAS);29019;RIBEIRA DO POMBAL;292380;Paripiranga;26.604;RIBEIRA DO POMBAL
2;Nordeste;29;Bahia;2914;NORDESTE (NRS - ALAGOINHAS);29019;RIBEIRA DO POMBAL;292290;Nova Soure;24.236;RIBEIRA DO POMBAL
2;Nordeste;29;Bahia;2914;NORDESTE (NRS - ALAGOINHAS);29019;RIBEIRA DO POMBAL;292310;Olindina;22.633;RIBEIRA DO POMBAL
2;Nordeste;29;Bahia;2914;NORDESTE (NRS - ALAGOINHAS);29019;RIBEIRA DO POMBAL;291075;Fatima;17.896;RIBEIRA DO POMBAL
2;Nordeste;29;Bahia;2914;NORDESTE (NRS - ALAGOINHAS);29019;RIBEIRA DO POMBAL;290790;Cipo;17.230;RIBEIRA DO POMBAL
2;Nordeste;29;Bahia;2914;NORDESTE (NRS - ALAGOINHAS);29019;RIBEIRA DO POMBAL;290920;Coronel Joao Sa;17.056;RIBEIRA DO POMBAL
2;Nordeste;29;Bahia;2914;NORDESTE (NRS - ALAGOINHAS);29019;RIBEIRA DO POMBAL;290160;Antas;14.752;RIBEIRA DO POMBAL
2;Nordeste;29;Bahia;2914;NORDESTE (NRS - ALAGOINHAS);29019;RIBEIRA DO POMBAL;290035;Adustina;14.201;RIBEIRA DO POMBAL
2;Nordeste;29;Bahia;2914;NORDESTE (NRS - ALAGOINHAS);29019;RIBEIRA DO POMBAL;292650;Ribeira do Amparo;14.064;RIBEIRA DO POMBAL
2;Nordeste;29;Bahia;2914;NORDESTE (NRS - ALAGOINHAS);29019;RIBEIRA DO POMBAL;293076;Sitio do Quinto;13.786;RIBEIRA DO POMBAL
2;Nordeste;29;Bahia;2914;NORDESTE (NRS - ALAGOINHAS);29019;RIBEIRA DO POMBAL;291185;Heliopolis;12.687;RIBEIRA DO POMBAL
2;Nordeste;29;Bahia;2914;NORDESTE (NRS - ALAGOINHAS);29019;RIBEIRA DO POMBAL;290265;Banzae;11.958;RIBEIRA DO POMBAL
2;Nordeste;29;Bahia;2914;NORDESTE (NRS - ALAGOINHAS);29019;RIBEIRA DO POMBAL;292305;Novo Triunfo;11.101;RIBEIRA DO POMBAL
2;Nordeste;29;Bahia;2915;LESTE - (NRS - SALVADOR);29020;SALVADOR;292740;Salvador;2.417.678;SALVADOR
2;Nordeste;29;Bahia;2915;LESTE - (NRS - SALVADOR);29020;SALVADOR;291920;Lauro de Freitas;203.331;SALVADOR
2;Nordeste;29;Bahia;2915;LESTE - (NRS - SALVADOR);29020;SALVADOR;290650;Candeias;72.382;SALVADOR
2;Nordeste;29;Bahia;2915;LESTE - (NRS - SALVADOR);29020;SALVADOR;292860;Santo Amaro;56.012;SALVADOR
2;Nordeste;29;Bahia;2915;LESTE - (NRS - SALVADOR);29020;SALVADOR;293320;Vera Cruz;42.529;SALVADOR
2;Nordeste;29;Bahia;2915;LESTE - (NRS - SALVADOR);29020;SALVADOR;292950;Sao Sebastiao do Passe;40.958;SALVADOR
2;Nordeste;29;Bahia;2915;LESTE - (NRS - SALVADOR);29020;SALVADOR;292920;Sao Francisco do Conde;38.733;SALVADOR
2;Nordeste;29;Bahia;2915;LESTE - (NRS - SALVADOR);29020;SALVADOR;291610;Itaparica;19.789;SALVADOR
2;Nordeste;29;Bahia;2915;LESTE - (NRS - SALVADOR);29020;SALVADOR;291992;Madre de Deus;18.504;SALVADOR
2;Nordeste;29;Bahia;2915;LESTE - (NRS - SALVADOR);29020;SALVADOR;292975;Saubara;11.438;SALVADOR
2;Nordeste;29;Bahia;2912;OESTE (NBS - BARREIRAS);29021;SANTA MARIA DA VITORIA;290390;Bom Jesus da Lapa;65.550;SANTA MARIA DA VITORIA
2;Nordeste;29;Bahia;2912;OESTE (NBS - BARREIRAS);29021;SANTA MARIA DA VITORIA;292810;Santa Maria da Vitoria;38.604;SANTA MARIA DA VITORIA
2;Nordeste;29;Bahia;2912;OESTE (NBS - BARREIRAS);29021;SANTA MARIA DA VITORIA;293015;Serra do Ramalho;34.222;SANTA MARIA DA VITORIA
2;Nordeste;29;Bahia;2912;OESTE (NBS - BARREIRAS);29021;SANTA MARIA DA VITORIA;290930;Correntina;32.457;SANTA MARIA DA VITORIA
2;Nordeste;29;Bahia;2912;OESTE (NBS - BARREIRAS);29021;SANTA MARIA DA VITORIA;292820;Santana;24.755;SANTA MARIA DA VITORIA
2;Nordeste;29;Bahia;2912;OESTE (NBS - BARREIRAS);29021;SANTA MARIA DA VITORIA;290810;Cocos;19.151;SANTA MARIA DA VITORIA
2;Nordeste;29;Bahia;2912;OESTE (NBS - BARREIRAS);29021;SANTA MARIA DA VITORIA;293030;Serra Dourada;17.066;SANTA MARIA DA VITORIA
2;Nordeste;29;Bahia;2912;OESTE (NBS - BARREIRAS);29021;SANTA MARIA DA VITORIA;292905;Sao Felix do Coribe;15.194;SANTA MARIA DA VITORIA
2;Nordeste;29;Bahia;2912;OESTE (NBS - BARREIRAS);29021;SANTA MARIA DA VITORIA;290910;Coribe;13.990;SANTA MARIA DA VITORIA
2;Nordeste;29;Bahia;2912;OESTE (NBS - BARREIRAS);29021;SANTA MARIA DA VITORIA;293075;Sitio do Mato;13.408;SANTA MARIA DA VITORIA
2;Nordeste;29;Bahia;2912;OESTE (NBS - BARREIRAS);29021;SANTA MARIA DA VITORIA;290610;Canapolis;10.225;SANTA MARIA DA VITORIA
2;Nordeste;29;Bahia;2912;OESTE (NBS - BARREIRAS);29021;SANTA MARIA DA VITORIA;291735;Jaborandi;9.275;SANTA MARIA DA VITORIA
2;Nordeste;29;Bahia;2915;LESTE - (NRS - SALVADOR);29022;SANTO ANTONIO DE JESUS;292870;Santo Antonio de Jesus;103.055;SANTO ANTONIO DE JESUS
2;Nordeste;29;Bahia;2915;LESTE - (NRS - SALVADOR);29022;SANTO ANTONIO DE JESUS;290100;Amargosa;36.521;SANTO ANTONIO DE JESUS
2;Nordeste;29;Bahia;2915;LESTE - (NRS - SALVADOR);29022;SANTO ANTONIO DE JESUS;292575;Presidente Tancredo Neves;27.734;SANTO ANTONIO DE JESUS
2;Nordeste;29;Bahia;2915;LESTE - (NRS - SALVADOR);29022;SANTO ANTONIO DE JESUS;292250;Nazare;27.060;SANTO ANTONIO DE JESUS
2;Nordeste;29;Bahia;2915;LESTE - (NRS - SALVADOR);29022;SANTO ANTONIO DE JESUS;290730;Castro Alves;24.712;SANTO ANTONIO DE JESUS
2;Nordeste;29;Bahia;2915;LESTE - (NRS - SALVADOR);29022;SANTO ANTONIO DE JESUS;291880;Laje;21.052;SANTO ANTONIO DE JESUS
2;Nordeste;29;Bahia;2915;LESTE - (NRS - SALVADOR);29022;SANTO ANTONIO DE JESUS;292910;Sao Felipe;20.283;SANTO ANTONIO DE JESUS
2;Nordeste;29;Bahia;2915;LESTE - (NRS - SALVADOR);29022;SANTO ANTONIO DE JESUS;292240;Mutuipe;20.037;SANTO ANTONIO DE JESUS
2;Nordeste;29;Bahia;2915;LESTE - (NRS - SALVADOR);29022;SANTO ANTONIO DE JESUS;293210;Ubaira;18.626;SANTO ANTONIO DE JESUS
2;Nordeste;29;Bahia;2915;LESTE - (NRS - SALVADOR);29022;SANTO ANTONIO DE JESUS;291780;Jaguaripe;17.659;SANTO ANTONIO DE JESUS
2;Nordeste;29;Bahia;2915;LESTE - (NRS - SALVADOR);29022;SANTO ANTONIO DE JESUS;290830;Conceicao do Almeida;15.794;SANTO ANTONIO DE JESUS
2;Nordeste;29;Bahia;2915;LESTE - (NRS - SALVADOR);29022;SANTO ANTONIO DE JESUS;291685;Itatim;15.737;SANTO ANTONIO DE JESUS
2;Nordeste;29;Bahia;2915;LESTE - (NRS - SALVADOR);29022;SANTO ANTONIO DE JESUS;293160;Teolandia;15.332;SANTO ANTONIO DE JESUS
2;Nordeste;29;Bahia;2915;LESTE - (NRS - SALVADOR);29022;SANTO ANTONIO DE JESUS;292730;Salinas da Margarida;14.987;SANTO ANTONIO DE JESUS
2;Nordeste;29;Bahia;2915;LESTE - (NRS - SALVADOR);29022;SANTO ANTONIO DE JESUS;291820;Jiquirica;13.629;SANTO ANTONIO DE JESUS
2;Nordeste;29;Bahia;2915;LESTE - (NRS - SALVADOR);29022;SANTO ANTONIO DE JESUS;292130;Milagres;11.071;SANTO ANTONIO DE JESUS
2;Nordeste;29;Bahia;2915;LESTE - (NRS - SALVADOR);29022;SANTO ANTONIO DE JESUS;292850;Santa Terezinha;10.441;SANTO ANTONIO DE JESUS
2;Nordeste;29;Bahia;2915;LESTE - (NRS - SALVADOR);29022;SANTO ANTONIO DE JESUS;292940;Sao Miguel das Matas;10.334;SANTO ANTONIO DE JESUS
2;Nordeste;29;Bahia;2915;LESTE - (NRS - SALVADOR);29022;SANTO ANTONIO DE JESUS;293317;Varzedo;9.913;SANTO ANTONIO DE JESUS
2;Nordeste;29;Bahia;2915;LESTE - (NRS - SALVADOR);29022;SANTO ANTONIO DE JESUS;290230;Aratuipe;8.677;SANTO ANTONIO DE JESUS
2;Nordeste;29;Bahia;2915;LESTE - (NRS - SALVADOR);29022;SANTO ANTONIO DE JESUS;291030;Elisio Medrado;7.808;SANTO ANTONIO DE JESUS
2;Nordeste;29;Bahia;2915;LESTE - (NRS - SALVADOR);29022;SANTO ANTONIO DE JESUS;292220;Muniz Ferreira;7.190;SANTO ANTONIO DE JESUS
2;Nordeste;29;Bahia;2915;LESTE - (NRS - SALVADOR);29022;SANTO ANTONIO DE JESUS;291020;Dom Macedo Costa;4.407;SANTO ANTONIO DE JESUS
2;Nordeste;29;Bahia;2917;CENTRO-LESTE (NRS - FEIRA SANTANA);29023;SEABRA;292990;Seabra;46.160;SEABRA
2;Nordeste;29;Bahia;2917;CENTRO-LESTE (NRS - FEIRA SANTANA);29023;SEABRA;291440;Iraquara;23.879;SEABRA
2;Nordeste;29;Bahia;2917;CENTRO-LESTE (NRS - FEIRA SANTANA);29023;SEABRA;292430;Piata;20.086;SEABRA
2;Nordeste;29;Bahia;2917;CENTRO-LESTE (NRS - FEIRA SANTANA);29023;SEABRA;293080;Souto Soares;17.054;SEABRA
2;Nordeste;29;Bahia;2917;CENTRO-LESTE (NRS - FEIRA SANTANA);29023;SEABRA;291300;Ibitiara;14.637;SEABRA
2;Nordeste;29;Bahia;2917;CENTRO-LESTE (NRS - FEIRA SANTANA);29023;SEABRA;290400;Boninal;13.622;SEABRA
2;Nordeste;29;Bahia;2917;CENTRO-LESTE (NRS - FEIRA SANTANA);29023;SEABRA;292190;Mucuge;12.137;SEABRA
2;Nordeste;29;Bahia;2917;CENTRO-LESTE (NRS - FEIRA SANTANA);29023;SEABRA;292303;Novo Horizonte;11.162;SEABRA
2;Nordeste;29;Bahia;2917;CENTRO-LESTE (NRS - FEIRA SANTANA);29023;SEABRA;291930;Lencois;10.774;SEABRA
2;Nordeste;29;Bahia;2917;CENTRO-LESTE (NRS - FEIRA SANTANA);29023;SEABRA;292350;Palmeiras;10.339;SEABRA
2;Nordeste;29;Bahia;2917;CENTRO-LESTE (NRS - FEIRA SANTANA);29023;SEABRA;290010;Abaira;7.301;SEABRA
2;Nordeste;29;Bahia;2913;NORTE - (NRS - JUAZEIRO);29024;SENHOR DO BONFIM;293010;Senhor do Bonfim;74.523;SENHOR DO BONFIM
2;Nordeste;29;Bahia;2913;NORTE - (NRS - JUAZEIRO);29024;SENHOR DO BONFIM;290600;Campo Formoso;71.377;SENHOR DO BONFIM
2;Nordeste;29;Bahia;2913;NORTE - (NRS - JUAZEIRO);29024;SENHOR DO BONFIM;291700;Itiuba;33.872;SENHOR DO BONFIM
2;Nordeste;29;Bahia;2913;NORTE - (NRS - JUAZEIRO);29024;SENHOR DO BONFIM;291770;Jaguarari;32.703;SENHOR DO BONFIM
2;Nordeste;29;Bahia;2913;NORTE - (NRS - JUAZEIRO);29024;SENHOR DO BONFIM;292460;Pindobacu;19.083;SENHOR DO BONFIM
2;Nordeste;29;Bahia;2913;NORTE - (NRS - JUAZEIRO);29024;SENHOR DO BONFIM;292525;Ponto Novo;17.938;SENHOR DO BONFIM
2;Nordeste;29;Bahia;2913;NORTE - (NRS - JUAZEIRO);29024;SENHOR DO BONFIM;291085;Filadelfia;17.897;SENHOR DO BONFIM
2;Nordeste;29;Bahia;2913;NORTE - (NRS - JUAZEIRO);29024;SENHOR DO BONFIM;290135;Andorinha;15.012;SENHOR DO BONFIM
2;Nordeste;29;Bahia;2913;NORTE - (NRS - JUAZEIRO);29024;SENHOR DO BONFIM;290180;Antonio Goncalves;10.862;SENHOR DO BONFIM
2;Nordeste;29;Bahia;2917;CENTRO-LESTE (NRS - FEIRA SANTANA);29025;SERRINHA;293050;Serrinha;80.435;SERRINHA
2;Nordeste;29;Bahia;2917;CENTRO-LESTE (NRS - FEIRA SANTANA);29025;SERRINHA;290840;Conceicao do Coite;67.825;SERRINHA
2;Nordeste;29;Bahia;2917;CENTRO-LESTE (NRS - FEIRA SANTANA);29025;SERRINHA;291070;Euclides da Cunha;61.456;SERRINHA
2;Nordeste;29;Bahia;2917;CENTRO-LESTE (NRS - FEIRA SANTANA);29025;SERRINHA;290210;Araci;48.294;SERRINHA
2;Nordeste;29;Bahia;2917;CENTRO-LESTE (NRS - FEIRA SANTANA);29025;SERRINHA;292150;Monte Santo;47.780;SERRINHA
2;Nordeste;29;Bahia;2917;CENTRO-LESTE (NRS - FEIRA SANTANA);29025;SERRINHA;292800;Santaluz;37.834;SERRINHA
2;Nordeste;29;Bahia;2917;CENTRO-LESTE (NRS - FEIRA SANTANA);29025;SERRINHA;290680;Cansancao;37.439;SERRINHA
2;Nordeste;29;Bahia;2917;CENTRO-LESTE (NRS - FEIRA SANTANA);29025;SERRINHA;292580;Queimadas;25.988;SERRINHA
2;Nordeste;29;Bahia;2917;CENTRO-LESTE (NRS - FEIRA SANTANA);29025;SERRINHA;292590;Quijingue;25.272;SERRINHA
2;Nordeste;29;Bahia;2917;CENTRO-LESTE (NRS - FEIRA SANTANA);29025;SERRINHA;293300;Valente;24.362;SERRINHA
2;Nordeste;29;Bahia;2917;CENTRO-LESTE (NRS - FEIRA SANTANA);29025;SERRINHA;293150;Teofilandia;21.176;SERRINHA
2;Nordeste;29;Bahia;2917;CENTRO-LESTE (NRS - FEIRA SANTANA);29025;SERRINHA;292265;Nordestina;18.523;SERRINHA
2;Nordeste;29;Bahia;2917;CENTRO-LESTE (NRS - FEIRA SANTANA);29025;SERRINHA;290327;Barrocas;15.203;SERRINHA
2;Nordeste;29;Bahia;2917;CENTRO-LESTE (NRS - FEIRA SANTANA);29025;SERRINHA;290360;Biritinga;15.146;SERRINHA
2;Nordeste;29;Bahia;2917;CENTRO-LESTE (NRS - FEIRA SANTANA);29025;SERRINHA;290040;Agua Fria;14.497;SERRINHA
2;Nordeste;29;Bahia;2917;CENTRO-LESTE (NRS - FEIRA SANTANA);29025;SERRINHA;292610;Retirolandia;13.651;SERRINHA
2;Nordeste;29;Bahia;2917;CENTRO-LESTE (NRS - FEIRA SANTANA);29025;SERRINHA;291910;Lamarao;9.015;SERRINHA
2;Nordeste;29;Bahia;2917;CENTRO-LESTE (NRS - FEIRA SANTANA);29025;SERRINHA;292895;Sao Domingos;8.426;SERRINHA
2;Nordeste;29;Bahia;2916;EXTREMO SUL (NRS - TEIXEIRA FREITAS);29026;TEIXEIRA DE FREITAS;293135;Teixeira de Freitas;145.216;TEIXEIRA DE FREITAS
2;Nordeste;29;Bahia;2916;EXTREMO SUL (NRS - TEIXEIRA FREITAS);29026;TEIXEIRA DE FREITAS;291560;Itamaraju;59.605;TEIXEIRA DE FREITAS
2;Nordeste;29;Bahia;2916;EXTREMO SUL (NRS - TEIXEIRA FREITAS);29026;TEIXEIRA DE FREITAS;292300;Nova Vicosa;39.509;TEIXEIRA DE FREITAS
2;Nordeste;29;Bahia;2916;EXTREMO SUL (NRS - TEIXEIRA FREITAS);29026;TEIXEIRA DE FREITAS;292200;Mucuri;37.977;TEIXEIRA DE FREITAS
2;Nordeste;29;Bahia;2916;EXTREMO SUL (NRS - TEIXEIRA FREITAS);29026;TEIXEIRA DE FREITAS;292550;Prado;35.003;TEIXEIRA DE FREITAS
2;Nordeste;29;Bahia;2916;EXTREMO SUL (NRS - TEIXEIRA FREITAS);29026;TEIXEIRA DE FREITAS;290080;Alcobaca;24.530;TEIXEIRA DE FREITAS
2;Nordeste;29;Bahia;2916;EXTREMO SUL (NRS - TEIXEIRA FREITAS);29026;TEIXEIRA DE FREITAS;292110;Medeiros Neto;22.194;TEIXEIRA DE FREITAS
2;Nordeste;29;Bahia;2916;EXTREMO SUL (NRS - TEIXEIRA FREITAS);29026;TEIXEIRA DE FREITAS;290690;Caravelas;20.580;TEIXEIRA DE FREITAS
2;Nordeste;29;Bahia;2916;EXTREMO SUL (NRS - TEIXEIRA FREITAS);29026;TEIXEIRA DE FREITAS;291600;Itanhem;17.813;TEIXEIRA DE FREITAS
2;Nordeste;29;Bahia;2916;EXTREMO SUL (NRS - TEIXEIRA FREITAS);29026;TEIXEIRA DE FREITAS;291845;Jucurucu;9.655;TEIXEIRA DE FREITAS
2;Nordeste;29;Bahia;2916;EXTREMO SUL (NRS - TEIXEIRA FREITAS);29026;TEIXEIRA DE FREITAS;291280;Ibirapua;8.896;TEIXEIRA DE FREITAS
2;Nordeste;29;Bahia;2916;EXTREMO SUL (NRS - TEIXEIRA FREITAS);29026;TEIXEIRA DE FREITAS;293325;Vereda;6.003;TEIXEIRA DE FREITAS
2;Nordeste;29;Bahia;2916;EXTREMO SUL (NRS - TEIXEIRA FREITAS);29026;TEIXEIRA DE FREITAS;291890;Lajedao;3.845;TEIXEIRA DE FREITAS
2;Nordeste;29;Bahia;2910;SUL (NBS - ILHEUS);29027;VALENCA;293290;Valenca;85.655;VALENCA
2;Nordeste;29;Bahia;2910;SUL (NBS - ILHEUS);29027;VALENCA;291120;Gandu;32.178;VALENCA
2;Nordeste;29;Bahia;2910;SUL (NBS - ILHEUS);29027;VALENCA;290580;Camamu;30.469;VALENCA
2;Nordeste;29;Bahia;2910;SUL (NBS - ILHEUS);29027;VALENCA;293350;Wenceslau Guimaraes;24.474;VALENCA
2;Nordeste;29;Bahia;2910;SUL (NBS - ILHEUS);29027;VALENCA;291730;Itubera;21.902;VALENCA
2;Nordeste;29;Bahia;2910;SUL (NBS - ILHEUS);29027;VALENCA;293120;Taperoa;18.044;VALENCA
2;Nordeste;29;Bahia;2910;SUL (NBS - ILHEUS);29027;VALENCA;290540;Cairu;17.761;VALENCA
2;Nordeste;29;Bahia;2910;SUL (NBS - ILHEUS);29027;VALENCA;291345;Igrapiuna;13.151;VALENCA
2;Nordeste;29;Bahia;2910;SUL (NBS - ILHEUS);29027;VALENCA;292260;Nilo Pecanha;12.063;VALENCA
2;Nordeste;29;Bahia;2910;SUL (NBS - ILHEUS);29027;VALENCA;292467;Pirai do Norte;10.974;VALENCA
2;Nordeste;29;Bahia;2910;SUL (NBS - ILHEUS);29027;VALENCA;292275;Nova Ibia;6.501;VALENCA
2;Nordeste;29;Bahia;2911;SUDOESTE (NBS - VITORIA CONQUISTA);29028;VITORIA DA CONQUISTA;293330;Vitoria da Conquista;370.879;VITORIA DA CONQUISTA
2;Nordeste;29;Bahia;2911;SUDOESTE (NBS - VITORIA CONQUISTA);29028;VITORIA DA CONQUISTA;292510;Pocoes;48.293;VITORIA DA CONQUISTA
2;Nordeste;29;Bahia;2911;SUDOESTE (NBS - VITORIA CONQUISTA);29028;VITORIA DA CONQUISTA;290290;Barra do Choca;36.539;VITORIA DA CONQUISTA
2;Nordeste;29;Bahia;2911;SUDOESTE (NBS - VITORIA CONQUISTA);29028;VITORIA DA CONQUISTA;290120;Anage;25.438;VITORIA DA CONQUISTA
2;Nordeste;29;Bahia;2911;SUDOESTE (NBS - VITORIA CONQUISTA);29028;VITORIA DA CONQUISTA;290670;Candido Sales;25.247;VITORIA DA CONQUISTA
2;Nordeste;29;Bahia;2911;SUDOESTE (NBS - VITORIA CONQUISTA);29028;VITORIA DA CONQUISTA;292500;Planalto;23.334;VITORIA DA CONQUISTA
2;Nordeste;29;Bahia;2911;SUDOESTE (NBS - VITORIA CONQUISTA);29028;VITORIA DA CONQUISTA;291040;Encruzilhada;19.107;VITORIA DA CONQUISTA
2;Nordeste;29;Bahia;2911;SUDOESTE (NBS - VITORIA CONQUISTA);29028;VITORIA DA CONQUISTA;290350;Belo Campo;18.412;VITORIA DA CONQUISTA
2;Nordeste;29;Bahia;2911;SUDOESTE (NBS - VITORIA CONQUISTA);29028;VITORIA DA CONQUISTA;290870;Condeuba;17.053;VITORIA DA CONQUISTA
2;Nordeste;29;Bahia;2911;SUDOESTE (NBS - VITORIA CONQUISTA);29028;VITORIA DA CONQUISTA;293180;Tremedal;16.277;VITORIA DA CONQUISTA
2;Nordeste;29;Bahia;2911;SUDOESTE (NBS - VITORIA CONQUISTA);29028;VITORIA DA CONQUISTA;292570;Presidente Janio Quadros;12.621;VITORIA DA CONQUISTA
2;Nordeste;29;Bahia;2911;SUDOESTE (NBS - VITORIA CONQUISTA);29028;VITORIA DA CONQUISTA;290515;Caetanos;11.266;VITORIA DA CONQUISTA
2;Nordeste;29;Bahia;2911;SUDOESTE (NBS - VITORIA CONQUISTA);29028;VITORIA DA CONQUISTA;292145;Mirante;10.187;VITORIA DA CONQUISTA
2;Nordeste;29;Bahia;2911;SUDOESTE (NBS - VITORIA CONQUISTA);29028;VITORIA DA CONQUISTA;290689;Caraibas;9.940;VITORIA DA CONQUISTA
2;Nordeste;29;Bahia;2911;SUDOESTE (NBS - VITORIA CONQUISTA);29028;VITORIA DA CONQUISTA;292665;Ribeirao do Largo;9.740;VITORIA DA CONQUISTA
2;Nordeste;29;Bahia;2911;SUDOESTE (NBS - VITORIA CONQUISTA);29028;VITORIA DA CONQUISTA;290395;Bom Jesus da Serra;9.730;VITORIA DA CONQUISTA
2;Nordeste;29;Bahia;2911;SUDOESTE (NBS - VITORIA CONQUISTA);29028;VITORIA DA CONQUISTA;292470;Piripa;9.171;VITORIA DA CONQUISTA
2;Nordeste;29;Bahia;2911;SUDOESTE (NBS - VITORIA CONQUISTA);29028;VITORIA DA CONQUISTA;290900;Cordeiros;7.546;VITORIA DA CONQUISTA
2;Nordeste;29;Bahia;2911;SUDOESTE (NBS - VITORIA CONQUISTA);29028;VITORIA DA CONQUISTA;291995;Maetinga;6.973;VITORIA DA CONQUISTA
3;Sudeste;31;Minas Gerais;3116;SUDOESTE;31001;ALFENAS MACHADO;310160;Alfenas;78.970;ALFENAS MACHADO
3;Sudeste;31;Minas Gerais;3116;SUDOESTE;31001;ALFENAS MACHADO;313900;Machado;37.684;ALFENAS MACHADO
3;Sudeste;31;Minas Gerais;3116;SUDOESTE;31001;ALFENAS MACHADO;311160;Campos Gerais;26.105;ALFENAS MACHADO
3;Sudeste;31;Minas Gerais;3116;SUDOESTE;31001;ALFENAS MACHADO;314720;Paraguacu;21.723;ALFENAS MACHADO
3;Sudeste;31;Minas Gerais;3116;SUDOESTE;31001;ALFENAS MACHADO;311100;Campestre;20.696;ALFENAS MACHADO
3;Sudeste;31;Minas Gerais;3116;SUDOESTE;31001;ALFENAS MACHADO;315170;Poco Fundo;16.390;ALFENAS MACHADO
3;Sudeste;31;Minas Gerais;3116;SUDOESTE;31001;ALFENAS MACHADO;310840;Botelhos;14.828;ALFENAS MACHADO
3;Sudeste;31;Minas Gerais;3116;SUDOESTE;31001;ALFENAS MACHADO;310200;Alterosa;13.915;ALFENAS MACHADO
3;Sudeste;31;Minas Gerais;3116;SUDOESTE;31001;ALFENAS MACHADO;310430;Areado;13.881;ALFENAS MACHADO
3;Sudeste;31;Minas Gerais;3116;SUDOESTE;31001;ALFENAS MACHADO;311130;Campo do Meio;11.377;ALFENAS MACHADO
3;Sudeste;31;Minas Gerais;3116;SUDOESTE;31001;ALFENAS MACHADO;311710;Conceicao da Aparecida;10.371;ALFENAS MACHADO
3;Sudeste;31;Minas Gerais;3116;SUDOESTE;31001;ALFENAS MACHADO;316690;Serrania;7.621;ALFENAS MACHADO
3;Sudeste;31;Minas Gerais;3116;SUDOESTE;31001;ALFENAS MACHADO;310530;Bandeira do Sul;5.943;ALFENAS MACHADO
3;Sudeste;31;Minas Gerais;3116;SUDOESTE;31001;ALFENAS MACHADO;312240;Divisa Nova;5.851;ALFENAS MACHADO
3;Sudeste;31;Minas Gerais;3116;SUDOESTE;31001;ALFENAS MACHADO;311470;Carvalhopolis;3.341;ALFENAS MACHADO
3;Sudeste;31;Minas Gerais;3116;SUDOESTE;31001;ALFENAS MACHADO;312520;Fama;2.578;ALFENAS MACHADO
3;Sudeste;31;Minas Gerais;3116;SUDOESTE;31002;GUAXUPE;312870;Guaxupe;50.911;GUAXUPE
3;Sudeste;31;Minas Gerais;3116;SUDOESTE;31002;GUAXUPE;314410;Muzambinho;21.891;GUAXUPE
3;Sudeste;31;Minas Gerais;3116;SUDOESTE;31002;GUAXUPE;312830;Guaranesia;19.150;GUAXUPE
3;Sudeste;31;Minas Gerais;3116;SUDOESTE;31002;GUAXUPE;314300;Monte Belo;13.046;GUAXUPE
3;Sudeste;31;Minas Gerais;3116;SUDOESTE;31002;GUAXUPE;310950;Cabo Verde;11.410;GUAXUPE
3;Sudeste;31;Minas Gerais;3116;SUDOESTE;31002;GUAXUPE;313690;Juruaia;11.084;GUAXUPE
3;Sudeste;31;Minas Gerais;3116;SUDOESTE;31002;GUAXUPE;310410;Arceburgo;9.177;GUAXUPE
3;Sudeste;31;Minas Gerais;3115;EXTREMO SUL;31003;ITAJUBA;313240;Itajuba;93.073;ITAJUBA
3;Sudeste;31;Minas Gerais;3115;EXTREMO SUL;31003;ITAJUBA;314730;Paraisopolis;20.445;ITAJUBA
3;Sudeste;31;Minas Gerais;3115;EXTREMO SUL;31003;ITAJUBA;313990;Maria da Fe;14.247;ITAJUBA
3;Sudeste;31;Minas Gerais;3115;EXTREMO SUL;31003;ITAJUBA;310890;Brazopolis;14.246;ITAJUBA
3;Sudeste;31;Minas Gerais;3115;EXTREMO SUL;31003;ITAJUBA;314910;Pedralva;10.760;ITAJUBA
3;Sudeste;31;Minas Gerais;3115;EXTREMO SUL;31003;ITAJUBA;315100;Piranguinho;9.120;ITAJUBA
3;Sudeste;31;Minas Gerais;3115;EXTREMO SUL;31003;ITAJUBA;312110;Delfim Moreira;7.952;ITAJUBA
3;Sudeste;31;Minas Gerais;3115;EXTREMO SUL;31003;ITAJUBA;316540;Sapucai-Mirim;6.311;ITAJUBA
3;Sudeste;31;Minas Gerais;3115;EXTREMO SUL;31003;ITAJUBA;315090;Pirangucu;6.041;ITAJUBA
3;Sudeste;31;Minas Gerais;3115;EXTREMO SUL;31003;ITAJUBA;312740;Goncalves;4.727;ITAJUBA
3;Sudeste;31;Minas Gerais;3115;EXTREMO SUL;31003;ITAJUBA;316320;Sao Jose do Alegre;4.133;ITAJUBA
3;Sudeste;31;Minas Gerais;3115;EXTREMO SUL;31003;ITAJUBA;314040;Marmelopolis;3.200;ITAJUBA
3;Sudeste;31;Minas Gerais;3115;EXTREMO SUL;31003;ITAJUBA;311720;Conceicao das Pedras;2.772;ITAJUBA
3;Sudeste;31;Minas Gerais;3115;EXTREMO SUL;31003;ITAJUBA;317220;Wenceslau Braz;2.356;ITAJUBA
3;Sudeste;31;Minas Gerais;3115;EXTREMO SUL;31003;ITAJUBA;311850;Consolacao;1.563;ITAJUBA
3;Sudeste;31;Minas Gerais;3101;SUL;31004;LAVRAS;313820;Lavras;104.761;LAVRAS
3;Sudeste;31;Minas Gerais;3101;SUL;31004;LAVRAS;314460;Nepomuceno;25.018;LAVRAS
3;Sudeste;31;Minas Gerais;3101;SUL;31004;LAVRAS;314990;Perdoes;21.384;LAVRAS
3;Sudeste;31;Minas Gerais;3101;SUL;31004;LAVRAS;313040;Ijaci;7.003;LAVRAS
3;Sudeste;31;Minas Gerais;3101;SUL;31004;LAVRAS;313430;Itumirim;6.638;LAVRAS
3;Sudeste;31;Minas Gerais;3101;SUL;31004;LAVRAS;313870;Luminarias;5.586;LAVRAS
3;Sudeste;31;Minas Gerais;3101;SUL;31004;LAVRAS;313450;Itutinga;4.217;LAVRAS
3;Sudeste;31;Minas Gerais;3101;SUL;31004;LAVRAS;315470;Ribeirao Vermelho;4.080;LAVRAS
3;Sudeste;31;Minas Gerais;3101;SUL;31004;LAVRAS;311460;Carrancas;4.049;LAVRAS
3;Sudeste;31;Minas Gerais;3101;SUL;31004;LAVRAS;313080;Ingai;2.580;LAVRAS
3;Sudeste;31;Minas Gerais;3115;EXTREMO SUL;31006;POCOS DE CALDAS;315180;Pocos de Caldas;163.742;POCOS DE CALDAS
3;Sudeste;31;Minas Gerais;3115;EXTREMO SUL;31006;POCOS DE CALDAS;310260;Andradas;40.553;POCOS DE CALDAS
3;Sudeste;31;Minas Gerais;3115;EXTREMO SUL;31006;POCOS DE CALDAS;311030;Caldas;14.217;POCOS DE CALDAS
3;Sudeste;31;Minas Gerais;3115;EXTREMO SUL;31006;POCOS DE CALDAS;315920;Santa Rita de Caldas;8.460;POCOS DE CALDAS
3;Sudeste;31;Minas Gerais;3115;EXTREMO SUL;31006;POCOS DE CALDAS;312990;Ibitiura de Minas;3.365;POCOS DE CALDAS
3;Sudeste;31;Minas Gerais;3115;EXTREMO SUL;31006;POCOS DE CALDAS;310140;Albertina;2.952;POCOS DE CALDAS
3;Sudeste;31;Minas Gerais;3115;EXTREMO SUL;31007;POUSO ALEGRE SANTA RITA DO SAPUCAI;315250;Pouso Alegre;152.217;POUSO ALEGRE SANTA RITA DO SAPUCAI
3;Sudeste;31;Minas Gerais;3115;EXTREMO SUL;31007;POUSO ALEGRE SANTA RITA DO SAPUCAI;312510;Extrema;53.482;POUSO ALEGRE SANTA RITA DO SAPUCAI
3;Sudeste;31;Minas Gerais;3115;EXTREMO SUL;31007;POUSO ALEGRE SANTA RITA DO SAPUCAI;315960;Santa Rita do Sapucai;40.635;POUSO ALEGRE SANTA RITA DO SAPUCAI
3;Sudeste;31;Minas Gerais;3115;EXTREMO SUL;31007;POUSO ALEGRE SANTA RITA DO SAPUCAI;314600;Ouro Fino;32.094;POUSO ALEGRE SANTA RITA DO SAPUCAI
3;Sudeste;31;Minas Gerais;3115;EXTREMO SUL;31007;POUSO ALEGRE SANTA RITA DO SAPUCAI;311060;Cambui;29.536;POUSO ALEGRE SANTA RITA DO SAPUCAI
3;Sudeste;31;Minas Gerais;3115;EXTREMO SUL;31007;POUSO ALEGRE SANTA RITA DO SAPUCAI;311050;Camanducaia;26.097;POUSO ALEGRE SANTA RITA DO SAPUCAI
3;Sudeste;31;Minas Gerais;3115;EXTREMO SUL;31007;POUSO ALEGRE SANTA RITA DO SAPUCAI;313490;Jacutinga;25.525;POUSO ALEGRE SANTA RITA DO SAPUCAI
3;Sudeste;31;Minas Gerais;3115;EXTREMO SUL;31007;POUSO ALEGRE SANTA RITA DO SAPUCAI;314340;Monte Siao;24.089;POUSO ALEGRE SANTA RITA DO SAPUCAI
3;Sudeste;31;Minas Gerais;3115;EXTREMO SUL;31007;POUSO ALEGRE SANTA RITA DO SAPUCAI;310830;Borda da Mata;17.404;POUSO ALEGRE SANTA RITA DO SAPUCAI
3;Sudeste;31;Minas Gerais;3115;EXTREMO SUL;31007;POUSO ALEGRE SANTA RITA DO SAPUCAI;310790;Bom Repouso;12.649;POUSO ALEGRE SANTA RITA DO SAPUCAI
3;Sudeste;31;Minas Gerais;3115;EXTREMO SUL;31007;POUSO ALEGRE SANTA RITA DO SAPUCAI;313360;Itapeva;12.596;POUSO ALEGRE SANTA RITA DO SAPUCAI
3;Sudeste;31;Minas Gerais;3115;EXTREMO SUL;31007;POUSO ALEGRE SANTA RITA DO SAPUCAI;310970;Cachoeira de Minas;11.883;POUSO ALEGRE SANTA RITA DO SAPUCAI
3;Sudeste;31;Minas Gerais;3115;EXTREMO SUL;31007;POUSO ALEGRE SANTA RITA DO SAPUCAI;312450;Estiva;11.502;POUSO ALEGRE SANTA RITA DO SAPUCAI
3;Sudeste;31;Minas Gerais;3115;EXTREMO SUL;31007;POUSO ALEGRE SANTA RITA DO SAPUCAI;311790;Congonhal;11.083;POUSO ALEGRE SANTA RITA DO SAPUCAI
3;Sudeste;31;Minas Gerais;3115;EXTREMO SUL;31007;POUSO ALEGRE SANTA RITA DO SAPUCAI;310910;Bueno Brandao;10.911;POUSO ALEGRE SANTA RITA DO SAPUCAI
3;Sudeste;31;Minas Gerais;3115;EXTREMO SUL;31007;POUSO ALEGRE SANTA RITA DO SAPUCAI;311780;Conceicao dos Ouros;10.880;POUSO ALEGRE SANTA RITA DO SAPUCAI
3;Sudeste;31;Minas Gerais;3115;EXTREMO SUL;31007;POUSO ALEGRE SANTA RITA DO SAPUCAI;313150;Ipuiuna;9.135;POUSO ALEGRE SANTA RITA DO SAPUCAI
3;Sudeste;31;Minas Gerais;3115;EXTREMO SUL;31007;POUSO ALEGRE SANTA RITA DO SAPUCAI;314380;Munhoz;7.547;POUSO ALEGRE SANTA RITA DO SAPUCAI
3;Sudeste;31;Minas Gerais;3115;EXTREMO SUL;31007;POUSO ALEGRE SANTA RITA DO SAPUCAI;313060;Inconfidentes;7.301;POUSO ALEGRE SANTA RITA DO SAPUCAI
3;Sudeste;31;Minas Gerais;3115;EXTREMO SUL;31007;POUSO ALEGRE SANTA RITA DO SAPUCAI;316910;Toledo;7.214;POUSO ALEGRE SANTA RITA DO SAPUCAI
3;Sudeste;31;Minas Gerais;3115;EXTREMO SUL;31007;POUSO ALEGRE SANTA RITA DO SAPUCAI;311360;Careacu;6.816;POUSO ALEGRE SANTA RITA DO SAPUCAI
3;Sudeste;31;Minas Gerais;3115;EXTREMO SUL;31007;POUSO ALEGRE SANTA RITA DO SAPUCAI;312440;Espirito Santo do Dourado;6.611;POUSO ALEGRE SANTA RITA DO SAPUCAI
3;Sudeste;31;Minas Gerais;3115;EXTREMO SUL;31007;POUSO ALEGRE SANTA RITA DO SAPUCAI;316440;Sao Sebastiao da Bela Vista;6.387;POUSO ALEGRE SANTA RITA DO SAPUCAI
3;Sudeste;31;Minas Gerais;3115;EXTREMO SUL;31007;POUSO ALEGRE SANTA RITA DO SAPUCAI;316557;Senador Amaral;6.206;POUSO ALEGRE SANTA RITA DO SAPUCAI
3;Sudeste;31;Minas Gerais;3115;EXTREMO SUL;31007;POUSO ALEGRE SANTA RITA DO SAPUCAI;316740;Silvianopolis;6.179;POUSO ALEGRE SANTA RITA DO SAPUCAI
3;Sudeste;31;Minas Gerais;3115;EXTREMO SUL;31007;POUSO ALEGRE SANTA RITA DO SAPUCAI;312920;Heliodora;6.134;POUSO ALEGRE SANTA RITA DO SAPUCAI
3;Sudeste;31;Minas Gerais;3115;EXTREMO SUL;31007;POUSO ALEGRE SANTA RITA DO SAPUCAI;316980;Turvolandia;4.935;POUSO ALEGRE SANTA RITA DO SAPUCAI
3;Sudeste;31;Minas Gerais;3115;EXTREMO SUL;31007;POUSO ALEGRE SANTA RITA DO SAPUCAI;314440;Natercia;4.691;POUSO ALEGRE SANTA RITA DO SAPUCAI
3;Sudeste;31;Minas Gerais;3115;EXTREMO SUL;31007;POUSO ALEGRE SANTA RITA DO SAPUCAI;311990;Corrego do Bom Jesus;4.272;POUSO ALEGRE SANTA RITA DO SAPUCAI
3;Sudeste;31;Minas Gerais;3115;EXTREMO SUL;31007;POUSO ALEGRE SANTA RITA DO SAPUCAI;316905;Tocos do Moji;3.826;POUSO ALEGRE SANTA RITA DO SAPUCAI
3;Sudeste;31;Minas Gerais;3115;EXTREMO SUL;31007;POUSO ALEGRE SANTA RITA DO SAPUCAI;316230;Sao Joao da Mata;2.914;POUSO ALEGRE SANTA RITA DO SAPUCAI
3;Sudeste;31;Minas Gerais;3115;EXTREMO SUL;31007;POUSO ALEGRE SANTA RITA DO SAPUCAI;316580;Senador Jose Bento;2.068;POUSO ALEGRE SANTA RITA DO SAPUCAI
3;Sudeste;31;Minas Gerais;3101;SUL;31008;SAO LOURENCO;316370;Sao Lourenco;44.798;SAO LOURENCO
3;Sudeste;31;Minas Gerais;3101;SUL;31008;SAO LOURENCO;311550;Caxambu;21.056;SAO LOURENCO
3;Sudeste;31;Minas Gerais;3101;SUL;31008;SAO LOURENCO;313780;Lambari;20.414;SAO LOURENCO
3;Sudeste;31;Minas Gerais;3101;SUL;31008;SAO LOURENCO;310490;Baependi;18.366;SAO LOURENCO
3;Sudeste;31;Minas Gerais;3101;SUL;31008;SAO LOURENCO;314760;Passa Quatro;15.515;SAO LOURENCO
3;Sudeste;31;Minas Gerais;3101;SUL;31008;SAO LOURENCO;312080;Cruzilia;15.362;SAO LOURENCO
3;Sudeste;31;Minas Gerais;3101;SUL;31008;SAO LOURENCO;313310;Itanhandu;15.236;SAO LOURENCO
3;Sudeste;31;Minas Gerais;3101;SUL;31008;SAO LOURENCO;313300;Itamonte;14.786;SAO LOURENCO
3;Sudeste;31;Minas Gerais;3101;SUL;31008;SAO LOURENCO;311410;Carmo de Minas;13.797;SAO LOURENCO
3;Sudeste;31;Minas Gerais;3101;SUL;31008;SAO LOURENCO;311770;Conceicao do Rio Verde;12.541;SAO LOURENCO
3;Sudeste;31;Minas Gerais;3101;SUL;31008;SAO LOURENCO;312050;Cristina;10.374;SAO LOURENCO
3;Sudeste;31;Minas Gerais;3101;SUL;31008;SAO LOURENCO;317170;Virginia;8.908;SAO LOURENCO
3;Sudeste;31;Minas Gerais;3101;SUL;31008;SAO LOURENCO;315260;Pouso Alto;6.566;SAO LOURENCO
3;Sudeste;31;Minas Gerais;3101;SUL;31008;SAO LOURENCO;310120;Aiuruoca;6.233;SAO LOURENCO
3;Sudeste;31;Minas Gerais;3101;SUL;31008;SAO LOURENCO;316780;Soledade de Minas;5.613;SAO LOURENCO
3;Sudeste;31;Minas Gerais;3101;SUL;31008;SAO LOURENCO;313590;Jesuania;5.138;SAO LOURENCO
3;Sudeste;31;Minas Gerais;3101;SUL;31008;SAO LOURENCO;311480;Carvalhos;4.422;SAO LOURENCO
3;Sudeste;31;Minas Gerais;3101;SUL;31008;SAO LOURENCO;314190;Minduri;3.741;SAO LOURENCO
3;Sudeste;31;Minas Gerais;3101;SUL;31008;SAO LOURENCO;312280;Dom Vicoso;3.095;SAO LOURENCO
3;Sudeste;31;Minas Gerais;3101;SUL;31008;SAO LOURENCO;310130;Alagoa;2.749;SAO LOURENCO
3;Sudeste;31;Minas Gerais;3101;SUL;31008;SAO LOURENCO;314550;Olimpio Noronha;2.555;SAO LOURENCO
3;Sudeste;31;Minas Gerais;3101;SUL;31008;SAO LOURENCO;316490;Sao Sebastiao do Rio Verde;2.300;SAO LOURENCO
3;Sudeste;31;Minas Gerais;3101;SUL;31008;SAO LOURENCO;316700;Serranos;1.990;SAO LOURENCO
3;Sudeste;31;Minas Gerais;3101;SUL;31008;SAO LOURENCO;316640;Seritinga;1.819;SAO LOURENCO
3;Sudeste;31;Minas Gerais;3116;SUDOESTE;31009;SAO SEBASTIAO DO PARAISO;316470;Sao Sebastiao do Paraiso;71.796;SAO SEBASTIAO DO PARAISO
3;Sudeste;31;Minas Gerais;3116;SUDOESTE;31009;SAO SEBASTIAO DO PARAISO;314320;Monte Santo de Minas;20.890;SAO SEBASTIAO DO PARAISO
3;Sudeste;31;Minas Gerais;3116;SUDOESTE;31009;SAO SEBASTIAO DO PARAISO;313290;Itamogi;10.770;SAO SEBASTIAO DO PARAISO
3;Sudeste;31;Minas Gerais;3116;SUDOESTE;31009;SAO SEBASTIAO DO PARAISO;315290;Pratapolis;8.406;SAO SEBASTIAO DO PARAISO
3;Sudeste;31;Minas Gerais;3116;SUDOESTE;31009;SAO SEBASTIAO DO PARAISO;313480;Jacui;7.495;SAO SEBASTIAO DO PARAISO
3;Sudeste;31;Minas Gerais;3116;SUDOESTE;31009;SAO SEBASTIAO DO PARAISO;316510;Sao Tomas de Aquino;6.740;SAO SEBASTIAO DO PARAISO
3;Sudeste;31;Minas Gerais;3101;SUL;31010;TRES CORACOES;316930;Tres Coracoes;75.485;TRES CORACOES
3;Sudeste;31;Minas Gerais;3101;SUL;31010;TRES CORACOES;311070;Cambuquira;12.313;TRES CORACOES
3;Sudeste;31;Minas Gerais;3101;SUL;31010;TRES CORACOES;311390;Carmo da Cachoeira;11.547;TRES CORACOES
3;Sudeste;31;Minas Gerais;3101;SUL;31010;TRES CORACOES;316520;Sao Tome das Letras;6.904;TRES CORACOES
3;Sudeste;31;Minas Gerais;3101;SUL;31010;TRES CORACOES;316080;Sao Bento Abade;4.713;TRES CORACOES
3;Sudeste;31;Minas Gerais;3101;SUL;31011;TRES PONTAS;316940;Tres Pontas;55.255;TRES PONTAS
3;Sudeste;31;Minas Gerais;3101;SUL;31011;TRES PONTAS;310710;Boa Esperanca;39.848;TRES PONTAS
3;Sudeste;31;Minas Gerais;3101;SUL;31011;TRES PONTAS;313050;Ilicinea;12.741;TRES PONTAS
3;Sudeste;31;Minas Gerais;3101;SUL;31011;TRES PONTAS;311870;Coqueiral;9.023;TRES PONTAS
3;Sudeste;31;Minas Gerais;3101;SUL;31011;TRES PONTAS;315830;Santana da Vargem;6.691;TRES PONTAS
3;Sudeste;31;Minas Gerais;3101;SUL;31012;VARGINHA;317070;Varginha;136.467;VARGINHA
3;Sudeste;31;Minas Gerais;3101;SUL;31012;VARGINHA;312360;Eloi Mendes;26.336;VARGINHA
3;Sudeste;31;Minas Gerais;3101;SUL;31012;VARGINHA;316200;Sao Goncalo do Sapucai;23.959;VARGINHA
3;Sudeste;31;Minas Gerais;3101;SUL;31012;VARGINHA;311090;Campanha;15.935;VARGINHA
3;Sudeste;31;Minas Gerais;3101;SUL;31012;VARGINHA;314260;Monsenhor Paulo;8.340;VARGINHA
3;Sudeste;31;Minas Gerais;3101;SUL;31012;VARGINHA;311900;Cordislandia;3.200;VARGINHA
3;Sudeste;31;Minas Gerais;3102;CENTRO SUL;31013;BARBACENA;310560;Barbacena;125.317;BARBACENA
3;Sudeste;31;Minas Gerais;3102;CENTRO SUL;31013;BARBACENA;311320;Carandai;23.812;BARBACENA
3;Sudeste;31;Minas Gerais;3102;CENTRO SUL;31013;BARBACENA;310290;Antonio Carlos;11.095;BARBACENA
3;Sudeste;31;Minas Gerais;3102;CENTRO SUL;31013;BARBACENA;310210;Alto Rio Doce;10.891;BARBACENA
3;Sudeste;31;Minas Gerais;3102;CENTRO SUL;31013;BARBACENA;316620;Senhora dos Remedios;10.384;BARBACENA
3;Sudeste;31;Minas Gerais;3102;CENTRO SUL;31013;BARBACENA;310163;Alfredo Vasconcelos;6.931;BARBACENA
3;Sudeste;31;Minas Gerais;3102;CENTRO SUL;31013;BARBACENA;311630;Cipotanea;5.581;BARBACENA
3;Sudeste;31;Minas Gerais;3102;CENTRO SUL;31013;BARBACENA;312940;Ibertioga;5.198;BARBACENA
3;Sudeste;31;Minas Gerais;3102;CENTRO SUL;31013;BARBACENA;315440;Ressaquinha;4.548;BARBACENA
3;Sudeste;31;Minas Gerais;3102;CENTRO SUL;31013;BARBACENA;311220;Capela Nova;4.362;BARBACENA
3;Sudeste;31;Minas Gerais;3102;CENTRO SUL;31013;BARBACENA;315730;Santa Barbara do Tugurio;4.208;BARBACENA
3;Sudeste;31;Minas Gerais;3102;CENTRO SUL;31013;BARBACENA;315940;Santa Rita de Ibitipoca;3.301;BARBACENA
3;Sudeste;31;Minas Gerais;3102;CENTRO SUL;31013;BARBACENA;312150;Desterro do Melo;2.994;BARBACENA
3;Sudeste;31;Minas Gerais;3102;CENTRO SUL;31013;BARBACENA;315870;Santana do Garambeu;2.137;BARBACENA
3;Sudeste;31;Minas Gerais;3102;CENTRO SUL;31013;BARBACENA;314660;Paiva;1.474;BARBACENA
3;Sudeste;31;Minas Gerais;3102;CENTRO SUL;31015;SAO JOAO DEL REI;316250;Sao Joao del Rei;90.225;SAO JOAO DEL REI
3;Sudeste;31;Minas Gerais;3102;CENTRO SUL;31015;SAO JOAO DEL REI;310590;Barroso;20.080;SAO JOAO DEL REI
3;Sudeste;31;Minas Gerais;3102;CENTRO SUL;31015;SAO JOAO DEL REI;310800;Bom Sucesso;17.151;SAO JOAO DEL REI
3;Sudeste;31;Minas Gerais;3102;CENTRO SUL;31015;SAO JOAO DEL REI;313740;Lagoa Dourada;12.769;SAO JOAO DEL REI
3;Sudeste;31;Minas Gerais;3102;CENTRO SUL;31015;SAO JOAO DEL REI;315420;Resende Costa;11.230;SAO JOAO DEL REI
3;Sudeste;31;Minas Gerais;3102;CENTRO SUL;31015;SAO JOAO DEL REI;316500;Sao Tiago;11.192;SAO JOAO DEL REI
3;Sudeste;31;Minas Gerais;3102;CENTRO SUL;31015;SAO JOAO DEL REI;312300;Dores de Campos;10.007;SAO JOAO DEL REI
3;Sudeste;31;Minas Gerais;3102;CENTRO SUL;31015;SAO JOAO DEL REI;315270;Prados;9.048;SAO JOAO DEL REI
3;Sudeste;31;Minas Gerais;3102;CENTRO SUL;31015;SAO JOAO DEL REI;314450;Nazareno;8.179;SAO JOAO DEL REI
3;Sudeste;31;Minas Gerais;3102;CENTRO SUL;31015;SAO JOAO DEL REI;315733;Santa Cruz de Minas;8.109;SAO JOAO DEL REI
3;Sudeste;31;Minas Gerais;3102;CENTRO SUL;31015;SAO JOAO DEL REI;316880;Tiradentes;7.744;SAO JOAO DEL REI
3;Sudeste;31;Minas Gerais;3102;CENTRO SUL;31015;SAO JOAO DEL REI;316530;Sao Vicente de Minas;6.804;SAO JOAO DEL REI
3;Sudeste;31;Minas Gerais;3102;CENTRO SUL;31015;SAO JOAO DEL REI;313910;Madre de Deus de Minas;5.191;SAO JOAO DEL REI
3;Sudeste;31;Minas Gerais;3102;CENTRO SUL;31015;SAO JOAO DEL REI;315610;Ritapolis;4.994;SAO JOAO DEL REI
3;Sudeste;31;Minas Gerais;3102;CENTRO SUL;31015;SAO JOAO DEL REI;315030;Piedade do Rio Grande;4.604;SAO JOAO DEL REI
3;Sudeste;31;Minas Gerais;3102;CENTRO SUL;31015;SAO JOAO DEL REI;311520;Conceicao da Barra de Minas;3.560;SAO JOAO DEL REI
3;Sudeste;31;Minas Gerais;3102;CENTRO SUL;31015;SAO JOAO DEL REI;311970;Coronel Xavier Chaves;3.486;SAO JOAO DEL REI
3;Sudeste;31;Minas Gerais;3102;CENTRO SUL;31015;SAO JOAO DEL REI;313000;Ibituruna;2.698;SAO JOAO DEL REI
3;Sudeste;31;Minas Gerais;3103;CENTRO;31016;BELO HORIZONTE NOVA LIMA SANTA LUZIA;310620;Belo Horizonte;2.315.560;BELO HORIZONTE NOVA LIMA SANTA LUZIA
3;Sudeste;31;Minas Gerais;3103;CENTRO;31016;BELO HORIZONTE NOVA LIMA SANTA LUZIA;315460;Ribeirao das Neves;329.794;BELO HORIZONTE NOVA LIMA SANTA LUZIA
3;Sudeste;31;Minas Gerais;3103;CENTRO;31016;BELO HORIZONTE NOVA LIMA SANTA LUZIA;315780;Santa Luzia;219.132;BELO HORIZONTE NOVA LIMA SANTA LUZIA
3;Sudeste;31;Minas Gerais;3103;CENTRO;31016;BELO HORIZONTE NOVA LIMA SANTA LUZIA;315670;Sabara;129.380;BELO HORIZONTE NOVA LIMA SANTA LUZIA
3;Sudeste;31;Minas Gerais;3103;CENTRO;31016;BELO HORIZONTE NOVA LIMA SANTA LUZIA;314480;Nova Lima;111.697;BELO HORIZONTE NOVA LIMA SANTA LUZIA
3;Sudeste;31;Minas Gerais;3103;CENTRO;31016;BELO HORIZONTE NOVA LIMA SANTA LUZIA;311000;Caete;38.776;BELO HORIZONTE NOVA LIMA SANTA LUZIA
3;Sudeste;31;Minas Gerais;3103;CENTRO;31016;BELO HORIZONTE NOVA LIMA SANTA LUZIA;313460;Jaboticatubas;20.406;BELO HORIZONTE NOVA LIMA SANTA LUZIA
3;Sudeste;31;Minas Gerais;3103;CENTRO;31016;BELO HORIZONTE NOVA LIMA SANTA LUZIA;315390;Raposos;16.279;BELO HORIZONTE NOVA LIMA SANTA LUZIA
3;Sudeste;31;Minas Gerais;3103;CENTRO;31016;BELO HORIZONTE NOVA LIMA SANTA LUZIA;315480;Rio Acima;10.261;BELO HORIZONTE NOVA LIMA SANTA LUZIA
3;Sudeste;31;Minas Gerais;3103;CENTRO;31016;BELO HORIZONTE NOVA LIMA SANTA LUZIA;310640;Belo Vale;8.627;BELO HORIZONTE NOVA LIMA SANTA LUZIA
3;Sudeste;31;Minas Gerais;3103;CENTRO;31016;BELO HORIZONTE NOVA LIMA SANTA LUZIA;313660;Nova Uniao;5.909;BELO HORIZONTE NOVA LIMA SANTA LUZIA
3;Sudeste;31;Minas Gerais;3103;CENTRO;31016;BELO HORIZONTE NOVA LIMA SANTA LUZIA;314230;Moeda;5.125;BELO HORIZONTE NOVA LIMA SANTA LUZIA
3;Sudeste;31;Minas Gerais;3103;CENTRO;31016;BELO HORIZONTE NOVA LIMA SANTA LUZIA;316830;Taquaracu de Minas;4.224;BELO HORIZONTE NOVA LIMA SANTA LUZIA
3;Sudeste;31;Minas Gerais;3103;CENTRO;31017;BETIM;310670;Betim;411.846;BETIM
3;Sudeste;31;Minas Gerais;3103;CENTRO;31017;BETIM;312410;Esmeraldas;85.598;BETIM
3;Sudeste;31;Minas Gerais;3103;CENTRO;31017;BETIM;313010;Igarape;45.847;BETIM
3;Sudeste;31;Minas Gerais;3103;CENTRO;31017;BETIM;310900;Brumadinho;38.915;BETIM
3;Sudeste;31;Minas Gerais;3103;CENTRO;31017;BETIM;314070;Mateus Leme;37.841;BETIM
3;Sudeste;31;Minas Gerais;3103;CENTRO;31017;BETIM;316292;Sao Joaquim de Bicas;34.348;BETIM
3;Sudeste;31;Minas Gerais;3103;CENTRO;31017;BETIM;313665;Juatuba;30.716;BETIM
3;Sudeste;31;Minas Gerais;3103;CENTRO;31017;BETIM;314015;Mario Campos;15.900;BETIM
3;Sudeste;31;Minas Gerais;3103;CENTRO;31017;BETIM;312600;Florestal;8.045;BETIM
3;Sudeste;31;Minas Gerais;3103;CENTRO;31017;BETIM;310810;Bonfim;7.434;BETIM
3;Sudeste;31;Minas Gerais;3103;CENTRO;31017;BETIM;315530;Rio Manso;5.568;BETIM
3;Sudeste;31;Minas Gerais;3103;CENTRO;31017;BETIM;312060;Crucilandia;5.434;BETIM
3;Sudeste;31;Minas Gerais;3103;CENTRO;31017;BETIM;315040;Piedade dos Gerais;5.019;BETIM
3;Sudeste;31;Minas Gerais;3103;CENTRO;31018;CONTAGEM;311860;Contagem;621.863;CONTAGEM
3;Sudeste;31;Minas Gerais;3103;CENTRO;31018;CONTAGEM;312980;Ibirite;170.537;CONTAGEM
3;Sudeste;31;Minas Gerais;3103;CENTRO;31018;CONTAGEM;316553;Sarzedo;36.844;CONTAGEM
3;Sudeste;31;Minas Gerais;3103;CENTRO;31019;CURVELO;312090;Curvelo;80.665;CURVELO
3;Sudeste;31;Minas Gerais;3103;CENTRO;31019;CURVELO;316935;Tres Marias;28.895;CURVELO
3;Sudeste;31;Minas Gerais;3103;CENTRO;31019;CURVELO;311910;Corinto;23.532;CURVELO
3;Sudeste;31;Minas Gerais;3103;CENTRO;31019;CURVELO;312570;Felixlandia;13.978;CURVELO
3;Sudeste;31;Minas Gerais;3103;CENTRO;31019;CURVELO;310920;Buenopolis;9.150;CURVELO
3;Sudeste;31;Minas Gerais;3103;CENTRO;31019;CURVELO;313110;Inimutaba;7.371;CURVELO
3;Sudeste;31;Minas Gerais;3103;CENTRO;31019;CURVELO;310480;Augusto de Lima;4.538;CURVELO
3;Sudeste;31;Minas Gerais;3103;CENTRO;31019;CURVELO;315320;Presidente Juscelino;3.465;CURVELO
3;Sudeste;31;Minas Gerais;3103;CENTRO;31019;CURVELO;316060;Santo Hipolito;2.717;CURVELO
3;Sudeste;31;Minas Gerais;3103;CENTRO;31019;CURVELO;314360;Morro da Garca;2.411;CURVELO
3;Sudeste;31;Minas Gerais;3103;CENTRO;31019;CURVELO;314250;Monjolos;2.169;CURVELO
3;Sudeste;31;Minas Gerais;3103;CENTRO;31020;GUANHAES;312800;Guanhaes;32.244;GUANHAES
3;Sudeste;31;Minas Gerais;3103;CENTRO;31020;GUANHAES;315680;Sabinopolis;14.240;GUANHAES
3;Sudeste;31;Minas Gerais;3103;CENTRO;31020;GUANHAES;315600;Rio Vermelho;12.641;GUANHAES
3;Sudeste;31;Minas Gerais;3103;CENTRO;31020;GUANHAES;317180;Virginopolis;10.314;GUANHAES
3;Sudeste;31;Minas Gerais;3103;CENTRO;31020;GUANHAES;312310;Dores de Guanhaes;5.029;GUANHAES
3;Sudeste;31;Minas Gerais;3103;CENTRO;31020;GUANHAES;312260;Dom Joaquim;4.899;GUANHAES
3;Sudeste;31;Minas Gerais;3103;CENTRO;31020;GUANHAES;314060;Materlandia;3.963;GUANHAES
3;Sudeste;31;Minas Gerais;3103;CENTRO;31020;GUANHAES;316610;Senhora do Porto;3.067;GUANHAES
3;Sudeste;31;Minas Gerais;3103;CENTRO;31020;GUANHAES;311380;Carmesia;2.605;GUANHAES
3;Sudeste;31;Minas Gerais;3103;CENTRO;31021;ITABIRA;313170;Itabira;113.343;ITABIRA
3;Sudeste;31;Minas Gerais;3103;CENTRO;31021;ITABIRA;310540;Barao de Cocais;30.778;ITABIRA
3;Sudeste;31;Minas Gerais;3103;CENTRO;31021;ITABIRA;315720;Santa Barbara;30.466;ITABIRA
3;Sudeste;31;Minas Gerais;3103;CENTRO;31021;ITABIRA;316190;Sao Goncalo do Rio Abaixo;11.850;ITABIRA
3;Sudeste;31;Minas Gerais;3103;CENTRO;31021;ITABIRA;315800;Santa Maria de Itabira;10.485;ITABIRA
3;Sudeste;31;Minas Gerais;3103;CENTRO;31021;ITABIRA;312590;Ferros;9.590;ITABIRA
3;Sudeste;31;Minas Gerais;3103;CENTRO;31021;ITABIRA;310770;Bom Jesus do Amparo;5.631;ITABIRA
3;Sudeste;31;Minas Gerais;3103;CENTRO;31021;ITABIRA;311535;Catas Altas;5.473;ITABIRA
3;Sudeste;31;Minas Gerais;3103;CENTRO;31021;ITABIRA;314370;Morro do Pilar;3.133;ITABIRA
3;Sudeste;31;Minas Gerais;3103;CENTRO;31021;ITABIRA;313280;Itambe do Mato Dentro;2.142;ITABIRA
3;Sudeste;31;Minas Gerais;3103;CENTRO;31021;ITABIRA;316050;Santo Antonio do Rio Abaixo;1.808;ITABIRA
3;Sudeste;31;Minas Gerais;3103;CENTRO;31021;ITABIRA;314750;Passabem;1.600;ITABIRA
3;Sudeste;31;Minas Gerais;3103;CENTRO;31021;ITABIRA;316480;Sao Sebastiao do Rio Preto;1.259;ITABIRA
3;Sudeste;31;Minas Gerais;3103;CENTRO;31022;OURO PRETO;314610;Ouro Preto;74.821;OURO PRETO
3;Sudeste;31;Minas Gerais;3103;CENTRO;31022;OURO PRETO;314000;Mariana;61.387;OURO PRETO
3;Sudeste;31;Minas Gerais;3103;CENTRO;31022;OURO PRETO;313190;Itabirito;53.365;OURO PRETO
3;Sudeste;31;Minas Gerais;3103;CENTRO;31023;JOAO MONLEVADE;313620;Joao Monlevade;80.187;JOAO MONLEVADE
3;Sudeste;31;Minas Gerais;3103;CENTRO;31023;JOAO MONLEVADE;314470;Nova Era;17.438;JOAO MONLEVADE
3;Sudeste;31;Minas Gerais;3103;CENTRO;31023;JOAO MONLEVADE;316100;Sao Domingos do Prata;17.392;JOAO MONLEVADE
3;Sudeste;31;Minas Gerais;3103;CENTRO;31023;JOAO MONLEVADE;315570;Rio Piracicaba;14.631;JOAO MONLEVADE
3;Sudeste;31;Minas Gerais;3103;CENTRO;31023;JOAO MONLEVADE;310600;Bela Vista de Minas;10.167;JOAO MONLEVADE
3;Sudeste;31;Minas Gerais;3103;CENTRO;31024;SETE LAGOAS;316720;Sete Lagoas;227.397;SETE LAGOAS
3;Sudeste;31;Minas Gerais;3103;CENTRO;31024;SETE LAGOAS;315200;Pompeu;31.047;SETE LAGOAS
3;Sudeste;31;Minas Gerais;3103;CENTRO;31024;SETE LAGOAS;314740;Paraopeba;24.107;SETE LAGOAS
3;Sudeste;31;Minas Gerais;3103;CENTRO;31024;SETE LAGOAS;310020;Abaete;22.675;SETE LAGOAS
3;Sudeste;31;Minas Gerais;3103;CENTRO;31024;SETE LAGOAS;314690;Papagaios;13.920;SETE LAGOAS
3;Sudeste;31;Minas Gerais;3103;CENTRO;31024;SETE LAGOAS;315360;Prudente de Morais;11.466;SETE LAGOAS
3;Sudeste;31;Minas Gerais;3103;CENTRO;31024;SETE LAGOAS;310990;Caetanopolis;11.435;SETE LAGOAS
3;Sudeste;31;Minas Gerais;3103;CENTRO;31024;SETE LAGOAS;311250;Capim Branco;10.663;SETE LAGOAS
3;Sudeste;31;Minas Gerais;3103;CENTRO;31024;SETE LAGOAS;314350;Morada Nova de Minas;9.067;SETE LAGOAS
3;Sudeste;31;Minas Gerais;3103;CENTRO;31024;SETE LAGOAS;311890;Cordisburgo;7.547;SETE LAGOAS
3;Sudeste;31;Minas Gerais;3103;CENTRO;31024;SETE LAGOAS;310500;Baldim;7.492;SETE LAGOAS
3;Sudeste;31;Minas Gerais;3103;CENTRO;31024;SETE LAGOAS;313970;Maravilhas;7.333;SETE LAGOAS
3;Sudeste;31;Minas Gerais;3103;CENTRO;31024;SETE LAGOAS;315850;Santana de Pirapama;7.030;SETE LAGOAS
3;Sudeste;31;Minas Gerais;3103;CENTRO;31024;SETE LAGOAS;313100;Inhauma;6.239;SETE LAGOAS
3;Sudeste;31;Minas Gerais;3103;CENTRO;31024;SETE LAGOAS;313570;Jequitiba;5.883;SETE LAGOAS
3;Sudeste;31;Minas Gerais;3103;CENTRO;31024;SETE LAGOAS;312720;Funilandia;4.686;SETE LAGOAS
3;Sudeste;31;Minas Gerais;3103;CENTRO;31024;SETE LAGOAS;314640;Paineiras;4.224;SETE LAGOAS
3;Sudeste;31;Minas Gerais;3103;CENTRO;31024;SETE LAGOAS;310960;Cachoeira da Prata;3.693;SETE LAGOAS
3;Sudeste;31;Minas Gerais;3103;CENTRO;31024;SETE LAGOAS;315370;Quartel Geral;3.179;SETE LAGOAS
3;Sudeste;31;Minas Gerais;3103;CENTRO;31024;SETE LAGOAS;312640;Fortuna de Minas;3.093;SETE LAGOAS
3;Sudeste;31;Minas Gerais;3103;CENTRO;31024;SETE LAGOAS;310700;Biquinhas;2.383;SETE LAGOAS
3;Sudeste;31;Minas Gerais;3103;CENTRO;31024;SETE LAGOAS;310320;Aracai;2.181;SETE LAGOAS
3;Sudeste;31;Minas Gerais;3103;CENTRO;31024;SETE LAGOAS;311560;Cedro do Abaete;1.081;SETE LAGOAS
3;Sudeste;31;Minas Gerais;3103;CENTRO;31025;VESPASIANO LAGOA SANTA;317120;Vespasiano;129.021;VESPASIANO LAGOA SANTA
3;Sudeste;31;Minas Gerais;3103;CENTRO;31025;VESPASIANO LAGOA SANTA;313760;Lagoa Santa;75.145;VESPASIANO LAGOA SANTA
3;Sudeste;31;Minas Gerais;3103;CENTRO;31025;VESPASIANO LAGOA SANTA;314930;Pedro Leopoldo;62.580;VESPASIANO LAGOA SANTA
3;Sudeste;31;Minas Gerais;3103;CENTRO;31025;VESPASIANO LAGOA SANTA;314110;Matozinhos;37.618;VESPASIANO LAGOA SANTA
3;Sudeste;31;Minas Gerais;3103;CENTRO;31025;VESPASIANO LAGOA SANTA;316295;Sao Jose da Lapa;26.315;VESPASIANO LAGOA SANTA
3;Sudeste;31;Minas Gerais;3103;CENTRO;31025;VESPASIANO LAGOA SANTA;311787;Confins;7.350;VESPASIANO LAGOA SANTA
3;Sudeste;31;Minas Gerais;3103;CENTRO;31025;VESPASIANO LAGOA SANTA;315900;Santana do Riacho;5.313;VESPASIANO LAGOA SANTA
3;Sudeste;31;Minas Gerais;3104;JEQUITINHONHA;31026;DIAMANTINA ITAMARANDIBA;312160;Diamantina;47.702;DIAMANTINA ITAMARANDIBA
3;Sudeste;31;Minas Gerais;3104;JEQUITINHONHA;31026;DIAMANTINA ITAMARANDIBA;313250;Itamarandiba;32.948;DIAMANTINA ITAMARANDIBA
3;Sudeste;31;Minas Gerais;3104;JEQUITINHONHA;31026;DIAMANTINA ITAMARANDIBA;312760;Gouveia;11.331;DIAMANTINA ITAMARANDIBA
3;Sudeste;31;Minas Gerais;3104;JEQUITINHONHA;31026;DIAMANTINA ITAMARANDIBA;311350;Carbonita;8.512;DIAMANTINA ITAMARANDIBA
3;Sudeste;31;Minas Gerais;3104;JEQUITINHONHA;31026;DIAMANTINA ITAMARANDIBA;311680;Coluna;8.163;DIAMANTINA ITAMARANDIBA
3;Sudeste;31;Minas Gerais;3104;JEQUITINHONHA;31026;DIAMANTINA ITAMARANDIBA;312100;Datas;5.465;DIAMANTINA ITAMARANDIBA
3;Sudeste;31;Minas Gerais;3104;JEQUITINHONHA;31026;DIAMANTINA ITAMARANDIBA;312540;Felicio dos Santos;5.133;DIAMANTINA ITAMARANDIBA
3;Sudeste;31;Minas Gerais;3104;JEQUITINHONHA;31026;DIAMANTINA ITAMARANDIBA;311810;Congonhas do Norte;4.831;DIAMANTINA ITAMARANDIBA
3;Sudeste;31;Minas Gerais;3104;JEQUITINHONHA;31026;DIAMANTINA ITAMARANDIBA;312010;Couto de Magalhaes de Minas;4.245;DIAMANTINA ITAMARANDIBA
3;Sudeste;31;Minas Gerais;3104;JEQUITINHONHA;31026;DIAMANTINA ITAMARANDIBA;316590;Senador Modestino Goncalves;4.008;DIAMANTINA ITAMARANDIBA
3;Sudeste;31;Minas Gerais;3104;JEQUITINHONHA;31026;DIAMANTINA ITAMARANDIBA;312695;Frei Lagonegro;3.391;DIAMANTINA ITAMARANDIBA
3;Sudeste;31;Minas Gerais;3104;JEQUITINHONHA;31026;DIAMANTINA ITAMARANDIBA;315330;Presidente Kubitschek;3.071;DIAMANTINA ITAMARANDIBA
3;Sudeste;31;Minas Gerais;3104;JEQUITINHONHA;31026;DIAMANTINA ITAMARANDIBA;312550;Sao Goncalo do Rio Preto;3.032;DIAMANTINA ITAMARANDIBA
3;Sudeste;31;Minas Gerais;3104;JEQUITINHONHA;31027;TURMALINA MINAS NOVAS CAPELINHA;311230;Capelinha;39.626;TURMALINA MINAS NOVAS CAPELINHA
3;Sudeste;31;Minas Gerais;3104;JEQUITINHONHA;31027;TURMALINA MINAS NOVAS CAPELINHA;314180;Minas Novas;24.405;TURMALINA MINAS NOVAS CAPELINHA
3;Sudeste;31;Minas Gerais;3104;JEQUITINHONHA;31027;TURMALINA MINAS NOVAS CAPELINHA;316970;Turmalina;20.000;TURMALINA MINAS NOVAS CAPELINHA
3;Sudeste;31;Minas Gerais;3104;JEQUITINHONHA;31027;TURMALINA MINAS NOVAS CAPELINHA;311610;Chapada do Norte;10.337;TURMALINA MINAS NOVAS CAPELINHA
3;Sudeste;31;Minas Gerais;3104;JEQUITINHONHA;31027;TURMALINA MINAS NOVAS CAPELINHA;317107;Veredinha;5.181;TURMALINA MINAS NOVAS CAPELINHA
3;Sudeste;31;Minas Gerais;3104;JEQUITINHONHA;31027;TURMALINA MINAS NOVAS CAPELINHA;310445;Aricanduva;4.719;TURMALINA MINAS NOVAS CAPELINHA
3;Sudeste;31;Minas Gerais;3104;JEQUITINHONHA;31027;TURMALINA MINAS NOVAS CAPELINHA;313835;Leme do Prado;4.341;TURMALINA MINAS NOVAS CAPELINHA
3;Sudeste;31;Minas Gerais;3104;JEQUITINHONHA;31027;TURMALINA MINAS NOVAS CAPELINHA;313652;Jose Goncalves de Minas;3.969;TURMALINA MINAS NOVAS CAPELINHA
3;Sudeste;31;Minas Gerais;3105;OESTE;31028;BOM DESPACHO;310740;Bom Despacho;51.737;BOM DESPACHO
3;Sudeste;31;Minas Gerais;3105;OESTE;31028;BOM DESPACHO;313880;Luz;17.875;BOM DESPACHO
3;Sudeste;31;Minas Gerais;3105;OESTE;31028;BOM DESPACHO;314050;Martinho Campos;14.003;BOM DESPACHO
3;Sudeste;31;Minas Gerais;3105;OESTE;31028;BOM DESPACHO;312320;Dores do Indaia;12.630;BOM DESPACHO
3;Sudeste;31;Minas Gerais;3105;OESTE;31028;BOM DESPACHO;314240;Moema;7.548;BOM DESPACHO
3;Sudeste;31;Minas Gerais;3105;OESTE;31028;BOM DESPACHO;311980;Corrego Danta;2.960;BOM DESPACHO
3;Sudeste;31;Minas Gerais;3105;OESTE;31028;BOM DESPACHO;312470;Estrela do Indaia;2.772;BOM DESPACHO
3;Sudeste;31;Minas Gerais;3105;OESTE;31028;BOM DESPACHO;316660;Serra da Saudade;833;BOM DESPACHO
3;Sudeste;31;Minas Gerais;3105;OESTE;31030;FORMIGA;312610;Formiga;68.248;FORMIGA
3;Sudeste;31;Minas Gerais;3105;OESTE;31030;FORMIGA;310420;Arcos;41.416;FORMIGA
3;Sudeste;31;Minas Gerais;3105;OESTE;31030;FORMIGA;310510;Bambui;23.546;FORMIGA
3;Sudeste;31;Minas Gerais;3105;OESTE;31030;FORMIGA;314650;Pains;8.142;FORMIGA
3;Sudeste;31;Minas Gerais;3105;OESTE;31030;FORMIGA;313030;Iguatama;6.826;FORMIGA
3;Sudeste;31;Minas Gerais;3105;OESTE;31030;FORMIGA;311995;Corrego Fundo;6.133;FORMIGA
3;Sudeste;31;Minas Gerais;3105;OESTE;31030;FORMIGA;314130;Medeiros;3.900;FORMIGA
3;Sudeste;31;Minas Gerais;3105;OESTE;31030;FORMIGA;316820;Tapirai;1.690;FORMIGA
3;Sudeste;31;Minas Gerais;3105;OESTE;31031;ITAUNA;313380;Itauna;97.669;ITAUNA
3;Sudeste;31;Minas Gerais;3105;OESTE;31031;ITAUNA;313220;Itaguara;13.846;ITAUNA
3;Sudeste;31;Minas Gerais;3105;OESTE;31031;ITAUNA;313370;Itatiaiucu;12.966;ITAUNA
3;Sudeste;31;Minas Gerais;3105;OESTE;31031;ITAUNA;315060;Piracema;6.700;ITAUNA
3;Sudeste;31;Minas Gerais;3105;OESTE;31032;PARA DE MINAS NOVA SERRANA;314520;Nova Serrana;105.552;PARA DE MINAS NOVA SERRANA
3;Sudeste;31;Minas Gerais;3105;OESTE;31032;PARA DE MINAS NOVA SERRANA;314710;Para de Minas;97.139;PARA DE MINAS NOVA SERRANA
3;Sudeste;31;Minas Gerais;3105;OESTE;31032;PARA DE MINAS NOVA SERRANA;315140;Pitangui;26.685;PARA DE MINAS NOVA SERRANA
3;Sudeste;31;Minas Gerais;3105;OESTE;31032;PARA DE MINAS NOVA SERRANA;313020;Igaratinga;10.830;PARA DE MINAS NOVA SERRANA
3;Sudeste;31;Minas Gerais;3105;OESTE;31032;PARA DE MINAS NOVA SERRANA;311760;Conceicao do Para;5.415;PARA DE MINAS NOVA SERRANA
3;Sudeste;31;Minas Gerais;3105;OESTE;31032;PARA DE MINAS NOVA SERRANA;316310;Sao Jose da Varginha;4.536;PARA DE MINAS NOVA SERRANA
3;Sudeste;31;Minas Gerais;3105;OESTE;31032;PARA DE MINAS NOVA SERRANA;314960;Pequi;4.155;PARA DE MINAS NOVA SERRANA
3;Sudeste;31;Minas Gerais;3105;OESTE;31032;PARA DE MINAS NOVA SERRANA;313830;Leandro Ferreira;3.199;PARA DE MINAS NOVA SERRANA
3;Sudeste;31;Minas Gerais;3105;OESTE;31032;PARA DE MINAS NOVA SERRANA;314580;Onca de Pitangui;2.969;PARA DE MINAS NOVA SERRANA
3;Sudeste;31;Minas Gerais;3114;VALE DO ACO;31034;CARATINGA;311340;Caratinga;87.360;CARATINGA
3;Sudeste;31;Minas Gerais;3114;VALE DO ACO;31034;CARATINGA;313090;Inhapim;22.692;CARATINGA
3;Sudeste;31;Minas Gerais;3114;VALE DO ACO;31034;CARATINGA;310780;Bom Jesus do Galho;14.536;CARATINGA
3;Sudeste;31;Minas Gerais;3114;VALE DO ACO;31034;CARATINGA;317005;Ubaporanga;13.017;CARATINGA
3;Sudeste;31;Minas Gerais;3114;VALE DO ACO;31034;CARATINGA;315015;Piedade de Caratinga;8.529;CARATINGA
3;Sudeste;31;Minas Gerais;3114;VALE DO ACO;31034;CARATINGA;315725;Santa Barbara do Leste;8.458;CARATINGA
3;Sudeste;31;Minas Gerais;3114;VALE DO ACO;31034;CARATINGA;313055;Imbe de Minas;6.986;CARATINGA
3;Sudeste;31;Minas Gerais;3114;VALE DO ACO;31034;CARATINGA;315935;Santa Rita de Minas;6.773;CARATINGA
3;Sudeste;31;Minas Gerais;3114;VALE DO ACO;31034;CARATINGA;316447;Sao Sebastiao do Anta;6.194;CARATINGA
3;Sudeste;31;Minas Gerais;3114;VALE DO ACO;31034;CARATINGA;317057;Vargem Alegre;5.780;CARATINGA
3;Sudeste;31;Minas Gerais;3114;VALE DO ACO;31034;CARATINGA;316095;Sao Domingos das Dores;5.626;CARATINGA
3;Sudeste;31;Minas Gerais;3114;VALE DO ACO;31034;CARATINGA;312385;Entre Folhas;5.179;CARATINGA
3;Sudeste;31;Minas Gerais;3114;VALE DO ACO;31034;CARATINGA;317115;Vermelho Novo;4.899;CARATINGA
3;Sudeste;31;Minas Gerais;3114;VALE DO ACO;31035;CORONEL FABRICIANO TIMOTEO;311940;Coronel Fabriciano;104.736;CORONEL FABRICIANO TIMOTEO
3;Sudeste;31;Minas Gerais;3114;VALE DO ACO;31035;CORONEL FABRICIANO TIMOTEO;316870;Timoteo;81.579;CORONEL FABRICIANO TIMOTEO
3;Sudeste;31;Minas Gerais;3114;VALE DO ACO;31035;CORONEL FABRICIANO TIMOTEO;310300;Antonio Dias;9.219;CORONEL FABRICIANO TIMOTEO
3;Sudeste;31;Minas Gerais;3114;VALE DO ACO;31035;CORONEL FABRICIANO TIMOTEO;312180;Dionisio;6.847;CORONEL FABRICIANO TIMOTEO
3;Sudeste;31;Minas Gerais;3114;VALE DO ACO;31035;CORONEL FABRICIANO TIMOTEO;315053;Pingo d'Agua;4.706;CORONEL FABRICIANO TIMOTEO
3;Sudeste;31;Minas Gerais;3114;VALE DO ACO;31035;CORONEL FABRICIANO TIMOTEO;314030;Marlieria;4.592;CORONEL FABRICIANO TIMOTEO
3;Sudeste;31;Minas Gerais;3114;VALE DO ACO;31035;CORONEL FABRICIANO TIMOTEO;313500;Jaguaracu;3.092;CORONEL FABRICIANO TIMOTEO
3;Sudeste;31;Minas Gerais;3114;VALE DO ACO;31035;CORONEL FABRICIANO TIMOTEO;312000;Corrego Novo;2.875;CORONEL FABRICIANO TIMOTEO
3;Sudeste;31;Minas Gerais;3106;LESTE;31036;GOVERNADOR VALADARES;312770;Governador Valadares;257.171;GOVERNADOR VALADARES
3;Sudeste;31;Minas Gerais;3106;LESTE;31036;GOVERNADOR VALADARES;316840;Tarumirim;14.709;GOVERNADOR VALADARES
3;Sudeste;31;Minas Gerais;3106;LESTE;31036;GOVERNADOR VALADARES;312370;Engenheiro Caldas;13.622;GOVERNADOR VALADARES
3;Sudeste;31;Minas Gerais;3106;LESTE;31036;GOVERNADOR VALADARES;313320;Itanhomi;11.128;GOVERNADOR VALADARES
3;Sudeste;31;Minas Gerais;3106;LESTE;31036;GOVERNADOR VALADARES;311920;Coroaci;10.884;GOVERNADOR VALADARES
3;Sudeste;31;Minas Gerais;3106;LESTE;31036;GOVERNADOR VALADARES;312690;Frei Inocencio;8.226;GOVERNADOR VALADARES
3;Sudeste;31;Minas Gerais;3106;LESTE;31036;GOVERNADOR VALADARES;310180;Alpercata;6.903;GOVERNADOR VALADARES
3;Sudeste;31;Minas Gerais;3106;LESTE;31036;GOVERNADOR VALADARES;312220;Divinolandia de Minas;6.516;GOVERNADOR VALADARES
3;Sudeste;31;Minas Gerais;3106;LESTE;31036;GOVERNADOR VALADARES;312730;Galileia;6.222;GOVERNADOR VALADARES
3;Sudeste;31;Minas Gerais;3106;LESTE;31036;GOVERNADOR VALADARES;316950;Tumiritinga;5.886;GOVERNADOR VALADARES
3;Sudeste;31;Minas Gerais;3106;LESTE;31036;GOVERNADOR VALADARES;312750;Gonzaga;5.230;GOVERNADOR VALADARES
3;Sudeste;31;Minas Gerais;3106;LESTE;31036;GOVERNADOR VALADARES;316770;Sobralia;5.137;GOVERNADOR VALADARES
3;Sudeste;31;Minas Gerais;3106;LESTE;31036;GOVERNADOR VALADARES;316550;Sardoa;5.104;GOVERNADOR VALADARES
3;Sudeste;31;Minas Gerais;3106;LESTE;31036;GOVERNADOR VALADARES;311265;Capitao Andrade;4.585;GOVERNADOR VALADARES
3;Sudeste;31;Minas Gerais;3106;LESTE;31036;GOVERNADOR VALADARES;317190;Virgolandia;4.552;GOVERNADOR VALADARES
3;Sudeste;31;Minas Gerais;3106;LESTE;31036;GOVERNADOR VALADARES;313507;Jampruca;4.296;GOVERNADOR VALADARES
3;Sudeste;31;Minas Gerais;3106;LESTE;31036;GOVERNADOR VALADARES;314010;Marilac;4.224;GOVERNADOR VALADARES
3;Sudeste;31;Minas Gerais;3106;LESTE;31036;GOVERNADOR VALADARES;315750;Santa Efigenia de Minas;4.039;GOVERNADOR VALADARES
3;Sudeste;31;Minas Gerais;3106;LESTE;31036;GOVERNADOR VALADARES;310220;Alvarenga;3.975;GOVERNADOR VALADARES
3;Sudeste;31;Minas Gerais;3106;LESTE;31036;GOVERNADOR VALADARES;316300;Sao Jose da Safira;3.806;GOVERNADOR VALADARES
3;Sudeste;31;Minas Gerais;3106;LESTE;31036;GOVERNADOR VALADARES;316160;Sao Geraldo da Piedade;3.305;GOVERNADOR VALADARES
3;Sudeste;31;Minas Gerais;3106;LESTE;31036;GOVERNADOR VALADARES;316165;Sao Geraldo do Baixio;3.143;GOVERNADOR VALADARES
3;Sudeste;31;Minas Gerais;3106;LESTE;31036;GOVERNADOR VALADARES;317150;Mathias Lobato;3.038;GOVERNADOR VALADARES
3;Sudeste;31;Minas Gerais;3106;LESTE;31036;GOVERNADOR VALADARES;312580;Fernandes Tourinho;2.789;GOVERNADOR VALADARES
3;Sudeste;31;Minas Gerais;3106;LESTE;31036;GOVERNADOR VALADARES;314420;Nacip Raydan;2.459;GOVERNADOR VALADARES
3;Sudeste;31;Minas Gerais;3114;VALE DO ACO;31037;IPATINGA;313130;Ipatinga;227.731;IPATINGA
3;Sudeste;31;Minas Gerais;3114;VALE DO ACO;31037;IPATINGA;315895;Santana do Paraiso;44.800;IPATINGA
3;Sudeste;31;Minas Gerais;3114;VALE DO ACO;31037;IPATINGA;310630;Belo Oriente;23.928;IPATINGA
3;Sudeste;31;Minas Gerais;3114;VALE DO ACO;31037;IPATINGA;313115;Ipaba;17.136;IPATINGA
3;Sudeste;31;Minas Gerais;3114;VALE DO ACO;31037;IPATINGA;312930;Iapu;12.030;IPATINGA
3;Sudeste;31;Minas Gerais;3114;VALE DO ACO;31037;IPATINGA;310050;Acucena;8.943;IPATINGA
3;Sudeste;31;Minas Gerais;3114;VALE DO ACO;31037;IPATINGA;316260;Sao Joao do Oriente;7.070;IPATINGA
3;Sudeste;31;Minas Gerais;3114;VALE DO ACO;31037;IPATINGA;314995;Periquito;6.553;IPATINGA
3;Sudeste;31;Minas Gerais;3114;VALE DO ACO;31037;IPATINGA;314435;Naque;6.303;IPATINGA
3;Sudeste;31;Minas Gerais;3114;VALE DO ACO;31037;IPATINGA;314170;Mesquita;5.040;IPATINGA
3;Sudeste;31;Minas Gerais;3114;VALE DO ACO;31037;IPATINGA;312250;Dom Cavati;4.904;IPATINGA
3;Sudeste;31;Minas Gerais;3114;VALE DO ACO;31037;IPATINGA;310880;Braunas;4.441;IPATINGA
3;Sudeste;31;Minas Gerais;3114;VALE DO ACO;31037;IPATINGA;313610;Joanesia;4.329;IPATINGA
3;Sudeste;31;Minas Gerais;3114;VALE DO ACO;31037;IPATINGA;310925;Bugre;4.041;IPATINGA
3;Sudeste;31;Minas Gerais;3106;LESTE;31038;MANTENA ITABIRINHA;313960;Mantena;26.535;MANTENA ITABIRINHA
3;Sudeste;31;Minas Gerais;3106;LESTE;31038;MANTENA ITABIRINHA;313180;Itabirinha;10.362;MANTENA ITABIRINHA
3;Sudeste;31;Minas Gerais;3106;LESTE;31038;MANTENA ITABIRINHA;311570;Central de Minas;6.171;MANTENA ITABIRINHA
3;Sudeste;31;Minas Gerais;3106;LESTE;31038;MANTENA ITABIRINHA;314150;Mendes Pimentel;5.606;MANTENA ITABIRINHA
3;Sudeste;31;Minas Gerais;3106;LESTE;31038;MANTENA ITABIRINHA;316257;Sao Joao do Manteninha;5.331;MANTENA ITABIRINHA
3;Sudeste;31;Minas Gerais;3106;LESTE;31038;MANTENA ITABIRINHA;312210;Divino das Laranjeiras;4.178;MANTENA ITABIRINHA
3;Sudeste;31;Minas Gerais;3106;LESTE;31038;MANTENA ITABIRINHA;316105;Sao Felix de Minas;3.200;MANTENA ITABIRINHA
3;Sudeste;31;Minas Gerais;3106;LESTE;31038;MANTENA ITABIRINHA;314467;Nova Belem;3.151;MANTENA ITABIRINHA
3;Sudeste;31;Minas Gerais;3106;LESTE;31040;RESPLENDOR;310110;Aimores;25.269;RESPLENDOR
3;Sudeste;31;Minas Gerais;3106;LESTE;31040;RESPLENDOR;311840;Conselheiro Pena;20.824;RESPLENDOR
3;Sudeste;31;Minas Gerais;3106;LESTE;31040;RESPLENDOR;315430;Resplendor;17.226;RESPLENDOR
3;Sudeste;31;Minas Gerais;3106;LESTE;31040;RESPLENDOR;313410;Itueta;6.055;RESPLENDOR
3;Sudeste;31;Minas Gerais;3106;LESTE;31040;RESPLENDOR;315950;Santa Rita do Itueto;5.826;RESPLENDOR
3;Sudeste;31;Minas Gerais;3106;LESTE;31040;RESPLENDOR;312083;Cuparaque;3.983;RESPLENDOR
3;Sudeste;31;Minas Gerais;3106;LESTE;31040;RESPLENDOR;312737;Goiabeira;2.830;RESPLENDOR
3;Sudeste;31;Minas Gerais;3107;SUDESTE;31041;ALEM PARAIBA;310150;Alem Paraiba;30.717;ALEM PARAIBA
3;Sudeste;31;Minas Gerais;3107;SUDESTE;31041;ALEM PARAIBA;315110;Pirapetinga;11.077;ALEM PARAIBA
3;Sudeste;31;Minas Gerais;3107;SUDESTE;31041;ALEM PARAIBA;317210;Volta Grande;4.443;ALEM PARAIBA
3;Sudeste;31;Minas Gerais;3107;SUDESTE;31041;ALEM PARAIBA;316000;Santo Antonio do Aventureiro;3.769;ALEM PARAIBA
3;Sudeste;31;Minas Gerais;3107;SUDESTE;31041;ALEM PARAIBA;312460;Estrela Dalva;2.186;ALEM PARAIBA
3;Sudeste;31;Minas Gerais;3107;SUDESTE;31042;CARANGOLA;311330;Carangola;31.240;CARANGOLA
3;Sudeste;31;Minas Gerais;3107;SUDESTE;31042;CARANGOLA;312420;Espera Feliz;24.102;CARANGOLA
3;Sudeste;31;Minas Gerais;3107;SUDESTE;31042;CARANGOLA;312200;Divino;20.706;CARANGOLA
3;Sudeste;31;Minas Gerais;3107;SUDESTE;31042;CARANGOLA;312595;Fervedouro;10.445;CARANGOLA
3;Sudeste;31;Minas Gerais;3107;SUDESTE;31042;CARANGOLA;316920;Tombos;8.609;CARANGOLA
3;Sudeste;31;Minas Gerais;3107;SUDESTE;31042;CARANGOLA;314587;Orizania;8.437;CARANGOLA
3;Sudeste;31;Minas Gerais;3107;SUDESTE;31042;CARANGOLA;314875;Pedra Bonita;7.320;CARANGOLA
3;Sudeste;31;Minas Gerais;3107;SUDESTE;31042;CARANGOLA;311010;Caiana;5.304;CARANGOLA
3;Sudeste;31;Minas Gerais;3107;SUDESTE;31042;CARANGOLA;311210;Caparao;5.048;CARANGOLA
3;Sudeste;31;Minas Gerais;3107;SUDESTE;31042;CARANGOLA;312530;Faria Lemos;3.188;CARANGOLA
3;Sudeste;31;Minas Gerais;3107;SUDESTE;31042;CARANGOLA;314900;Pedra Dourada;2.757;CARANGOLA
3;Sudeste;31;Minas Gerais;3107;SUDESTE;31044;LEOPOLDINA CATAGUASES;311530;Cataguases;66.261;LEOPOLDINA CATAGUASES
3;Sudeste;31;Minas Gerais;3107;SUDESTE;31044;LEOPOLDINA CATAGUASES;313840;Leopoldina;51.145;LEOPOLDINA CATAGUASES
3;Sudeste;31;Minas Gerais;3107;SUDESTE;31044;LEOPOLDINA CATAGUASES;310460;Astolfo Dutra;14.138;LEOPOLDINA CATAGUASES
3;Sudeste;31;Minas Gerais;3107;SUDESTE;31044;LEOPOLDINA CATAGUASES;315410;Recreio;11.007;LEOPOLDINA CATAGUASES
3;Sudeste;31;Minas Gerais;3107;SUDESTE;31044;LEOPOLDINA CATAGUASES;312290;Dona Euzebia;6.093;LEOPOLDINA CATAGUASES
3;Sudeste;31;Minas Gerais;3107;SUDESTE;31044;LEOPOLDINA CATAGUASES;313800;Laranjal;5.963;LEOPOLDINA CATAGUASES
3;Sudeste;31;Minas Gerais;3107;SUDESTE;31044;LEOPOLDINA CATAGUASES;314670;Palma;5.707;LEOPOLDINA CATAGUASES
3;Sudeste;31;Minas Gerais;3107;SUDESTE;31044;LEOPOLDINA CATAGUASES;313260;Itamarati de Minas;3.690;LEOPOLDINA CATAGUASES
3;Sudeste;31;Minas Gerais;3107;SUDESTE;31044;LEOPOLDINA CATAGUASES;315840;Santana de Cataguases;3.489;LEOPOLDINA CATAGUASES
3;Sudeste;31;Minas Gerais;3107;SUDESTE;31044;LEOPOLDINA CATAGUASES;310440;Argirita;2.688;LEOPOLDINA CATAGUASES
3;Sudeste;31;Minas Gerais;3107;SUDESTE;31045;MURIAE;314390;Muriae;104.108;MURIAE
3;Sudeste;31;Minas Gerais;3107;SUDESTE;31045;MURIAE;314220;Mirai;13.633;MURIAE
3;Sudeste;31;Minas Gerais;3107;SUDESTE;31045;MURIAE;312490;Eugenopolis;10.801;MURIAE
3;Sudeste;31;Minas Gerais;3107;SUDESTE;31045;MURIAE;314210;Miradouro;8.968;MURIAE
3;Sudeste;31;Minas Gerais;3107;SUDESTE;31045;MURIAE;314820;Patrocinio do Muriae;5.576;MURIAE
3;Sudeste;31;Minas Gerais;3107;SUDESTE;31045;MURIAE;310550;Barao de Monte Alto;4.964;MURIAE
3;Sudeste;31;Minas Gerais;3107;SUDESTE;31045;MURIAE;316140;Sao Francisco do Gloria;4.800;MURIAE
3;Sudeste;31;Minas Gerais;3107;SUDESTE;31045;MURIAE;315645;Rosario da Limeira;4.734;MURIAE
3;Sudeste;31;Minas Gerais;3107;SUDESTE;31045;MURIAE;317140;Vieiras;3.700;MURIAE
3;Sudeste;31;Minas Gerais;3107;SUDESTE;31045;MURIAE;316443;Sao Sebastiao da Vargem Alegre;3.113;MURIAE
3;Sudeste;31;Minas Gerais;3107;SUDESTE;31045;MURIAE;310310;Antonio Prado de Minas;1.538;MURIAE
3;Sudeste;31;Minas Gerais;3107;SUDESTE;31046;SANTOS DUMONT;316070;Santos Dumont;42.406;SANTOS DUMONT
3;Sudeste;31;Minas Gerais;3107;SUDESTE;31046;SANTOS DUMONT;310330;Aracitaba;2.049;SANTOS DUMONT
3;Sudeste;31;Minas Gerais;3107;SUDESTE;31046;SANTOS DUMONT;314570;Oliveira Fortes;2.027;SANTOS DUMONT
3;Sudeste;31;Minas Gerais;3107;SUDESTE;31047;SAO JOAO NEPOMUCENO;316290;Sao Joao Nepomuceno;25.565;SAO JOAO NEPOMUCENO
3;Sudeste;31;Minas Gerais;3107;SUDESTE;31047;SAO JOAO NEPOMUCENO;310690;Bicas;13.978;SAO JOAO NEPOMUCENO
3;Sudeste;31;Minas Gerais;3107;SUDESTE;31047;SAO JOAO NEPOMUCENO;313980;Mar de Espanha;12.721;SAO JOAO NEPOMUCENO
3;Sudeste;31;Minas Gerais;3107;SUDESTE;31047;SAO JOAO NEPOMUCENO;312130;Descoberto;4.928;SAO JOAO NEPOMUCENO
3;Sudeste;31;Minas Gerais;3107;SUDESTE;31047;SAO JOAO NEPOMUCENO;314020;Maripa de Minas;3.387;SAO JOAO NEPOMUCENO
3;Sudeste;31;Minas Gerais;3107;SUDESTE;31047;SAO JOAO NEPOMUCENO;314950;Pequeri;3.351;SAO JOAO NEPOMUCENO
3;Sudeste;31;Minas Gerais;3107;SUDESTE;31047;SAO JOAO NEPOMUCENO;312850;Guarara;3.149;SAO JOAO NEPOMUCENO
3;Sudeste;31;Minas Gerais;3107;SUDESTE;31047;SAO JOAO NEPOMUCENO;315620;Rochedo de Minas;2.291;SAO JOAO NEPOMUCENO
3;Sudeste;31;Minas Gerais;3107;SUDESTE;31047;SAO JOAO NEPOMUCENO;316560;Senador Cortes;2.240;SAO JOAO NEPOMUCENO
3;Sudeste;31;Minas Gerais;3107;SUDESTE;31048;UBA;316990;Uba;103.365;UBA
3;Sudeste;31;Minas Gerais;3107;SUDESTE;31048;UBA;317200;Visconde do Rio Branco;39.160;UBA
3;Sudeste;31;Minas Gerais;3107;SUDESTE;31048;UBA;312400;Ervalia;20.255;UBA
3;Sudeste;31;Minas Gerais;3107;SUDESTE;31048;UBA;315580;Rio Pomba;17.443;UBA
3;Sudeste;31;Minas Gerais;3107;SUDESTE;31048;UBA;316900;Tocantins;16.185;UBA
3;Sudeste;31;Minas Gerais;3107;SUDESTE;31048;UBA;315130;Pirauba;11.610;UBA
3;Sudeste;31;Minas Gerais;3107;SUDESTE;31048;UBA;314160;Merces;10.373;UBA
3;Sudeste;31;Minas Gerais;3107;SUDESTE;31048;UBA;316150;Sao Geraldo;10.282;UBA
3;Sudeste;31;Minas Gerais;3107;SUDESTE;31048;UBA;315630;Rodeiro;8.664;UBA
3;Sudeste;31;Minas Gerais;3107;SUDESTE;31048;UBA;312900;Guiricema;7.778;UBA
3;Sudeste;31;Minas Gerais;3107;SUDESTE;31048;UBA;316570;Senador Firmino;7.716;UBA
3;Sudeste;31;Minas Gerais;3107;SUDESTE;31048;UBA;312840;Guarani;7.714;UBA
3;Sudeste;31;Minas Gerais;3107;SUDESTE;31048;UBA;312880;Guidoval;7.131;UBA
3;Sudeste;31;Minas Gerais;3107;SUDESTE;31048;UBA;311670;Coimbra;7.117;UBA
3;Sudeste;31;Minas Gerais;3107;SUDESTE;31048;UBA;312330;Dores do Turvo;4.987;UBA
3;Sudeste;31;Minas Gerais;3107;SUDESTE;31048;UBA;315310;Presidente Bernardes;4.850;UBA
3;Sudeste;31;Minas Gerais;3107;SUDESTE;31048;UBA;310870;Bras Pires;4.260;UBA
3;Sudeste;31;Minas Gerais;3107;SUDESTE;31048;UBA;312190;Divinesia;4.226;UBA
3;Sudeste;31;Minas Gerais;3107;SUDESTE;31048;UBA;316790;Tabuleiro;4.014;UBA
3;Sudeste;31;Minas Gerais;3107;SUDESTE;31048;UBA;316730;Silveirania;2.323;UBA
3;Sudeste;31;Minas Gerais;3108;NORTE;31050;CORACAO DE JESUS;311880;Coracao de Jesus;25.377;CORACAO DE JESUS
3;Sudeste;31;Minas Gerais;3108;NORTE;31050;CORACAO DE JESUS;313560;Jequitai;6.484;CORACAO DE JESUS
3;Sudeste;31;Minas Gerais;3108;NORTE;31050;CORACAO DE JESUS;316225;Sao Joao da Lagoa;4.822;CORACAO DE JESUS
3;Sudeste;31;Minas Gerais;3108;NORTE;31050;CORACAO DE JESUS;316265;Sao Joao do Pacui;3.972;CORACAO DE JESUS
3;Sudeste;31;Minas Gerais;3108;NORTE;31050;CORACAO DE JESUS;313730;Lagoa dos Patos;3.313;CORACAO DE JESUS
3;Sudeste;31;Minas Gerais;3108;NORTE;31051;FRANCISCO SA;312670;Francisco Sa;23.476;FRANCISCO SA
3;Sudeste;31;Minas Gerais;3108;NORTE;31051;FRANCISCO SA;311270;Capitao Eneas;14.108;FRANCISCO SA
3;Sudeste;31;Minas Gerais;3108;NORTE;31051;FRANCISCO SA;312780;Grao Mogol;13.901;FRANCISCO SA
3;Sudeste;31;Minas Gerais;3108;NORTE;31051;FRANCISCO SA;310850;Botumirim;5.790;FRANCISCO SA
3;Sudeste;31;Minas Gerais;3108;NORTE;31051;FRANCISCO SA;312030;Cristalia;5.121;FRANCISCO SA
3;Sudeste;31;Minas Gerais;3108;NORTE;31051;FRANCISCO SA;313657;Josenopolis;3.630;FRANCISCO SA
3;Sudeste;31;Minas Gerais;3108;NORTE;31052;JANAUBA MONTE AZUL;313510;Janauba;70.699;JANAUBA MONTE AZUL
3;Sudeste;31;Minas Gerais;3108;NORTE;31052;JANAUBA MONTE AZUL;313505;Jaiba;37.660;JANAUBA MONTE AZUL
3;Sudeste;31;Minas Gerais;3108;NORTE;31052;JANAUBA MONTE AZUL;315220;Porteirinha;37.438;JANAUBA MONTE AZUL
3;Sudeste;31;Minas Gerais;3108;NORTE;31052;JANAUBA MONTE AZUL;312430;Espinosa;30.443;JANAUBA MONTE AZUL
3;Sudeste;31;Minas Gerais;3108;NORTE;31052;JANAUBA MONTE AZUL;314290;Monte Azul;20.328;JANAUBA MONTE AZUL
3;Sudeste;31;Minas Gerais;3108;NORTE;31052;JANAUBA MONTE AZUL;314100;Mato Verde;12.038;JANAUBA MONTE AZUL
3;Sudeste;31;Minas Gerais;3108;NORTE;31052;JANAUBA MONTE AZUL;314085;Matias Cardoso;8.895;JANAUBA MONTE AZUL
3;Sudeste;31;Minas Gerais;3108;NORTE;31052;JANAUBA MONTE AZUL;315450;Riacho dos Machados;8.756;JANAUBA MONTE AZUL
3;Sudeste;31;Minas Gerais;3108;NORTE;31052;JANAUBA MONTE AZUL;317103;Verdelandia;7.672;JANAUBA MONTE AZUL
3;Sudeste;31;Minas Gerais;3108;NORTE;31052;JANAUBA MONTE AZUL;314505;Nova Porteirinha;6.706;JANAUBA MONTE AZUL
3;Sudeste;31;Minas Gerais;3108;NORTE;31052;JANAUBA MONTE AZUL;313925;Mamonas;5.997;JANAUBA MONTE AZUL
3;Sudeste;31;Minas Gerais;3108;NORTE;31052;JANAUBA MONTE AZUL;314655;Pai Pedro;5.551;JANAUBA MONTE AZUL
3;Sudeste;31;Minas Gerais;3108;NORTE;31052;JANAUBA MONTE AZUL;312733;Gameleiras;4.793;JANAUBA MONTE AZUL
3;Sudeste;31;Minas Gerais;3108;NORTE;31052;JANAUBA MONTE AZUL;311547;Catuti;4.739;JANAUBA MONTE AZUL
3;Sudeste;31;Minas Gerais;3108;NORTE;31052;JANAUBA MONTE AZUL;316695;Serranopolis de Minas;4.399;JANAUBA MONTE AZUL
3;Sudeste;31;Minas Gerais;3108;NORTE;31053;JANUARIA;313520;Januaria;65.150;JANUARIA
3;Sudeste;31;Minas Gerais;3108;NORTE;31053;JANUARIA;313210;Itacarambi;17.208;JANUARIA
3;Sudeste;31;Minas Gerais;3108;NORTE;31053;JANUARIA;314915;Pedras de Maria da Cruz;10.433;JANUARIA
3;Sudeste;31;Minas Gerais;3108;NORTE;31053;JANUARIA;310825;Bonito de Minas;10.204;JANUARIA
3;Sudeste;31;Minas Gerais;3108;NORTE;31053;JANUARIA;311783;Conego Marinho;7.237;JANUARIA
3;Sudeste;31;Minas Gerais;3108;NORTE;31055;PIRAPORA;315120;Pirapora;55.606;PIRAPORA
3;Sudeste;31;Minas Gerais;3108;NORTE;31055;PIRAPORA;317080;Varzea da Palma;33.744;PIRAPORA
3;Sudeste;31;Minas Gerais;3108;NORTE;31055;PIRAPORA;310940;Buritizeiro;23.910;PIRAPORA
3;Sudeste;31;Minas Gerais;3108;NORTE;31055;PIRAPORA;313810;Lassance;7.124;PIRAPORA
3;Sudeste;31;Minas Gerais;3108;NORTE;31055;PIRAPORA;312960;Ibiai;6.286;PIRAPORA
3;Sudeste;31;Minas Gerais;3108;NORTE;31055;PIRAPORA;315213;Ponto Chique;3.747;PIRAPORA
3;Sudeste;31;Minas Gerais;3108;NORTE;31055;PIRAPORA;315760;Santa Fe de Minas;3.522;PIRAPORA
3;Sudeste;31;Minas Gerais;3109;NOROESTE;31057;PATOS DE MINAS;314800;Patos de Minas;159.235;PATOS DE MINAS
3;Sudeste;31;Minas Gerais;3109;NOROESTE;31057;PATOS DE MINAS;317100;Vazante;19.975;PATOS DE MINAS
3;Sudeste;31;Minas Gerais;3109;NOROESTE;31057;PATOS DE MINAS;313750;Lagoa Formosa;18.904;PATOS DE MINAS
3;Sudeste;31;Minas Gerais;3109;NOROESTE;31057;PATOS DE MINAS;315340;Presidente Olegario;18.765;PATOS DE MINAS
3;Sudeste;31;Minas Gerais;3109;NOROESTE;31057;PATOS DE MINAS;316680;Serra do Salitre;11.801;PATOS DE MINAS
3;Sudeste;31;Minas Gerais;3109;NOROESTE;31057;PATOS DE MINAS;312890;Guimarania;8.478;PATOS DE MINAS
3;Sudeste;31;Minas Gerais;3109;NOROESTE;31057;PATOS DE MINAS;316170;Sao Goncalo do Abaete;7.375;PATOS DE MINAS
3;Sudeste;31;Minas Gerais;3109;NOROESTE;31057;PATOS DE MINAS;317075;Varjao de Minas;6.969;PATOS DE MINAS
3;Sudeste;31;Minas Gerais;3109;NOROESTE;31057;PATOS DE MINAS;313710;Lagamar;6.631;PATOS DE MINAS
3;Sudeste;31;Minas Gerais;3109;NOROESTE;31057;PATOS DE MINAS;312860;Guarda-Mor;6.539;PATOS DE MINAS
3;Sudeste;31;Minas Gerais;3109;NOROESTE;31057;PATOS DE MINAS;312070;Cruzeiro da Fortaleza;3.521;PATOS DE MINAS
3;Sudeste;31;Minas Gerais;3109;NOROESTE;31058;UNAI PARACATU;314700;Paracatu;94.023;UNAI PARACATU
3;Sudeste;31;Minas Gerais;3109;NOROESTE;31058;UNAI PARACATU;317040;Unai;86.619;UNAI PARACATU
3;Sudeste;31;Minas Gerais;3109;NOROESTE;31058;UNAI PARACATU;310930;Buritis;24.030;UNAI PARACATU
3;Sudeste;31;Minas Gerais;3109;NOROESTE;31058;UNAI PARACATU;310450;Arinos;17.272;UNAI PARACATU
3;Sudeste;31;Minas Gerais;3109;NOROESTE;31058;UNAI PARACATU;311615;Chapada Gaucha;12.355;UNAI PARACATU
3;Sudeste;31;Minas Gerais;3109;NOROESTE;31058;UNAI PARACATU;312620;Formoso;7.949;UNAI PARACATU
3;Sudeste;31;Minas Gerais;3109;NOROESTE;31058;UNAI PARACATU;315445;Riachinho;6.863;UNAI PARACATU
3;Sudeste;31;Minas Gerais;3109;NOROESTE;31058;UNAI PARACATU;310945;Cabeceira Grande;6.627;UNAI PARACATU
3;Sudeste;31;Minas Gerais;3109;NOROESTE;31058;UNAI PARACATU;310820;Bonfinopolis de Minas;5.528;UNAI PARACATU
3;Sudeste;31;Minas Gerais;3109;NOROESTE;31058;UNAI PARACATU;312247;Dom Bosco;3.697;UNAI PARACATU
3;Sudeste;31;Minas Gerais;3109;NOROESTE;31058;UNAI PARACATU;314437;Natalandia;3.520;UNAI PARACATU
3;Sudeste;31;Minas Gerais;3109;NOROESTE;31058;UNAI PARACATU;317047;Uruana de Minas;3.282;UNAI PARACATU
3;Sudeste;31;Minas Gerais;3110;LESTE DO SUL;31059;MANHUACU;313940;Manhuacu;91.886;MANHUACU
3;Sudeste;31;Minas Gerais;3110;LESTE DO SUL;31059;MANHUACU;314400;Mutum;27.635;MANHUACU
3;Sudeste;31;Minas Gerais;3110;LESTE DO SUL;31059;MANHUACU;313770;Lajinha;20.835;MANHUACU
3;Sudeste;31;Minas Gerais;3110;LESTE DO SUL;31059;MANHUACU;313950;Manhumirim;20.613;MANHUACU
3;Sudeste;31;Minas Gerais;3110;LESTE DO SUL;31059;MANHUACU;316760;Simonesia;19.750;MANHUACU
3;Sudeste;31;Minas Gerais;3110;LESTE DO SUL;31059;MANHUACU;313120;Ipanema;19.522;MANHUACU
3;Sudeste;31;Minas Gerais;3110;LESTE DO SUL;31059;MANHUACU;314090;Matipo;18.552;MANHUACU
3;Sudeste;31;Minas Gerais;3110;LESTE DO SUL;31059;MANHUACU;315790;Santa Margarida;16.395;MANHUACU
3;Sudeste;31;Minas Gerais;3110;LESTE DO SUL;31059;MANHUACU;310030;Abre Campo;13.927;MANHUACU
3;Sudeste;31;Minas Gerais;3110;LESTE DO SUL;31059;MANHUACU;316255;Sao Joao do Manhuacu;11.246;MANHUACU
3;Sudeste;31;Minas Gerais;3110;LESTE DO SUL;31059;MANHUACU;315890;Santana do Manhuacu;8.987;MANHUACU
3;Sudeste;31;Minas Gerais;3110;LESTE DO SUL;31059;MANHUACU;311290;Caputira;8.936;MANHUACU
3;Sudeste;31;Minas Gerais;3110;LESTE DO SUL;31059;MANHUACU;315350;Alto Jequitiba;8.397;MANHUACU
3;Sudeste;31;Minas Gerais;3110;LESTE DO SUL;31059;MANHUACU;314053;Martins Soares;8.396;MANHUACU
3;Sudeste;31;Minas Gerais;3110;LESTE DO SUL;31059;MANHUACU;315190;Pocrane;8.350;MANHUACU
3;Sudeste;31;Minas Gerais;3110;LESTE DO SUL;31059;MANHUACU;315415;Reduto;7.848;MANHUACU
3;Sudeste;31;Minas Gerais;3110;LESTE DO SUL;31059;MANHUACU;312352;Durande;7.817;MANHUACU
3;Sudeste;31;Minas Gerais;3110;LESTE DO SUL;31059;MANHUACU;313867;Luisburgo;6.956;MANHUACU
3;Sudeste;31;Minas Gerais;3110;LESTE DO SUL;31059;MANHUACU;311600;Chale;6.075;MANHUACU
3;Sudeste;31;Minas Gerais;3110;LESTE DO SUL;31059;MANHUACU;310205;Alto Caparao;5.795;MANHUACU
3;Sudeste;31;Minas Gerais;3110;LESTE DO SUL;31059;MANHUACU;311740;Conceicao de Ipanema;4.409;MANHUACU
3;Sudeste;31;Minas Gerais;3110;LESTE DO SUL;31059;MANHUACU;316805;Taparuba;3.387;MANHUACU
3;Sudeste;31;Minas Gerais;3110;LESTE DO SUL;31059;MANHUACU;316360;Sao Jose do Mantimento;2.753;MANHUACU
3;Sudeste;31;Minas Gerais;3110;LESTE DO SUL;31060;PONTE NOVA;315210;Ponte Nova;57.776;PONTE NOVA
3;Sudeste;31;Minas Gerais;3110;LESTE DO SUL;31060;PONTE NOVA;315400;Raul Soares;23.423;PONTE NOVA
3;Sudeste;31;Minas Gerais;3110;LESTE DO SUL;31060;PONTE NOVA;310230;Alvinopolis;15.059;PONTE NOVA
3;Sudeste;31;Minas Gerais;3110;LESTE DO SUL;31060;PONTE NOVA;315490;Rio Casca;12.789;PONTE NOVA
3;Sudeste;31;Minas Gerais;3110;LESTE DO SUL;31060;PONTE NOVA;313550;Jequeri;12.419;PONTE NOVA
3;Sudeste;31;Minas Gerais;3110;LESTE DO SUL;31060;PONTE NOVA;317050;Urucania;10.600;PONTE NOVA
3;Sudeste;31;Minas Gerais;3110;LESTE DO SUL;31060;PONTE NOVA;312820;Guaraciaba;9.753;PONTE NOVA
3;Sudeste;31;Minas Gerais;3110;LESTE DO SUL;31060;PONTE NOVA;316630;Sericita;7.345;PONTE NOVA
3;Sudeste;31;Minas Gerais;3110;LESTE DO SUL;31060;PONTE NOVA;316400;Sao Pedro dos Ferros;7.166;PONTE NOVA
3;Sudeste;31;Minas Gerais;3110;LESTE DO SUL;31060;PONTE NOVA;310570;Barra Longa;5.666;PONTE NOVA
3;Sudeste;31;Minas Gerais;3110;LESTE DO SUL;31060;PONTE NOVA;316340;Sao Jose do Goiabal;5.396;PONTE NOVA
3;Sudeste;31;Minas Gerais;3110;LESTE DO SUL;31060;PONTE NOVA;312270;Dom Silverio;5.228;PONTE NOVA
3;Sudeste;31;Minas Gerais;3110;LESTE DO SUL;31060;PONTE NOVA;314585;Oratorios;4.917;PONTE NOVA
3;Sudeste;31;Minas Gerais;3110;LESTE DO SUL;31060;PONTE NOVA;315740;Santa Cruz do Escalvado;4.673;PONTE NOVA
3;Sudeste;31;Minas Gerais;3110;LESTE DO SUL;31060;PONTE NOVA;310250;Amparo do Serra;4.541;PONTE NOVA
3;Sudeste;31;Minas Gerais;3110;LESTE DO SUL;31060;PONTE NOVA;316010;Santo Antonio do Grama;4.229;PONTE NOVA
3;Sudeste;31;Minas Gerais;3110;LESTE DO SUL;31060;PONTE NOVA;315020;Piedade de Ponte Nova;3.976;PONTE NOVA
3;Sudeste;31;Minas Gerais;3110;LESTE DO SUL;31060;PONTE NOVA;310040;Acaiaca;3.909;PONTE NOVA
3;Sudeste;31;Minas Gerais;3110;LESTE DO SUL;31060;PONTE NOVA;312170;Diogo de Vasconcelos;3.549;PONTE NOVA
3;Sudeste;31;Minas Gerais;3110;LESTE DO SUL;31060;PONTE NOVA;315500;Rio Doce;2.484;PONTE NOVA
3;Sudeste;31;Minas Gerais;3110;LESTE DO SUL;31060;PONTE NOVA;316556;Sem-Peixe;2.433;PONTE NOVA
3;Sudeste;31;Minas Gerais;3110;LESTE DO SUL;31061;VICOSA;317130;Vicosa;76.430;VICOSA
3;Sudeste;31;Minas Gerais;3110;LESTE DO SUL;31061;VICOSA;316850;Teixeiras;12.255;VICOSA
3;Sudeste;31;Minas Gerais;3110;LESTE DO SUL;31061;VICOSA;315230;Porto Firme;10.569;VICOSA
3;Sudeste;31;Minas Gerais;3110;LESTE DO SUL;31061;VICOSA;314830;Paula Candido;8.659;VICOSA
3;Sudeste;31;Minas Gerais;3110;LESTE DO SUL;31061;VICOSA;310370;Araponga;8.048;VICOSA
3;Sudeste;31;Minas Gerais;3110;LESTE DO SUL;31061;VICOSA;316380;Sao Miguel do Anta;6.334;VICOSA
3;Sudeste;31;Minas Gerais;3110;LESTE DO SUL;31061;VICOSA;311170;Canaa;4.715;VICOSA
3;Sudeste;31;Minas Gerais;3110;LESTE DO SUL;31061;VICOSA;311020;Cajuri;4.088;VICOSA
3;Sudeste;31;Minas Gerais;3110;LESTE DO SUL;31061;VICOSA;314880;Pedra do Anta;3.311;VICOSA
3;Sudeste;31;Minas Gerais;3111;NORDESTE;31062;AGUAS FORMOSAS;310090;Aguas Formosas;18.448;AGUAS FORMOSAS
3;Sudeste;31;Minas Gerais;3111;NORDESTE;31062;AGUAS FORMOSAS;314850;Pavao;8.047;AGUAS FORMOSAS
3;Sudeste;31;Minas Gerais;3111;NORDESTE;31062;AGUAS FORMOSAS;313890;Machacalis;6.487;AGUAS FORMOSAS
3;Sudeste;31;Minas Gerais;3111;NORDESTE;31062;AGUAS FORMOSAS;315765;Santa Helena de Minas;5.938;AGUAS FORMOSAS
3;Sudeste;31;Minas Gerais;3111;NORDESTE;31062;AGUAS FORMOSAS;312015;Crisolita;5.265;AGUAS FORMOSAS
3;Sudeste;31;Minas Gerais;3111;NORDESTE;31062;AGUAS FORMOSAS;310660;Bertopolis;4.451;AGUAS FORMOSAS
3;Sudeste;31;Minas Gerais;3111;NORDESTE;31062;AGUAS FORMOSAS;312705;Fronteira dos Vales;4.345;AGUAS FORMOSAS
3;Sudeste;31;Minas Gerais;3111;NORDESTE;31062;AGUAS FORMOSAS;317030;Umburatiba;2.684;AGUAS FORMOSAS
3;Sudeste;31;Minas Gerais;3104;JEQUITINHONHA;31064;ARACUAI;310340;Aracuai;34.297;ARACUAI
3;Sudeste;31;Minas Gerais;3104;JEQUITINHONHA;31064;ARACUAI;317160;Virgem da Lapa;11.804;ARACUAI
3;Sudeste;31;Minas Gerais;3104;JEQUITINHONHA;31064;ARACUAI;310650;Berilo;9.826;ARACUAI
3;Sudeste;31;Minas Gerais;3104;JEQUITINHONHA;31064;ARACUAI;311950;Coronel Murta;8.200;ARACUAI
3;Sudeste;31;Minas Gerais;3104;JEQUITINHONHA;31064;ARACUAI;312650;Francisco Badaro;7.366;ARACUAI
3;Sudeste;31;Minas Gerais;3104;JEQUITINHONHA;31064;ARACUAI;313545;Jenipapo de Minas;6.100;ARACUAI
3;Sudeste;31;Minas Gerais;3111;NORDESTE;31065;ITAOBIM;314140;Medina;20.156;ITAOBIM
3;Sudeste;31;Minas Gerais;3111;NORDESTE;31065;ITAOBIM;313330;Itaobim;19.151;ITAOBIM
3;Sudeste;31;Minas Gerais;3111;NORDESTE;31065;ITAOBIM;313400;Itinga;13.745;ITAOBIM
3;Sudeste;31;Minas Gerais;3111;NORDESTE;31065;ITAOBIM;315217;Ponto dos Volantes;10.883;ITAOBIM
3;Sudeste;31;Minas Gerais;3111;NORDESTE;31065;ITAOBIM;311700;Comercinho;6.660;ITAOBIM
3;Sudeste;31;Minas Gerais;3111;NORDESTE;31065;ITAOBIM;314315;Monte Formoso;4.381;ITAOBIM
3;Sudeste;31;Minas Gerais;3111;NORDESTE;31066;NANUQUE;314430;Nanuque;35.038;NANUQUE
3;Sudeste;31;Minas Gerais;3111;NORDESTE;31066;NANUQUE;311370;Carlos Chagas;18.615;NANUQUE
3;Sudeste;31;Minas Gerais;3111;NORDESTE;31066;NANUQUE;316670;Serra dos Aimores;6.944;NANUQUE
3;Sudeste;31;Minas Gerais;3111;NORDESTE;31067;PADRE PARAISO;311300;Carai;19.548;PADRE PARAISO
3;Sudeste;31;Minas Gerais;3111;NORDESTE;31067;PADRE PARAISO;314630;Padre Paraiso;17.334;PADRE PARAISO
3;Sudeste;31;Minas Gerais;3111;NORDESTE;31067;PADRE PARAISO;313230;Itaipe;10.463;PADRE PARAISO
3;Sudeste;31;Minas Gerais;3111;NORDESTE;31067;PADRE PARAISO;311545;Catuji;7.030;PADRE PARAISO
3;Sudeste;31;Minas Gerais;3111;NORDESTE;31068;PEDRA AZUL;314870;Pedra Azul;24.410;PEDRA AZUL
3;Sudeste;31;Minas Gerais;3111;NORDESTE;31068;PEDRA AZUL;310100;Aguas Vermelhas;14.037;PEDRA AZUL
3;Sudeste;31;Minas Gerais;3111;NORDESTE;31068;PEDRA AZUL;312245;Divisopolis;10.213;PEDRA AZUL
3;Sudeste;31;Minas Gerais;3111;NORDESTE;31068;PEDRA AZUL;310270;Cachoeira de Pajeu;9.110;PEDRA AZUL
3;Sudeste;31;Minas Gerais;3111;NORDESTE;31068;PEDRA AZUL;312235;Divisa Alegre;6.321;PEDRA AZUL
3;Sudeste;31;Minas Gerais;3112;TRIANGULO DO SUL;31070;ARAXA;310400;Araxa;111.691;ARAXA
3;Sudeste;31;Minas Gerais;3112;TRIANGULO DO SUL;31070;ARAXA;312950;Ibia;22.229;ARAXA
3;Sudeste;31;Minas Gerais;3112;TRIANGULO DO SUL;31070;ARAXA;314980;Perdizes;17.151;ARAXA
3;Sudeste;31;Minas Gerais;3112;TRIANGULO DO SUL;31070;ARAXA;315770;Santa Juliana;15.734;ARAXA
3;Sudeste;31;Minas Gerais;3112;TRIANGULO DO SUL;31070;ARAXA;311150;Campos Altos;12.979;ARAXA
3;Sudeste;31;Minas Gerais;3112;TRIANGULO DO SUL;31070;ARAXA;316810;Tapira;4.118;ARAXA
3;Sudeste;31;Minas Gerais;3112;TRIANGULO DO SUL;31070;ARAXA;315300;Pratinha;3.559;ARAXA
3;Sudeste;31;Minas Gerais;3112;TRIANGULO DO SUL;31070;ARAXA;314920;Pedrinopolis;3.344;ARAXA
3;Sudeste;31;Minas Gerais;3112;TRIANGULO DO SUL;31071;FRUTAL   ITURAMA;312710;Frutal;58.588;FRUTAL   ITURAMA
3;Sudeste;31;Minas Gerais;3112;TRIANGULO DO SUL;31071;FRUTAL   ITURAMA;313440;Iturama;38.295;FRUTAL   ITURAMA
3;Sudeste;31;Minas Gerais;3112;TRIANGULO DO SUL;31071;FRUTAL   ITURAMA;312700;Fronteira;14.540;FRUTAL   ITURAMA
3;Sudeste;31;Minas Gerais;3112;TRIANGULO DO SUL;31071;FRUTAL   ITURAMA;313340;Itapagipe;13.690;FRUTAL   ITURAMA
3;Sudeste;31;Minas Gerais;3112;TRIANGULO DO SUL;31071;FRUTAL   ITURAMA;315160;Planura;11.145;FRUTAL   ITURAMA
3;Sudeste;31;Minas Gerais;3112;TRIANGULO DO SUL;31071;FRUTAL   ITURAMA;311455;Carneirinho;9.422;FRUTAL   ITURAMA
3;Sudeste;31;Minas Gerais;3112;TRIANGULO DO SUL;31071;FRUTAL   ITURAMA;313862;Limeira do Oeste;8.687;FRUTAL   ITURAMA
3;Sudeste;31;Minas Gerais;3112;TRIANGULO DO SUL;31071;FRUTAL   ITURAMA;316130;Sao Francisco de Sales;5.732;FRUTAL   ITURAMA
3;Sudeste;31;Minas Gerais;3112;TRIANGULO DO SUL;31071;FRUTAL   ITURAMA;315070;Pirajuba;5.537;FRUTAL   ITURAMA
3;Sudeste;31;Minas Gerais;3112;TRIANGULO DO SUL;31071;FRUTAL   ITURAMA;317043;Uniao de Minas;3.828;FRUTAL   ITURAMA
3;Sudeste;31;Minas Gerais;3112;TRIANGULO DO SUL;31071;FRUTAL   ITURAMA;311690;Comendador Gomes;2.773;FRUTAL   ITURAMA
3;Sudeste;31;Minas Gerais;3112;TRIANGULO DO SUL;31072;UBERABA;317010;Uberaba;337.836;UBERABA
3;Sudeste;31;Minas Gerais;3112;TRIANGULO DO SUL;31072;UBERABA;311730;Conceicao das Alagoas;28.381;UBERABA
3;Sudeste;31;Minas Gerais;3112;TRIANGULO DO SUL;31072;UBERABA;315690;Sacramento;26.670;UBERABA
3;Sudeste;31;Minas Gerais;3112;TRIANGULO DO SUL;31072;UBERABA;312125;Delta;10.494;UBERABA
3;Sudeste;31;Minas Gerais;3112;TRIANGULO DO SUL;31072;UBERABA;311140;Campo Florido;8.466;UBERABA
3;Sudeste;31;Minas Gerais;3112;TRIANGULO DO SUL;31072;UBERABA;311820;Conquista;6.694;UBERABA
3;Sudeste;31;Minas Gerais;3112;TRIANGULO DO SUL;31072;UBERABA;317110;Verissimo;3.411;UBERABA
3;Sudeste;31;Minas Gerais;3112;TRIANGULO DO SUL;31072;UBERABA;310070;Agua Comprida;2.108;UBERABA
3;Sudeste;31;Minas Gerais;3113;TRIANGULO DO NORTE;31073;ITUIUTABA;313420;Ituiutaba;102.217;ITUIUTABA
3;Sudeste;31;Minas Gerais;3113;TRIANGULO DO NORTE;31073;ITUIUTABA;315980;Santa Vitoria;20.973;ITUIUTABA
3;Sudeste;31;Minas Gerais;3113;TRIANGULO DO NORTE;31073;ITUIUTABA;311110;Campina Verde;18.011;ITUIUTABA
3;Sudeste;31;Minas Gerais;3113;TRIANGULO DO NORTE;31073;ITUIUTABA;311260;Capinopolis;14.655;ITUIUTABA
3;Sudeste;31;Minas Gerais;3113;TRIANGULO DO NORTE;31073;ITUIUTABA;311180;Canapolis;10.608;ITUIUTABA
3;Sudeste;31;Minas Gerais;3113;TRIANGULO DO NORTE;31073;ITUIUTABA;311580;Centralina;10.207;ITUIUTABA
3;Sudeste;31;Minas Gerais;3113;TRIANGULO DO NORTE;31073;ITUIUTABA;312910;Gurinhata;5.192;ITUIUTABA
3;Sudeste;31;Minas Gerais;3113;TRIANGULO DO NORTE;31073;ITUIUTABA;313140;Ipiacu;3.775;ITUIUTABA
3;Sudeste;31;Minas Gerais;3113;TRIANGULO DO NORTE;31073;ITUIUTABA;310980;Cachoeira Dourada;2.315;ITUIUTABA
3;Sudeste;31;Minas Gerais;3113;TRIANGULO DO NORTE;31074;PATROCINIO MONTE CARMELO;314810;Patrocinio;89.826;PATROCINIO MONTE CARMELO
3;Sudeste;31;Minas Gerais;3113;TRIANGULO DO NORTE;31074;PATROCINIO MONTE CARMELO;314310;Monte Carmelo;47.692;PATROCINIO MONTE CARMELO
3;Sudeste;31;Minas Gerais;3113;TRIANGULO DO NORTE;31074;PATROCINIO MONTE CARMELO;311930;Coromandel;28.894;PATROCINIO MONTE CARMELO
3;Sudeste;31;Minas Gerais;3113;TRIANGULO DO NORTE;31074;PATROCINIO MONTE CARMELO;313160;Irai de Minas;7.180;PATROCINIO MONTE CARMELO
3;Sudeste;31;Minas Gerais;3113;TRIANGULO DO NORTE;31074;PATROCINIO MONTE CARMELO;312480;Estrela do Sul;6.840;PATROCINIO MONTE CARMELO
3;Sudeste;31;Minas Gerais;3113;TRIANGULO DO NORTE;31074;PATROCINIO MONTE CARMELO;310010;Abadia dos Dourados;6.272;PATROCINIO MONTE CARMELO
3;Sudeste;31;Minas Gerais;3113;TRIANGULO DO NORTE;31074;PATROCINIO MONTE CARMELO;315640;Romaria;3.386;PATROCINIO MONTE CARMELO
3;Sudeste;31;Minas Gerais;3113;TRIANGULO DO NORTE;31074;PATROCINIO MONTE CARMELO;312350;Douradoquara;1.829;PATROCINIO MONTE CARMELO
3;Sudeste;31;Minas Gerais;3113;TRIANGULO DO NORTE;31074;PATROCINIO MONTE CARMELO;312790;Grupiara;1.392;PATROCINIO MONTE CARMELO
3;Sudeste;31;Minas Gerais;3113;TRIANGULO DO NORTE;31075;UBERLANDIA ARAGUARI;317020;Uberlandia;713.224;UBERLANDIA ARAGUARI
3;Sudeste;31;Minas Gerais;3113;TRIANGULO DO NORTE;31075;UBERLANDIA ARAGUARI;310350;Araguari;117.808;UBERLANDIA ARAGUARI
3;Sudeste;31;Minas Gerais;3113;TRIANGULO DO NORTE;31075;UBERLANDIA ARAGUARI;315280;Prata;28.342;UBERLANDIA ARAGUARI
3;Sudeste;31;Minas Gerais;3113;TRIANGULO DO NORTE;31075;UBERLANDIA ARAGUARI;316960;Tupaciguara;25.470;UBERLANDIA ARAGUARI
3;Sudeste;31;Minas Gerais;3113;TRIANGULO DO NORTE;31075;UBERLANDIA ARAGUARI;314280;Monte Alegre de Minas;20.170;UBERLANDIA ARAGUARI
3;Sudeste;31;Minas Gerais;3113;TRIANGULO DO NORTE;31075;UBERLANDIA ARAGUARI;314500;Nova Ponte;14.598;UBERLANDIA ARAGUARI
3;Sudeste;31;Minas Gerais;3113;TRIANGULO DO NORTE;31075;UBERLANDIA ARAGUARI;310375;Arapora;8.479;UBERLANDIA ARAGUARI
3;Sudeste;31;Minas Gerais;3113;TRIANGULO DO NORTE;31075;UBERLANDIA ARAGUARI;313070;Indianopolis;6.171;UBERLANDIA ARAGUARI
3;Sudeste;31;Minas Gerais;3113;TRIANGULO DO NORTE;31075;UBERLANDIA ARAGUARI;311500;Cascalho Rico;2.712;UBERLANDIA ARAGUARI
3;Sudeste;31;Minas Gerais;3108;NORTE;31076;MANGA;313930;Manga;18.886;MANGA
3;Sudeste;31;Minas Gerais;3108;NORTE;31076;MANGA;314270;Montalvania;14.060;MANGA
3;Sudeste;31;Minas Gerais;3108;NORTE;31076;MANGA;316245;Sao Joao das Missoes;13.024;MANGA
3;Sudeste;31;Minas Gerais;3108;NORTE;31076;MANGA;313695;Juvenilia;5.789;MANGA
3;Sudeste;31;Minas Gerais;3108;NORTE;31076;MANGA;314225;Miravania;3.985;MANGA
3;Sudeste;31;Minas Gerais;3109;NOROESTE;31077;JOAO PINHEIRO;313630;Joao Pinheiro;46.801;JOAO PINHEIRO
3;Sudeste;31;Minas Gerais;3109;NOROESTE;31077;JOAO PINHEIRO;310855;Brasilandia de Minas;15.020;JOAO PINHEIRO
3;Sudeste;31;Minas Gerais;3109;NOROESTE;31077;JOAO PINHEIRO;313753;Lagoa Grande;8.969;JOAO PINHEIRO
3;Sudeste;31;Minas Gerais;3102;CENTRO SUL;31078;CONGONHAS;311800;Congonhas;52.890;CONGONHAS
3;Sudeste;31;Minas Gerais;3102;CENTRO SUL;31078;CONGONHAS;314590;Ouro Branco;38.724;CONGONHAS
3;Sudeste;31;Minas Gerais;3102;CENTRO SUL;31078;CONGONHAS;312390;Entre Rios de Minas;14.746;CONGONHAS
3;Sudeste;31;Minas Gerais;3102;CENTRO SUL;31078;CONGONHAS;312140;Desterro de Entre Rios;7.653;CONGONHAS
3;Sudeste;31;Minas Gerais;3102;CENTRO SUL;31078;CONGONHAS;313540;Jeceaba;6.197;CONGONHAS
3;Sudeste;31;Minas Gerais;3102;CENTRO SUL;31078;CONGONHAS;316090;Sao Bras do Suacui;3.989;CONGONHAS
3;Sudeste;31;Minas Gerais;3102;CENTRO SUL;31079;CONSELHEIRO LAFAIETE;311830;Conselheiro Lafaiete;131.621;CONSELHEIRO LAFAIETE
3;Sudeste;31;Minas Gerais;3102;CENTRO SUL;31079;CONSELHEIRO LAFAIETE;315080;Piranga;17.018;CONSELHEIRO LAFAIETE
3;Sudeste;31;Minas Gerais;3102;CENTRO SUL;31079;CONSELHEIRO LAFAIETE;313390;Itaverava;5.642;CONSELHEIRO LAFAIETE
3;Sudeste;31;Minas Gerais;3102;CENTRO SUL;31079;CONSELHEIRO LAFAIETE;316600;Senhora de Oliveira;5.483;CONSELHEIRO LAFAIETE
3;Sudeste;31;Minas Gerais;3102;CENTRO SUL;31079;CONSELHEIRO LAFAIETE;315520;Rio Espera;5.429;CONSELHEIRO LAFAIETE
3;Sudeste;31;Minas Gerais;3102;CENTRO SUL;31079;CONSELHEIRO LAFAIETE;312040;Cristiano Otoni;4.667;CONSELHEIRO LAFAIETE
3;Sudeste;31;Minas Gerais;3102;CENTRO SUL;31079;CONSELHEIRO LAFAIETE;315910;Santana dos Montes;3.469;CONSELHEIRO LAFAIETE
3;Sudeste;31;Minas Gerais;3102;CENTRO SUL;31079;CONSELHEIRO LAFAIETE;313790;Lamim;3.184;CONSELHEIRO LAFAIETE
3;Sudeste;31;Minas Gerais;3102;CENTRO SUL;31079;CONSELHEIRO LAFAIETE;311540;Catas Altas da Noruega;3.110;CONSELHEIRO LAFAIETE
3;Sudeste;31;Minas Gerais;3102;CENTRO SUL;31079;CONSELHEIRO LAFAIETE;311310;Caranaiba;2.933;CONSELHEIRO LAFAIETE
3;Sudeste;31;Minas Gerais;3102;CENTRO SUL;31079;CONSELHEIRO LAFAIETE;311490;Casa Grande;2.214;CONSELHEIRO LAFAIETE
3;Sudeste;31;Minas Gerais;3102;CENTRO SUL;31079;CONSELHEIRO LAFAIETE;315380;Queluzito;1.770;CONSELHEIRO LAFAIETE
3;Sudeste;31;Minas Gerais;3109;NOROESTE;31082;SAO GOTARDO;316210;Sao Gotardo;40.910;SAO GOTARDO
3;Sudeste;31;Minas Gerais;3109;NOROESTE;31082;SAO GOTARDO;311430;Carmo do Paranaiba;29.011;SAO GOTARDO
3;Sudeste;31;Minas Gerais;3109;NOROESTE;31082;SAO GOTARDO;315550;Rio Paranaiba;14.532;SAO GOTARDO
3;Sudeste;31;Minas Gerais;3109;NOROESTE;31082;SAO GOTARDO;316890;Tiros;7.883;SAO GOTARDO
3;Sudeste;31;Minas Gerais;3109;NOROESTE;31082;SAO GOTARDO;314120;Matutina;3.814;SAO GOTARDO
3;Sudeste;31;Minas Gerais;3109;NOROESTE;31082;SAO GOTARDO;315970;Santa Rosa da Serra;3.382;SAO GOTARDO
3;Sudeste;31;Minas Gerais;3109;NOROESTE;31082;SAO GOTARDO;310380;Arapua;2.631;SAO GOTARDO
3;Sudeste;31;Minas Gerais;3108;NORTE;31083;BOCAIUVA;310730;Bocaiuva;48.032;BOCAIUVA
3;Sudeste;31;Minas Gerais;3108;NORTE;31083;BOCAIUVA;312380;Engenheiro Navarro;6.354;BOCAIUVA
3;Sudeste;31;Minas Gerais;3108;NORTE;31083;BOCAIUVA;314545;Olhos-d'Agua;5.385;BOCAIUVA
3;Sudeste;31;Minas Gerais;3108;NORTE;31083;BOCAIUVA;312825;Guaraciama;5.051;BOCAIUVA
3;Sudeste;31;Minas Gerais;3108;NORTE;31083;BOCAIUVA;312660;Francisco Dumont;4.503;BOCAIUVA
3;Sudeste;31;Minas Gerais;3108;NORTE;31083;BOCAIUVA;313640;Joaquim Felicio;3.854;BOCAIUVA
3;Sudeste;31;Minas Gerais;3108;NORTE;31084;MONTES CLAROS;314330;Montes Claros;414.240;MONTES CLAROS
3;Sudeste;31;Minas Gerais;3108;NORTE;31084;MONTES CLAROS;314200;Mirabela;13.651;MONTES CLAROS
3;Sudeste;31;Minas Gerais;3108;NORTE;31084;MONTES CLAROS;311650;Claro dos Pocoes;7.166;MONTES CLAROS
3;Sudeste;31;Minas Gerais;3108;NORTE;31084;MONTES CLAROS;313200;Itacambira;4.252;MONTES CLAROS
3;Sudeste;31;Minas Gerais;3108;NORTE;31084;MONTES CLAROS;313680;Juramento;3.768;MONTES CLAROS
3;Sudeste;31;Minas Gerais;3108;NORTE;31084;MONTES CLAROS;312735;Glaucilandia;2.928;MONTES CLAROS
3;Sudeste;31;Minas Gerais;3108;NORTE;31085;TAIOBEIRAS;316800;Taiobeiras;33.050;TAIOBEIRAS
3;Sudeste;31;Minas Gerais;3108;NORTE;31085;TAIOBEIRAS;315560;Rio Pardo de Minas;28.271;TAIOBEIRAS
3;Sudeste;31;Minas Gerais;3108;NORTE;31085;TAIOBEIRAS;316270;Sao Joao do Paraiso;23.910;TAIOBEIRAS
3;Sudeste;31;Minas Gerais;3108;NORTE;31085;TAIOBEIRAS;314465;Ninheira;10.588;TAIOBEIRAS
3;Sudeste;31;Minas Gerais;3108;NORTE;31085;TAIOBEIRAS;312087;Curral de Dentro;7.406;TAIOBEIRAS
3;Sudeste;31;Minas Gerais;3108;NORTE;31085;TAIOBEIRAS;314345;Montezuma;6.888;TAIOBEIRAS
3;Sudeste;31;Minas Gerais;3108;NORTE;31085;TAIOBEIRAS;316045;Santo Antonio do Retiro;6.629;TAIOBEIRAS
3;Sudeste;31;Minas Gerais;3108;NORTE;31085;TAIOBEIRAS;313065;Indaiabira;6.346;TAIOBEIRAS
3;Sudeste;31;Minas Gerais;3108;NORTE;31085;TAIOBEIRAS;317065;Vargem Grande do Rio Pardo;4.633;TAIOBEIRAS
3;Sudeste;31;Minas Gerais;3108;NORTE;31085;TAIOBEIRAS;310665;Berizal;4.201;TAIOBEIRAS
3;Sudeste;31;Minas Gerais;3105;OESTE;31086;DIVINOPOLIS;312230;Divinopolis;231.091;DIVINOPOLIS
3;Sudeste;31;Minas Gerais;3105;OESTE;31086;DIVINOPOLIS;311660;Claudio;30.159;DIVINOPOLIS
3;Sudeste;31;Minas Gerais;3105;OESTE;31086;DIVINOPOLIS;311420;Carmo do Cajuru;23.479;DIVINOPOLIS
3;Sudeste;31;Minas Gerais;3105;OESTE;31086;DIVINOPOLIS;313350;Itapecerica;21.046;DIVINOPOLIS
3;Sudeste;31;Minas Gerais;3105;OESTE;31086;DIVINOPOLIS;314970;Perdigao;12.268;DIVINOPOLIS
3;Sudeste;31;Minas Gerais;3105;OESTE;31086;DIVINOPOLIS;316180;Sao Goncalo do Para;11.770;DIVINOPOLIS
3;Sudeste;31;Minas Gerais;3105;OESTE;31086;DIVINOPOLIS;310390;Araujos;9.199;DIVINOPOLIS
3;Sudeste;31;Minas Gerais;3105;OESTE;31086;DIVINOPOLIS;316460;Sao Sebastiao do Oeste;8.815;DIVINOPOLIS
3;Sudeste;31;Minas Gerais;3105;OESTE;31087;LAGOA DA PRATA SANTO ANTONIO DO MONTE;313720;Lagoa da Prata;51.412;LAGOA DA PRATA SANTO ANTONIO DO MONTE
3;Sudeste;31;Minas Gerais;3105;OESTE;31087;LAGOA DA PRATA SANTO ANTONIO DO MONTE;316040;Santo Antonio do Monte;27.295;LAGOA DA PRATA SANTO ANTONIO DO MONTE
3;Sudeste;31;Minas Gerais;3105;OESTE;31087;LAGOA DA PRATA SANTO ANTONIO DO MONTE;313530;Japaraiba;4.506;LAGOA DA PRATA SANTO ANTONIO DO MONTE
3;Sudeste;31;Minas Gerais;3105;OESTE;31087;LAGOA DA PRATA SANTO ANTONIO DO MONTE;314890;Pedra do Indaia;4.112;LAGOA DA PRATA SANTO ANTONIO DO MONTE
3;Sudeste;31;Minas Gerais;3105;OESTE;31088;OLIVEIRA SANTO ANTONIO DO AMPARO;314560;Oliveira;39.262;OLIVEIRA SANTO ANTONIO DO AMPARO
3;Sudeste;31;Minas Gerais;3105;OESTE;31088;OLIVEIRA SANTO ANTONIO DO AMPARO;311450;Carmopolis de Minas;18.003;OLIVEIRA SANTO ANTONIO DO AMPARO
3;Sudeste;31;Minas Gerais;3105;OESTE;31088;OLIVEIRA SANTO ANTONIO DO AMPARO;315990;Santo Antonio do Amparo;17.285;OLIVEIRA SANTO ANTONIO DO AMPARO
3;Sudeste;31;Minas Gerais;3105;OESTE;31088;OLIVEIRA SANTO ANTONIO DO AMPARO;311400;Carmo da Mata;11.019;OLIVEIRA SANTO ANTONIO DO AMPARO
3;Sudeste;31;Minas Gerais;3105;OESTE;31088;OLIVEIRA SANTO ANTONIO DO AMPARO;314770;Passa Tempo;8.473;OLIVEIRA SANTO ANTONIO DO AMPARO
3;Sudeste;31;Minas Gerais;3105;OESTE;31088;OLIVEIRA SANTO ANTONIO DO AMPARO;316120;Sao Francisco de Paula;6.187;OLIVEIRA SANTO ANTONIO DO AMPARO
3;Sudeste;31;Minas Gerais;3105;OESTE;31089;CAMPO BELO;311120;Campo Belo;52.277;CAMPO BELO
3;Sudeste;31;Minas Gerais;3105;OESTE;31089;CAMPO BELO;311200;Candeias;14.001;CAMPO BELO
3;Sudeste;31;Minas Gerais;3105;OESTE;31089;CAMPO BELO;312020;Cristais;12.197;CAMPO BELO
3;Sudeste;31;Minas Gerais;3105;OESTE;31089;CAMPO BELO;311190;Cana Verde;5.272;CAMPO BELO
3;Sudeste;31;Minas Gerais;3105;OESTE;31089;CAMPO BELO;310080;Aguanil;4.357;CAMPO BELO
3;Sudeste;31;Minas Gerais;3105;OESTE;31089;CAMPO BELO;315880;Santana do Jacare;4.214;CAMPO BELO
3;Sudeste;31;Minas Gerais;3105;OESTE;31089;CAMPO BELO;311040;Camacho;2.838;CAMPO BELO
3;Sudeste;31;Minas Gerais;3107;SUDESTE;31090;LIMA DUARTE;313860;Lima Duarte;17.221;LIMA DUARTE
3;Sudeste;31;Minas Gerais;3107;SUDESTE;31090;LIMA DUARTE;310280;Andrelandia;11.927;LIMA DUARTE
3;Sudeste;31;Minas Gerais;3107;SUDESTE;31090;LIMA DUARTE;310750;Bom Jardim de Minas;6.783;LIMA DUARTE
3;Sudeste;31;Minas Gerais;3107;SUDESTE;31090;LIMA DUARTE;310720;Bocaina de Minas;5.348;LIMA DUARTE
3;Sudeste;31;Minas Gerais;3107;SUDESTE;31090;LIMA DUARTE;315590;Rio Preto;5.141;LIMA DUARTE
3;Sudeste;31;Minas Gerais;3107;SUDESTE;31090;LIMA DUARTE;315930;Santa Rita de Jacutinga;4.755;LIMA DUARTE
3;Sudeste;31;Minas Gerais;3107;SUDESTE;31090;LIMA DUARTE;313850;Liberdade;4.737;LIMA DUARTE
3;Sudeste;31;Minas Gerais;3107;SUDESTE;31090;LIMA DUARTE;310680;Bias Fortes;3.361;LIMA DUARTE
3;Sudeste;31;Minas Gerais;3107;SUDESTE;31090;LIMA DUARTE;315727;Santa Barbara do Monte Verde;3.095;LIMA DUARTE
3;Sudeste;31;Minas Gerais;3107;SUDESTE;31090;LIMA DUARTE;310360;Arantina;2.915;LIMA DUARTE
3;Sudeste;31;Minas Gerais;3107;SUDESTE;31090;LIMA DUARTE;314780;Passa Vinte;2.233;LIMA DUARTE
3;Sudeste;31;Minas Gerais;3107;SUDESTE;31090;LIMA DUARTE;314540;Olaria;1.945;LIMA DUARTE
3;Sudeste;31;Minas Gerais;3107;SUDESTE;31090;LIMA DUARTE;314940;Pedro Teixeira;1.810;LIMA DUARTE
3;Sudeste;31;Minas Gerais;3116;SUDOESTE;31091;CASSIA;311510;Cassia;17.155;CASSIA
3;Sudeste;31;Minas Gerais;3116;SUDOESTE;31091;CASSIA;312970;Ibiraci;10.948;CASSIA
3;Sudeste;31;Minas Gerais;3116;SUDOESTE;31091;CASSIA;312120;Delfinopolis;8.393;CASSIA
