Codigo Regiao do Pais;Regiao do Pais;Codigo UF;UF;Codigo Macrorregiao de Saude;Macrorregiao de Saude;Codigo Regiao de Saude;Regiao de Saude;CD_MN_RESI;Municipio;Populacao Estimada IBGE 2022;Regiao de Saude
4;Sul;41;Parana;4108;MACRORREGIAO OESTE;41007;7a RS PATO BRANCO;411760;Palmas;48.247;7a RS PATO BRANCO
4;Sul;41;Parana;4108;MACRORREGIAO OESTE;41007;7a RS PATO BRANCO;410650;Coronel Vivida;23.331;7a RS PATO BRANCO
4;Sul;41;Parana;4108;MACRORREGIAO OESTE;41007;7a RS PATO BRANCO;410540;Chopinzinho;21.085;7a RS PATO BRANCO
4;Sul;41;Parana;4108;MACRORREGIAO OESTE;41007;7a RS PATO BRANCO;411440;Mangueirinha;16.603;7a RS PATO BRANCO
4;Sul;41;Parana;4108;MACRORREGIAO OESTE;41007;7a RS PATO BRANCO;410570;Clevelandia;15.070;7a RS PATO BRANCO
4;Sul;41;Parana;4108;MACRORREGIAO OESTE;41007;7a RS PATO BRANCO;411120;Itapejara d'Oeste;12.344;7a RS PATO BRANCO
4;Sul;41;Parana;4108;MACRORREGIAO OESTE;41007;7a RS PATO BRANCO;412480;Sao Joao;11.886;7a RS PATO BRANCO
4;Sul;41;Parana;4108;MACRORREGIAO OESTE;41007;7a RS PATO BRANCO;412870;Vitorino;9.706;7a RS PATO BRANCO
4;Sul;41;Parana;4108;MACRORREGIAO OESTE;41007;7a RS PATO BRANCO;411530;Mariopolis;6.371;7a RS PATO BRANCO
4;Sul;41;Parana;4108;MACRORREGIAO OESTE;41007;7a RS PATO BRANCO;412627;Saudade do Iguacu;6.108;7a RS PATO BRANCO
4;Sul;41;Parana;4108;MACRORREGIAO OESTE;41007;7a RS PATO BRANCO;410645;Coronel Domingos Soares;5.649;7a RS PATO BRANCO
4;Sul;41;Parana;4108;MACRORREGIAO OESTE;41007;7a RS PATO BRANCO;410965;Honorio Serpa;4.941;7a RS PATO BRANCO
4;Sul;41;Parana;4108;MACRORREGIAO OESTE;41007;7a RS PATO BRANCO;412665;Sulina;3.440;7a RS PATO BRANCO
4;Sul;41;Parana;4108;MACRORREGIAO OESTE;41007;7a RS PATO BRANCO;410322;Bom Sucesso do Sul;3.202;7a RS PATO BRANCO
4;Sul;41;Parana;4108;MACRORREGIAO OESTE;41008;8a RS FRANCISCO BELTRAO;410840;Francisco Beltrao;96.666;8a RS FRANCISCO BELTRAO
4;Sul;41;Parana;4108;MACRORREGIAO OESTE;41008;8a RS FRANCISCO BELTRAO;410720;Dois Vizinhos;44.869;8a RS FRANCISCO BELTRAO
4;Sul;41;Parana;4108;MACRORREGIAO OESTE;41008;8a RS FRANCISCO BELTRAO;412440;Santo Antonio do Sudoeste;23.673;8a RS FRANCISCO BELTRAO
4;Sul;41;Parana;4108;MACRORREGIAO OESTE;41008;8a RS FRANCISCO BELTRAO;410450;Capanema;20.481;8a RS FRANCISCO BELTRAO
4;Sul;41;Parana;4108;MACRORREGIAO OESTE;41008;8a RS FRANCISCO BELTRAO;410100;Ampere;19.620;8a RS FRANCISCO BELTRAO
4;Sul;41;Parana;4108;MACRORREGIAO OESTE;41008;8a RS FRANCISCO BELTRAO;412140;Realeza;19.247;8a RS FRANCISCO BELTRAO
4;Sul;41;Parana;4108;MACRORREGIAO OESTE;41008;8a RS FRANCISCO BELTRAO;411540;Marmeleiro;15.901;8a RS FRANCISCO BELTRAO
4;Sul;41;Parana;4108;MACRORREGIAO OESTE;41008;8a RS FRANCISCO BELTRAO;412300;Salto do Lontra;15.223;8a RS FRANCISCO BELTRAO
4;Sul;41;Parana;4108;MACRORREGIAO OESTE;41008;8a RS FRANCISCO BELTRAO;411980;Planalto;14.374;8a RS FRANCISCO BELTRAO
4;Sul;41;Parana;4108;MACRORREGIAO OESTE;41008;8a RS FRANCISCO BELTRAO;412380;Santa Izabel do Oeste;14.070;8a RS FRANCISCO BELTRAO
4;Sul;41;Parana;4108;MACRORREGIAO OESTE;41008;8a RS FRANCISCO BELTRAO;411725;Nova Prata do Iguacu;12.699;8a RS FRANCISCO BELTRAO
4;Sul;41;Parana;4108;MACRORREGIAO OESTE;41008;8a RS FRANCISCO BELTRAO;410260;Barracao;9.759;8a RS FRANCISCO BELTRAO
4;Sul;41;Parana;4108;MACRORREGIAO OESTE;41008;8a RS FRANCISCO BELTRAO;412520;Sao Jorge d'Oeste;9.378;8a RS FRANCISCO BELTRAO
4;Sul;41;Parana;4108;MACRORREGIAO OESTE;41008;8a RS FRANCISCO BELTRAO;412860;Vere;7.932;8a RS FRANCISCO BELTRAO
4;Sul;41;Parana;4108;MACRORREGIAO OESTE;41008;8a RS FRANCISCO BELTRAO;412160;Renascenca;6.845;8a RS FRANCISCO BELTRAO
4;Sul;41;Parana;4108;MACRORREGIAO OESTE;41008;8a RS FRANCISCO BELTRAO;411900;Perola d'Oeste;6.221;8a RS FRANCISCO BELTRAO
4;Sul;41;Parana;4108;MACRORREGIAO OESTE;41008;8a RS FRANCISCO BELTRAO;410740;Eneas Marques;5.999;8a RS FRANCISCO BELTRAO
4;Sul;41;Parana;4108;MACRORREGIAO OESTE;41008;8a RS FRANCISCO BELTRAO;412035;Pranchita;5.737;8a RS FRANCISCO BELTRAO
4;Sul;41;Parana;4108;MACRORREGIAO OESTE;41008;8a RS FRANCISCO BELTRAO;411695;Nova Esperanca do Sudoeste;5.597;8a RS FRANCISCO BELTRAO
4;Sul;41;Parana;4108;MACRORREGIAO OESTE;41008;8a RS FRANCISCO BELTRAO;410785;Flor da Serra do Sul;4.364;8a RS FRANCISCO BELTRAO
4;Sul;41;Parana;4108;MACRORREGIAO OESTE;41008;8a RS FRANCISCO BELTRAO;410657;Cruzeiro do Iguacu;4.133;8a RS FRANCISCO BELTRAO
4;Sul;41;Parana;4108;MACRORREGIAO OESTE;41008;8a RS FRANCISCO BELTRAO;412280;Salgado Filho;4.075;8a RS FRANCISCO BELTRAO
4;Sul;41;Parana;4108;MACRORREGIAO OESTE;41008;8a RS FRANCISCO BELTRAO;410275;Bela Vista da Caroba;4.031;8a RS FRANCISCO BELTRAO
4;Sul;41;Parana;4108;MACRORREGIAO OESTE;41008;8a RS FRANCISCO BELTRAO;410315;Bom Jesus do Sul;3.980;8a RS FRANCISCO BELTRAO
4;Sul;41;Parana;4108;MACRORREGIAO OESTE;41008;8a RS FRANCISCO BELTRAO;411435;Manfrinopolis;2.770;8a RS FRANCISCO BELTRAO
4;Sul;41;Parana;4108;MACRORREGIAO OESTE;41008;8a RS FRANCISCO BELTRAO;411925;Pinhal de Sao Bento;2.761;8a RS FRANCISCO BELTRAO
4;Sul;41;Parana;4108;MACRORREGIAO OESTE;41008;8a RS FRANCISCO BELTRAO;410302;Boa Esperanca do Iguacu;2.455;8a RS FRANCISCO BELTRAO
4;Sul;41;Parana;4108;MACRORREGIAO OESTE;41009;9a RS FOZ DO IGUACU;410830;Foz do Iguacu;285.415;9a RS FOZ DO IGUACU
4;Sul;41;Parana;4108;MACRORREGIAO OESTE;41009;9a RS FOZ DO IGUACU;411580;Medianeira;54.369;9a RS FOZ DO IGUACU
4;Sul;41;Parana;4108;MACRORREGIAO OESTE;41009;9a RS FOZ DO IGUACU;412570;Sao Miguel do Iguacu;29.122;9a RS FOZ DO IGUACU
4;Sul;41;Parana;4108;MACRORREGIAO OESTE;41009;9a RS FOZ DO IGUACU;412405;Santa Terezinha de Itaipu;24.262;9a RS FOZ DO IGUACU
4;Sul;41;Parana;4108;MACRORREGIAO OESTE;41009;9a RS FOZ DO IGUACU;411560;Matelandia;18.450;9a RS FOZ DO IGUACU
4;Sul;41;Parana;4108;MACRORREGIAO OESTE;41009;9a RS FOZ DO IGUACU;411095;Itaipulandia;11.485;9a RS FOZ DO IGUACU
4;Sul;41;Parana;4108;MACRORREGIAO OESTE;41009;9a RS FOZ DO IGUACU;411605;Missal;11.064;9a RS FOZ DO IGUACU
4;Sul;41;Parana;4108;MACRORREGIAO OESTE;41009;9a RS FOZ DO IGUACU;412635;Serranopolis do Iguacu;5.007;9a RS FOZ DO IGUACU
4;Sul;41;Parana;4108;MACRORREGIAO OESTE;41009;9a RS FOZ DO IGUACU;412125;Ramilandia;4.221;9a RS FOZ DO IGUACU
4;Sul;41;Parana;4108;MACRORREGIAO OESTE;41010;10a RS CASCAVEL;410480;Cascavel;348.051;10a RS CASCAVEL
4;Sul;41;Parana;4108;MACRORREGIAO OESTE;41010;10a RS CASCAVEL;412090;Quedas do Iguacu;30.738;10a RS CASCAVEL
4;Sul;41;Parana;4108;MACRORREGIAO OESTE;41010;10a RS CASCAVEL;410345;Cafelandia;18.997;10a RS CASCAVEL
4;Sul;41;Parana;4108;MACRORREGIAO OESTE;41010;10a RS CASCAVEL;410630;Corbelia;17.470;10a RS CASCAVEL
4;Sul;41;Parana;4108;MACRORREGIAO OESTE;41010;10a RS CASCAVEL;410460;Capitao Leonidas Marques;14.648;10a RS CASCAVEL
4;Sul;41;Parana;4108;MACRORREGIAO OESTE;41010;10a RS CASCAVEL;411670;Nova Aurora;13.765;10a RS CASCAVEL
4;Sul;41;Parana;4108;MACRORREGIAO OESTE;41010;10a RS CASCAVEL;410930;Guaraniacu;13.735;10a RS CASCAVEL
4;Sul;41;Parana;4108;MACRORREGIAO OESTE;41010;10a RS CASCAVEL;412402;Santa Tereza do Oeste;13.174;10a RS CASCAVEL
4;Sul;41;Parana;4108;MACRORREGIAO OESTE;41010;10a RS CASCAVEL;412785;Tres Barras do Parana;11.135;10a RS CASCAVEL
4;Sul;41;Parana;4108;MACRORREGIAO OESTE;41010;10a RS CASCAVEL;410530;Ceu Azul;11.087;10a RS CASCAVEL
4;Sul;41;Parana;4108;MACRORREGIAO OESTE;41010;10a RS CASCAVEL;411275;Jesuitas;10.506;10a RS CASCAVEL
4;Sul;41;Parana;4108;MACRORREGIAO OESTE;41010;10a RS CASCAVEL;410500;Catanduvas;10.446;10a RS CASCAVEL
4;Sul;41;Parana;4108;MACRORREGIAO OESTE;41010;10a RS CASCAVEL;412855;Vera Cruz do Oeste;8.215;10a RS CASCAVEL
4;Sul;41;Parana;4108;MACRORREGIAO OESTE;41010;10a RS CASCAVEL;410305;Boa Vista da Aparecida;7.924;10a RS CASCAVEL
4;Sul;41;Parana;4108;MACRORREGIAO OESTE;41010;10a RS CASCAVEL;410820;Formosa do Oeste;7.635;10a RS CASCAVEL
4;Sul;41;Parana;4108;MACRORREGIAO OESTE;41010;10a RS CASCAVEL;410975;Ibema;6.218;10a RS CASCAVEL
4;Sul;41;Parana;4108;MACRORREGIAO OESTE;41010;10a RS CASCAVEL;411345;Lindoeste;5.175;10a RS CASCAVEL
4;Sul;41;Parana;4108;MACRORREGIAO OESTE;41010;10a RS CASCAVEL;410335;Braganey;4.854;10a RS CASCAVEL
4;Sul;41;Parana;4108;MACRORREGIAO OESTE;41010;10a RS CASCAVEL;410754;Espigao Alto do Iguacu;4.797;10a RS CASCAVEL
4;Sul;41;Parana;4108;MACRORREGIAO OESTE;41010;10a RS CASCAVEL;410405;Campo Bonito;4.027;10a RS CASCAVEL
4;Sul;41;Parana;4108;MACRORREGIAO OESTE;41010;10a RS CASCAVEL;412382;Santa Lucia;3.644;10a RS CASCAVEL
4;Sul;41;Parana;4108;MACRORREGIAO OESTE;41010;10a RS CASCAVEL;410712;Diamante do Sul;3.171;10a RS CASCAVEL
4;Sul;41;Parana;4108;MACRORREGIAO OESTE;41010;10a RS CASCAVEL;410105;Anahy;2.918;10a RS CASCAVEL
4;Sul;41;Parana;4108;MACRORREGIAO OESTE;41010;10a RS CASCAVEL;411065;Iracema do Oeste;2.343;10a RS CASCAVEL
4;Sul;41;Parana;4108;MACRORREGIAO OESTE;41010;10a RS CASCAVEL;411005;Iguatu;2.144;10a RS CASCAVEL
4;Sul;41;Parana;4106;MACRORREGIONAL NOROESTE;41011;11a RS CAMPO MOURAO;410430;Campo Mourao;99.432;11a RS CAMPO MOURAO
4;Sul;41;Parana;4106;MACRORREGIONAL NOROESTE;41011;11a RS CAMPO MOURAO;410860;Goioere;28.437;11a RS CAMPO MOURAO
4;Sul;41;Parana;4106;MACRORREGIONAL NOROESTE;41011;11a RS CAMPO MOURAO;412800;Ubirata;24.749;11a RS CAMPO MOURAO
4;Sul;41;Parana;4106;MACRORREGIONAL NOROESTE;41011;11a RS CAMPO MOURAO;412720;Terra Boa;17.568;11a RS CAMPO MOURAO
4;Sul;41;Parana;4106;MACRORREGIONAL NOROESTE;41011;11a RS CAMPO MOURAO;410390;Campina da Lagoa;15.723;11a RS CAMPO MOURAO
4;Sul;41;Parana;4106;MACRORREGIONAL NOROESTE;41011;11a RS CAMPO MOURAO;410170;Araruna;14.485;11a RS CAMPO MOURAO
4;Sul;41;Parana;4106;MACRORREGIONAL NOROESTE;41011;11a RS CAMPO MOURAO;411400;Mambore;13.452;11a RS CAMPO MOURAO
4;Sul;41;Parana;4106;MACRORREGIONAL NOROESTE;41011;11a RS CAMPO MOURAO;411880;Peabiru;13.346;11a RS CAMPO MOURAO
4;Sul;41;Parana;4106;MACRORREGIONAL NOROESTE;41011;11a RS CAMPO MOURAO;410750;Engenheiro Beltrao;12.454;11a RS CAMPO MOURAO
4;Sul;41;Parana;4106;MACRORREGIONAL NOROESTE;41011;11a RS CAMPO MOURAO;412250;Roncador;11.251;11a RS CAMPO MOURAO
4;Sul;41;Parana;4106;MACRORREGIONAL NOROESTE;41011;11a RS CAMPO MOURAO;411610;Moreira Sales;11.175;11a RS CAMPO MOURAO
4;Sul;41;Parana;4106;MACRORREGIONAL NOROESTE;41011;11a RS CAMPO MOURAO;410250;Barbosa Ferraz;10.795;11a RS CAMPO MOURAO
4;Sul;41;Parana;4106;MACRORREGIONAL NOROESTE;41011;11a RS CAMPO MOURAO;411080;Iretama;10.684;11a RS CAMPO MOURAO
4;Sul;41;Parana;4106;MACRORREGIONAL NOROESTE;41011;11a RS CAMPO MOURAO;411295;Juranda;7.771;11a RS CAMPO MOURAO
4;Sul;41;Parana;4106;MACRORREGIONAL NOROESTE;41011;11a RS CAMPO MOURAO;411680;Nova Cantu;6.790;11a RS CAMPO MOURAO
4;Sul;41;Parana;4106;MACRORREGIONAL NOROESTE;41011;11a RS CAMPO MOURAO;411373;Luiziana;6.690;11a RS CAMPO MOURAO
4;Sul;41;Parana;4106;MACRORREGIONAL NOROESTE;41011;11a RS CAMPO MOURAO;411220;Janiopolis;5.870;11a RS CAMPO MOURAO
4;Sul;41;Parana;4106;MACRORREGIONAL NOROESTE;41011;11a RS CAMPO MOURAO;412110;Quinta do Sol;5.001;11a RS CAMPO MOURAO
4;Sul;41;Parana;4106;MACRORREGIONAL NOROESTE;41011;11a RS CAMPO MOURAO;410300;Boa Esperanca;4.558;11a RS CAMPO MOURAO
4;Sul;41;Parana;4106;MACRORREGIONAL NOROESTE;41011;11a RS CAMPO MOURAO;410770;Fenix;4.492;11a RS CAMPO MOURAO
4;Sul;41;Parana;4106;MACRORREGIONAL NOROESTE;41011;11a RS CAMPO MOURAO;412065;Quarto Centenario;4.201;11a RS CAMPO MOURAO
4;Sul;41;Parana;4106;MACRORREGIONAL NOROESTE;41011;11a RS CAMPO MOURAO;410655;Corumbatai do Sul;3.760;11a RS CAMPO MOURAO
4;Sul;41;Parana;4106;MACRORREGIONAL NOROESTE;41011;11a RS CAMPO MOURAO;410045;Altamira do Parana;3.590;11a RS CAMPO MOURAO
4;Sul;41;Parana;4106;MACRORREGIONAL NOROESTE;41011;11a RS CAMPO MOURAO;410755;Farol;3.039;11a RS CAMPO MOURAO
4;Sul;41;Parana;4106;MACRORREGIONAL NOROESTE;41011;11a RS CAMPO MOURAO;412135;Rancho Alegre D'Oeste;2.618;11a RS CAMPO MOURAO
4;Sul;41;Parana;4106;MACRORREGIONAL NOROESTE;41012;12a RS UMUARAMA;412810;Umuarama;117.095;12a RS UMUARAMA
4;Sul;41;Parana;4106;MACRORREGIONAL NOROESTE;41012;12a RS UMUARAMA;410660;Cruzeiro do Oeste;23.831;12a RS UMUARAMA
4;Sul;41;Parana;4106;MACRORREGIONAL NOROESTE;41012;12a RS UMUARAMA;410050;Altonia;18.742;12a RS UMUARAMA
4;Sul;41;Parana;4106;MACRORREGIONAL NOROESTE;41012;12a RS UMUARAMA;411060;Ipora;15.746;12a RS UMUARAMA
4;Sul;41;Parana;4106;MACRORREGIONAL NOROESTE;41012;12a RS UMUARAMA;411890;Perola;11.878;12a RS UMUARAMA
4;Sul;41;Parana;4106;MACRORREGIONAL NOROESTE;41012;12a RS UMUARAMA;411510;Mariluz;9.847;12a RS UMUARAMA
4;Sul;41;Parana;4106;MACRORREGIONAL NOROESTE;41012;12a RS UMUARAMA;410070;Alto Piquiri;9.727;12a RS UMUARAMA
4;Sul;41;Parana;4106;MACRORREGIONAL NOROESTE;41012;12a RS UMUARAMA;410725;Douradina;9.161;12a RS UMUARAMA
4;Sul;41;Parana;4106;MACRORREGIONAL NOROESTE;41012;12a RS UMUARAMA;410990;Icaraima;8.991;12a RS UMUARAMA
4;Sul;41;Parana;4106;MACRORREGIONAL NOROESTE;41012;12a RS UMUARAMA;410832;Francisco Alves;8.116;12a RS UMUARAMA
4;Sul;41;Parana;4106;MACRORREGIONAL NOROESTE;41012;12a RS UMUARAMA;411885;Perobal;7.189;12a RS UMUARAMA
4;Sul;41;Parana;4106;MACRORREGIONAL NOROESTE;41012;12a RS UMUARAMA;411155;Ivate;6.831;12a RS UMUARAMA
4;Sul;41;Parana;4106;MACRORREGIONAL NOROESTE;41012;12a RS UMUARAMA;412535;Sao Jorge do Patrocinio;6.504;12a RS UMUARAMA
4;Sul;41;Parana;4106;MACRORREGIONAL NOROESTE;41012;12a RS UMUARAMA;411470;Maria Helena;5.865;12a RS UMUARAMA
4;Sul;41;Parana;4106;MACRORREGIONAL NOROESTE;41012;12a RS UMUARAMA;411720;Nova Olimpia;5.833;12a RS UMUARAMA
4;Sul;41;Parana;4106;MACRORREGIONAL NOROESTE;41012;12a RS UMUARAMA;412880;Xambre;5.798;12a RS UMUARAMA
4;Sul;41;Parana;4106;MACRORREGIONAL NOROESTE;41012;12a RS UMUARAMA;412690;Tapira;5.745;12a RS UMUARAMA
4;Sul;41;Parana;4106;MACRORREGIONAL NOROESTE;41012;12a RS UMUARAMA;410347;Cafezal do Sul;4.473;12a RS UMUARAMA
4;Sul;41;Parana;4106;MACRORREGIONAL NOROESTE;41012;12a RS UMUARAMA;410337;Brasilandia do Sul;3.708;12a RS UMUARAMA
4;Sul;41;Parana;4106;MACRORREGIONAL NOROESTE;41012;12a RS UMUARAMA;412862;Alto Paraiso;3.055;12a RS UMUARAMA
4;Sul;41;Parana;4106;MACRORREGIONAL NOROESTE;41012;12a RS UMUARAMA;410752;Esperanca Nova;1.849;12a RS UMUARAMA
4;Sul;41;Parana;4106;MACRORREGIONAL NOROESTE;41013;13a RS CIANORTE;410550;Cianorte;79.527;13a RS CIANORTE
4;Sul;41;Parana;4106;MACRORREGIONAL NOROESTE;41013;13a RS CIANORTE;412680;Tapejara;15.869;13a RS CIANORTE
4;Sul;41;Parana;4106;MACRORREGIONAL NOROESTE;41013;13a RS CIANORTE;410560;Cidade Gaucha;11.467;13a RS CIANORTE
4;Sul;41;Parana;4106;MACRORREGIONAL NOROESTE;41013;13a RS CIANORTE;411240;Japura;9.144;13a RS CIANORTE
4;Sul;41;Parana;4106;MACRORREGIONAL NOROESTE;41013;13a RS CIANORTE;412260;Rondon;9.097;13a RS CIANORTE
4;Sul;41;Parana;4106;MACRORREGIONAL NOROESTE;41013;13a RS CIANORTE;412790;Tuneiras do Oeste;8.067;13a RS CIANORTE
4;Sul;41;Parana;4106;MACRORREGIONAL NOROESTE;41013;13a RS CIANORTE;411300;Jussara;6.690;13a RS CIANORTE
4;Sul;41;Parana;4106;MACRORREGIONAL NOROESTE;41013;13a RS CIANORTE;412610;Sao Tome;5.232;13a RS CIANORTE
4;Sul;41;Parana;4106;MACRORREGIONAL NOROESTE;41013;13a RS CIANORTE;411040;Indianopolis;4.448;13a RS CIANORTE
4;Sul;41;Parana;4106;MACRORREGIONAL NOROESTE;41013;13a RS CIANORTE;410910;Guaporema;2.191;13a RS CIANORTE
4;Sul;41;Parana;4106;MACRORREGIONAL NOROESTE;41013;13a RS CIANORTE;412555;Sao Manoel do Parana;2.138;13a RS CIANORTE
4;Sul;41;Parana;4106;MACRORREGIONAL NOROESTE;41014;14a RS PARANAVAI;411840;Paranavai;92.001;14a RS PARANAVAI
4;Sul;41;Parana;4106;MACRORREGIONAL NOROESTE;41014;14a RS PARANAVAI;411350;Loanda;23.225;14a RS PARANAVAI
4;Sul;41;Parana;4106;MACRORREGIONAL NOROESTE;41014;14a RS PARANAVAI;412730;Terra Rica;14.842;14a RS PARANAVAI
4;Sul;41;Parana;4106;MACRORREGIONAL NOROESTE;41014;14a RS PARANAVAI;410060;Alto Parana;13.909;14a RS PARANAVAI
4;Sul;41;Parana;4106;MACRORREGIONAL NOROESTE;41014;14a RS PARANAVAI;411800;Paraiso do Norte;13.245;14a RS PARANAVAI
4;Sul;41;Parana;4106;MACRORREGIONAL NOROESTE;41014;14a RS PARANAVAI;411710;Nova Londrina;12.923;14a RS PARANAVAI
4;Sul;41;Parana;4106;MACRORREGIONAL NOROESTE;41014;14a RS PARANAVAI;412100;Querencia do Norte;10.685;14a RS PARANAVAI
4;Sul;41;Parana;4106;MACRORREGIONAL NOROESTE;41014;14a RS PARANAVAI;412370;Santa Isabel do Ivai;8.912;14a RS PARANAVAI
4;Sul;41;Parana;4106;MACRORREGIONAL NOROESTE;41014;14a RS PARANAVAI;412330;Santa Cruz de Monte Castelo;8.613;14a RS PARANAVAI
4;Sul;41;Parana;4106;MACRORREGIONAL NOROESTE;41014;14a RS PARANAVAI;411500;Marilena;7.253;14a RS PARANAVAI
4;Sul;41;Parana;4106;MACRORREGIONAL NOROESTE;41014;14a RS PARANAVAI;410890;Guairaca;6.587;14a RS PARANAVAI
4;Sul;41;Parana;4106;MACRORREGIONAL NOROESTE;41014;14a RS PARANAVAI;412460;Sao Carlos do Ivai;6.587;14a RS PARANAVAI
4;Sul;41;Parana;4106;MACRORREGIONAL NOROESTE;41014;14a RS PARANAVAI;412490;Sao Joao do Caiua;5.586;14a RS PARANAVAI
4;Sul;41;Parana;4106;MACRORREGIONAL NOROESTE;41014;14a RS PARANAVAI;410710;Diamante do Norte;5.142;14a RS PARANAVAI
4;Sul;41;Parana;4106;MACRORREGIONAL NOROESTE;41014;14a RS PARANAVAI;412670;Tamboara;4.880;14a RS PARANAVAI
4;Sul;41;Parana;4106;MACRORREGIONAL NOROESTE;41014;14a RS PARANAVAI;410090;Amapora;4.762;14a RS PARANAVAI
4;Sul;41;Parana;4106;MACRORREGIONAL NOROESTE;41014;14a RS PARANAVAI;410670;Cruzeiro do Sul;4.494;14a RS PARANAVAI
4;Sul;41;Parana;4106;MACRORREGIONAL NOROESTE;41014;14a RS PARANAVAI;411970;Planaltina do Parana;4.070;14a RS PARANAVAI
4;Sul;41;Parana;4106;MACRORREGIONAL NOROESTE;41014;14a RS PARANAVAI;411130;Itauna do Sul;3.572;14a RS PARANAVAI
4;Sul;41;Parana;4106;MACRORREGIONAL NOROESTE;41014;14a RS PARANAVAI;412395;Santa Monica;3.356;14a RS PARANAVAI
4;Sul;41;Parana;4106;MACRORREGIONAL NOROESTE;41014;14a RS PARANAVAI;412020;Porto Rico;3.182;14a RS PARANAVAI
4;Sul;41;Parana;4106;MACRORREGIONAL NOROESTE;41014;14a RS PARANAVAI;412590;Sao Pedro do Parana;2.661;14a RS PARANAVAI
4;Sul;41;Parana;4106;MACRORREGIONAL NOROESTE;41014;14a RS PARANAVAI;411030;Inaja;2.536;14a RS PARANAVAI
4;Sul;41;Parana;4106;MACRORREGIONAL NOROESTE;41014;14a RS PARANAVAI;412420;Santo Antonio do Caiua;2.493;14a RS PARANAVAI
4;Sul;41;Parana;4106;MACRORREGIONAL NOROESTE;41014;14a RS PARANAVAI;411830;Paranapoema;2.398;14a RS PARANAVAI
4;Sul;41;Parana;4106;MACRORREGIONAL NOROESTE;41014;14a RS PARANAVAI;411590;Mirador;2.238;14a RS PARANAVAI
4;Sul;41;Parana;4106;MACRORREGIONAL NOROESTE;41014;14a RS PARANAVAI;411260;Jardim Olinda;1.343;14a RS PARANAVAI
4;Sul;41;Parana;4106;MACRORREGIONAL NOROESTE;41014;14a RS PARANAVAI;411650;Nova Alianca do Ivai;1.323;14a RS PARANAVAI
4;Sul;41;Parana;4106;MACRORREGIONAL NOROESTE;41015;15a RS MARINGA;411520;Maringa;409.657;15a RS MARINGA
4;Sul;41;Parana;4106;MACRORREGIONAL NOROESTE;41015;15a RS MARINGA;412625;Sarandi;118.455;15a RS MARINGA
4;Sul;41;Parana;4106;MACRORREGIONAL NOROESTE;41015;15a RS MARINGA;411750;Paicandu;45.962;15a RS MARINGA
4;Sul;41;Parana;4106;MACRORREGIONAL NOROESTE;41015;15a RS MARINGA;411480;Marialva;41.851;15a RS MARINGA
4;Sul;41;Parana;4106;MACRORREGIONAL NOROESTE;41015;15a RS MARINGA;411420;Mandaguari;36.716;15a RS MARINGA
4;Sul;41;Parana;4106;MACRORREGIONAL NOROESTE;41015;15a RS MARINGA;411410;Mandaguacu;31.457;15a RS MARINGA
4;Sul;41;Parana;4106;MACRORREGIONAL NOROESTE;41015;15a RS MARINGA;411690;Nova Esperanca;26.585;15a RS MARINGA
4;Sul;41;Parana;4106;MACRORREGIONAL NOROESTE;41015;15a RS MARINGA;410210;Astorga;25.475;15a RS MARINGA
4;Sul;41;Parana;4106;MACRORREGIONAL NOROESTE;41015;15a RS MARINGA;410590;Colorado;22.896;15a RS MARINGA
4;Sul;41;Parana;4106;MACRORREGIONAL NOROESTE;41015;15a RS MARINGA;412340;Santa Fe;11.378;15a RS MARINGA
4;Sul;41;Parana;4106;MACRORREGIONAL NOROESTE;41015;15a RS MARINGA;410790;Floresta;10.458;15a RS MARINGA
4;Sul;41;Parana;4106;MACRORREGIONAL NOROESTE;41015;15a RS MARINGA;411810;Paranacity;9.557;15a RS MARINGA
4;Sul;41;Parana;4106;MACRORREGIONAL NOROESTE;41015;15a RS MARINGA;410730;Doutor Camargo;6.327;15a RS MARINGA
4;Sul;41;Parana;4106;MACRORREGIONAL NOROESTE;41015;15a RS MARINGA;412450;Santo Inacio;6.181;15a RS MARINGA
4;Sul;41;Parana;4106;MACRORREGIONAL NOROESTE;41015;15a RS MARINGA;411110;Itambe;6.111;15a RS MARINGA
4;Sul;41;Parana;4106;MACRORREGIONAL NOROESTE;41015;15a RS MARINGA;411000;Iguaracu;5.338;15a RS MARINGA
4;Sul;41;Parana;4106;MACRORREGIONAL NOROESTE;41015;15a RS MARINGA;412530;Sao Jorge do Ivai;5.168;15a RS MARINGA
4;Sul;41;Parana;4106;MACRORREGIONAL NOROESTE;41015;15a RS MARINGA;410780;Florai;4.792;15a RS MARINGA
4;Sul;41;Parana;4106;MACRORREGIONAL NOROESTE;41015;15a RS MARINGA;411360;Lobato;4.601;15a RS MARINGA
4;Sul;41;Parana;4106;MACRORREGIONAL NOROESTE;41015;15a RS MARINGA;411090;Itaguaje;4.481;15a RS MARINGA
4;Sul;41;Parana;4106;MACRORREGIONAL NOROESTE;41015;15a RS MARINGA;412040;Presidente Castelo Branco;4.336;15a RS MARINGA
4;Sul;41;Parana;4106;MACRORREGIONAL NOROESTE;41015;15a RS MARINGA;410220;Atalaia;3.980;15a RS MARINGA
4;Sul;41;Parana;4106;MACRORREGIONAL NOROESTE;41015;15a RS MARINGA;411630;Munhoz de Melo;3.951;15a RS MARINGA
4;Sul;41;Parana;4106;MACRORREGIONAL NOROESTE;41015;15a RS MARINGA;411640;Nossa Senhora das Gracas;3.669;15a RS MARINGA
4;Sul;41;Parana;4106;MACRORREGIONAL NOROESTE;41015;15a RS MARINGA;410115;Angulo;3.235;15a RS MARINGA
4;Sul;41;Parana;4106;MACRORREGIONAL NOROESTE;41015;15a RS MARINGA;411740;Ourizona;3.187;15a RS MARINGA
4;Sul;41;Parana;4106;MACRORREGIONAL NOROESTE;41015;15a RS MARINGA;411160;Ivatuba;2.708;15a RS MARINGA
4;Sul;41;Parana;4106;MACRORREGIONAL NOROESTE;41015;15a RS MARINGA;410810;Florida;2.652;15a RS MARINGA
4;Sul;41;Parana;4106;MACRORREGIONAL NOROESTE;41015;15a RS MARINGA;412830;Uniflor;2.136;15a RS MARINGA
4;Sul;41;Parana;4106;MACRORREGIONAL NOROESTE;41015;15a RS MARINGA;412360;Santa Ines;1.748;15a RS MARINGA
4;Sul;41;Parana;4105;MACRORREGIONAL NORTE;41016;16a RS APUCARANA;410140;Apucarana;130.134;16a RS APUCARANA
4;Sul;41;Parana;4105;MACRORREGIONAL NORTE;41016;16a RS APUCARANA;410150;Arapongas;119.138;16a RS APUCARANA
4;Sul;41;Parana;4105;MACRORREGIONAL NORTE;41016;16a RS APUCARANA;411210;Jandaia do Sul;21.408;16a RS APUCARANA
4;Sul;41;Parana;4105;MACRORREGIONAL NORTE;41016;16a RS APUCARANA;410760;Faxinal;16.389;16a RS APUCARANA
4;Sul;41;Parana;4105;MACRORREGIONAL NORTE;41016;16a RS APUCARANA;410380;Cambira;9.460;16a RS APUCARANA
4;Sul;41;Parana;4105;MACRORREGIONAL NORTE;41016;16a RS APUCARANA;411575;Maua da Serra;9.383;16a RS APUCARANA
4;Sul;41;Parana;4105;MACRORREGIONAL NORTE;41016;16a RS APUCARANA;412270;Sabaudia;8.822;16a RS APUCARANA
4;Sul;41;Parana;4105;MACRORREGIONAL NORTE;41016;16a RS APUCARANA;410350;California;8.710;16a RS APUCARANA
4;Sul;41;Parana;4105;MACRORREGIONAL NORTE;41016;16a RS APUCARANA;412580;Sao Pedro do Ivai;8.690;16a RS APUCARANA
4;Sul;41;Parana;4105;MACRORREGIONAL NORTE;41016;16a RS APUCARANA;411490;Marilandia do Sul;8.677;16a RS APUCARANA
4;Sul;41;Parana;4105;MACRORREGIONAL NORTE;41016;16a RS APUCARANA;410330;Borrazopolis;7.735;16a RS APUCARANA
4;Sul;41;Parana;4105;MACRORREGIONAL NORTE;41016;16a RS APUCARANA;410320;Bom Sucesso;6.581;16a RS APUCARANA
4;Sul;41;Parana;4105;MACRORREGIONAL NORTE;41016;16a RS APUCARANA;410870;Grandes Rios;5.641;16a RS APUCARANA
4;Sul;41;Parana;4105;MACRORREGIONAL NORTE;41016;16a RS APUCARANA;411550;Marumbi;4.699;16a RS APUCARANA
4;Sul;41;Parana;4105;MACRORREGIONAL NORTE;41016;16a RS APUCARANA;411310;Kalore;4.582;16a RS APUCARANA
4;Sul;41;Parana;4105;MACRORREGIONAL NORTE;41016;16a RS APUCARANA;412210;Rio Bom;3.197;16a RS APUCARANA
4;Sul;41;Parana;4105;MACRORREGIONAL NORTE;41016;16a RS APUCARANA;411729;Novo Itacolomi;3.125;16a RS APUCARANA
4;Sul;41;Parana;4105;MACRORREGIONAL NORTE;41017;17a RS LONDRINA;411370;Londrina;555.965;17a RS LONDRINA
4;Sul;41;Parana;4105;MACRORREGIONAL NORTE;41017;17a RS LONDRINA;410370;Cambe;107.208;17a RS LONDRINA
4;Sul;41;Parana;4105;MACRORREGIONAL NORTE;41017;17a RS LONDRINA;412240;Rolandia;71.670;17a RS LONDRINA
4;Sul;41;Parana;4105;MACRORREGIONAL NORTE;41017;17a RS LONDRINA;410980;Ibipora;51.603;17a RS LONDRINA
4;Sul;41;Parana;4105;MACRORREGIONAL NORTE;41017;17a RS LONDRINA;412650;Sertanopolis;15.930;17a RS LONDRINA
4;Sul;41;Parana;4105;MACRORREGIONAL NORTE;41017;17a RS LONDRINA;411190;Jaguapita;15.122;17a RS LONDRINA
4;Sul;41;Parana;4105;MACRORREGIONAL NORTE;41017;17a RS LONDRINA;410280;Bela Vista do Paraiso;14.833;17a RS LONDRINA
4;Sul;41;Parana;4105;MACRORREGIONAL NORTE;41017;17a RS LONDRINA;410190;Assai;13.797;17a RS LONDRINA
4;Sul;41;Parana;4105;MACRORREGIONAL NORTE;41017;17a RS LONDRINA;411270;Jataizinho;11.813;17a RS LONDRINA
4;Sul;41;Parana;4105;MACRORREGIONAL NORTE;41017;17a RS LONDRINA;412000;Porecatu;11.624;17a RS LONDRINA
4;Sul;41;Parana;4105;MACRORREGIONAL NORTE;41017;17a RS LONDRINA;410800;Florestopolis;11.446;17a RS LONDRINA
4;Sul;41;Parana;4105;MACRORREGIONAL NORTE;41017;17a RS LONDRINA;410510;Centenario do Sul;10.832;17a RS LONDRINA
4;Sul;41;Parana;4105;MACRORREGIONAL NORTE;41017;17a RS LONDRINA;412667;Tamarana;10.707;17a RS LONDRINA
4;Sul;41;Parana;4105;MACRORREGIONAL NORTE;41017;17a RS LONDRINA;410080;Alvorada do Sul;10.326;17a RS LONDRINA
4;Sul;41;Parana;4105;MACRORREGIONAL NORTE;41017;17a RS LONDRINA;412050;Primeiro de Maio;10.082;17a RS LONDRINA
4;Sul;41;Parana;4105;MACRORREGIONAL NORTE;41017;17a RS LONDRINA;411380;Lupionopolis;4.813;17a RS LONDRINA
4;Sul;41;Parana;4105;MACRORREGIONAL NORTE;41017;17a RS LONDRINA;410920;Guaraci;4.748;17a RS LONDRINA
4;Sul;41;Parana;4105;MACRORREGIONAL NORTE;41017;17a RS LONDRINA;412033;Prado Ferreira;3.709;17a RS LONDRINA
4;Sul;41;Parana;4105;MACRORREGIONAL NORTE;41017;17a RS LONDRINA;411965;Pitangueiras;3.046;17a RS LONDRINA
4;Sul;41;Parana;4105;MACRORREGIONAL NORTE;41017;17a RS LONDRINA;410340;Cafeara;2.627;17a RS LONDRINA
4;Sul;41;Parana;4105;MACRORREGIONAL NORTE;41017;17a RS LONDRINA;411600;Miraselva;1.966;17a RS LONDRINA
4;Sul;41;Parana;4105;MACRORREGIONAL NORTE;41018;18a RS CORNELIO PROCOPIO;410640;Cornelio Procopio;45.206;18a RS CORNELIO PROCOPIO
4;Sul;41;Parana;4105;MACRORREGIONAL NORTE;41018;18a RS CORNELIO PROCOPIO;410240;Bandeirantes;31.273;18a RS CORNELIO PROCOPIO
4;Sul;41;Parana;4105;MACRORREGIONAL NORTE;41018;18a RS CORNELIO PROCOPIO;410110;Andira;19.878;18a RS CORNELIO PROCOPIO
4;Sul;41;Parana;4105;MACRORREGIONAL NORTE;41018;18a RS CORNELIO PROCOPIO;412190;Ribeirao do Pinhal;13.060;18a RS CORNELIO PROCOPIO
4;Sul;41;Parana;4105;MACRORREGIONAL NORTE;41018;18a RS CORNELIO PROCOPIO;412390;Santa Mariana;11.066;18a RS CORNELIO PROCOPIO
4;Sul;41;Parana;4105;MACRORREGIONAL NORTE;41018;18a RS CORNELIO PROCOPIO;412470;Sao Jeronimo da Serra;10.830;18a RS CORNELIO PROCOPIO
4;Sul;41;Parana;4105;MACRORREGIONAL NORTE;41018;18a RS CORNELIO PROCOPIO;412840;Urai;10.406;18a RS CORNELIO PROCOPIO
4;Sul;41;Parana;4105;MACRORREGIONAL NORTE;41018;18a RS CORNELIO PROCOPIO;410600;Congonhinhas;8.320;18a RS CORNELIO PROCOPIO
4;Sul;41;Parana;4105;MACRORREGIONAL NORTE;41018;18a RS CORNELIO PROCOPIO;412600;Sao Sebastiao da Amoreira;8.063;18a RS CORNELIO PROCOPIO
4;Sul;41;Parana;4105;MACRORREGIONAL NORTE;41018;18a RS CORNELIO PROCOPIO;410010;Abatia;7.241;18a RS CORNELIO PROCOPIO
4;Sul;41;Parana;4105;MACRORREGIONAL NORTE;41018;18a RS CORNELIO PROCOPIO;411700;Nova Fatima;7.225;18a RS CORNELIO PROCOPIO
4;Sul;41;Parana;4105;MACRORREGIONAL NORTE;41018;18a RS CORNELIO PROCOPIO;412620;Sapopema;6.695;18a RS CORNELIO PROCOPIO
4;Sul;41;Parana;4105;MACRORREGIONAL NORTE;41018;18a RS CORNELIO PROCOPIO;411100;Itambaraca;5.908;18a RS CORNELIO PROCOPIO
4;Sul;41;Parana;4105;MACRORREGIONAL NORTE;41018;18a RS CORNELIO PROCOPIO;412640;Sertaneja;5.616;18a RS CORNELIO PROCOPIO
4;Sul;41;Parana;4105;MACRORREGIONAL NORTE;41018;18a RS CORNELIO PROCOPIO;411721;Nova Santa Barbara;4.184;18a RS CORNELIO PROCOPIO
4;Sul;41;Parana;4105;MACRORREGIONAL NORTE;41018;18a RS CORNELIO PROCOPIO;411340;Leopolis;3.752;18a RS CORNELIO PROCOPIO
4;Sul;41;Parana;4105;MACRORREGIONAL NORTE;41018;18a RS CORNELIO PROCOPIO;412130;Rancho Alegre;3.512;18a RS CORNELIO PROCOPIO
4;Sul;41;Parana;4105;MACRORREGIONAL NORTE;41018;18a RS CORNELIO PROCOPIO;412310;Santa Amelia;3.394;18a RS CORNELIO PROCOPIO
4;Sul;41;Parana;4105;MACRORREGIONAL NORTE;41018;18a RS CORNELIO PROCOPIO;412320;Santa Cecilia do Pavao;3.365;18a RS CORNELIO PROCOPIO
4;Sul;41;Parana;4105;MACRORREGIONAL NORTE;41018;18a RS CORNELIO PROCOPIO;411660;Nova America da Colina;3.280;18a RS CORNELIO PROCOPIO
4;Sul;41;Parana;4105;MACRORREGIONAL NORTE;41018;18a RS CORNELIO PROCOPIO;412430;Santo Antonio do Paraiso;2.125;18a RS CORNELIO PROCOPIO
4;Sul;41;Parana;4105;MACRORREGIONAL NORTE;41019;19a RS JACAREZINHO;412410;Santo Antonio da Platina;44.369;19a RS JACAREZINHO
4;Sul;41;Parana;4105;MACRORREGIONAL NORTE;41019;19a RS JACAREZINHO;411180;Jacarezinho;40.375;19a RS JACAREZINHO
4;Sul;41;Parana;4105;MACRORREGIONAL NORTE;41019;19a RS JACAREZINHO;410970;Ibaiti;28.830;19a RS JACAREZINHO
4;Sul;41;Parana;4105;MACRORREGIONAL NORTE;41019;19a RS JACAREZINHO;410360;Cambara;23.212;19a RS JACAREZINHO
4;Sul;41;Parana;4105;MACRORREGIONAL NORTE;41019;19a RS JACAREZINHO;412660;Siqueira Campos;22.811;19a RS JACAREZINHO
4;Sul;41;Parana;4105;MACRORREGIONAL NORTE;41019;19a RS JACAREZINHO;412850;Wenceslau Braz;19.188;19a RS JACAREZINHO
4;Sul;41;Parana;4105;MACRORREGIONAL NORTE;41019;19a RS JACAREZINHO;410470;Carlopolis;16.905;19a RS JACAREZINHO
4;Sul;41;Parana;4105;MACRORREGIONAL NORTE;41019;19a RS JACAREZINHO;412180;Ribeirao Claro;12.364;19a RS JACAREZINHO
4;Sul;41;Parana;4105;MACRORREGIONAL NORTE;41019;19a RS JACAREZINHO;411280;Joaquim Tavora;11.945;19a RS JACAREZINHO
4;Sul;41;Parana;4105;MACRORREGIONAL NORTE;41019;19a RS JACAREZINHO;412780;Tomazina;8.426;19a RS JACAREZINHO
4;Sul;41;Parana;4105;MACRORREGIONAL NORTE;41019;19a RS JACAREZINHO;412070;Quatigua;8.099;19a RS JACAREZINHO
4;Sul;41;Parana;4105;MACRORREGIONAL NORTE;41019;19a RS JACAREZINHO;410775;Figueira;8.062;19a RS JACAREZINHO
4;Sul;41;Parana;4105;MACRORREGIONAL NORTE;41019;19a RS JACAREZINHO;411920;Pinhalao;6.566;19a RS JACAREZINHO
4;Sul;41;Parana;4105;MACRORREGIONAL NORTE;41019;19a RS JACAREZINHO;412540;Sao Jose da Boa Vista;6.040;19a RS JACAREZINHO
4;Sul;41;Parana;4105;MACRORREGIONAL NORTE;41019;19a RS JACAREZINHO;412400;Santana do Itarare;5.514;19a RS JACAREZINHO
4;Sul;41;Parana;4105;MACRORREGIONAL NORTE;41019;19a RS JACAREZINHO;411170;Jaboti;5.427;19a RS JACAREZINHO
4;Sul;41;Parana;4105;MACRORREGIONAL NORTE;41019;19a RS JACAREZINHO;412290;Salto do Itarare;5.192;19a RS JACAREZINHO
4;Sul;41;Parana;4105;MACRORREGIONAL NORTE;41019;19a RS JACAREZINHO;411230;Japira;4.972;19a RS JACAREZINHO
4;Sul;41;Parana;4105;MACRORREGIONAL NORTE;41019;19a RS JACAREZINHO;410900;Guapirama;4.626;19a RS JACAREZINHO
4;Sul;41;Parana;4105;MACRORREGIONAL NORTE;41019;19a RS JACAREZINHO;410610;Conselheiro Mairinck;3.461;19a RS JACAREZINHO
4;Sul;41;Parana;4105;MACRORREGIONAL NORTE;41019;19a RS JACAREZINHO;411290;Jundiai do Sul;3.333;19a RS JACAREZINHO
4;Sul;41;Parana;4105;MACRORREGIONAL NORTE;41019;19a RS JACAREZINHO;410270;Barra do Jacare;2.814;19a RS JACAREZINHO
4;Sul;41;Parana;4108;MACRORREGIAO OESTE;41020;20a RS TOLEDO;412770;Toledo;150.470;20a RS TOLEDO
4;Sul;41;Parana;4108;MACRORREGIAO OESTE;41020;20a RS TOLEDO;411460;Marechal Candido Rondon;55.836;20a RS TOLEDO
4;Sul;41;Parana;4108;MACRORREGIAO OESTE;41020;20a RS TOLEDO;410200;Assis Chateaubriand;36.808;20a RS TOLEDO
4;Sul;41;Parana;4108;MACRORREGIAO OESTE;41020;20a RS TOLEDO;411790;Palotina;35.011;20a RS TOLEDO
4;Sul;41;Parana;4108;MACRORREGIAO OESTE;41020;20a RS TOLEDO;410880;Guaira;32.097;20a RS TOLEDO
4;Sul;41;Parana;4108;MACRORREGIAO OESTE;41020;20a RS TOLEDO;412350;Santa Helena;25.492;20a RS TOLEDO
4;Sul;41;Parana;4108;MACRORREGIAO OESTE;41020;20a RS TOLEDO;412740;Terra Roxa;18.119;20a RS TOLEDO
4;Sul;41;Parana;4108;MACRORREGIAO OESTE;41020;20a RS TOLEDO;411722;Nova Santa Rosa;8.322;20a RS TOLEDO
4;Sul;41;Parana;4108;MACRORREGIAO OESTE;41020;20a RS TOLEDO;412795;Tupassi;8.077;20a RS TOLEDO
4;Sul;41;Parana;4108;MACRORREGIAO OESTE;41020;20a RS TOLEDO;411745;Ouro Verde do Oeste;6.785;20a RS TOLEDO
4;Sul;41;Parana;4108;MACRORREGIAO OESTE;41020;20a RS TOLEDO;411535;Maripa;6.555;20a RS TOLEDO
4;Sul;41;Parana;4108;MACRORREGIAO OESTE;41020;20a RS TOLEDO;411585;Mercedes;5.931;20a RS TOLEDO
4;Sul;41;Parana;4108;MACRORREGIAO OESTE;41020;20a RS TOLEDO;412575;Sao Pedro do Iguacu;5.784;20a RS TOLEDO
4;Sul;41;Parana;4108;MACRORREGIAO OESTE;41020;20a RS TOLEDO;411845;Pato Bragado;5.733;20a RS TOLEDO
4;Sul;41;Parana;4108;MACRORREGIAO OESTE;41020;20a RS TOLEDO;410753;Entre Rios do Oeste;4.575;20a RS TOLEDO
4;Sul;41;Parana;4108;MACRORREGIAO OESTE;41020;20a RS TOLEDO;410715;Diamante D'Oeste;4.557;20a RS TOLEDO
4;Sul;41;Parana;4108;MACRORREGIAO OESTE;41020;20a RS TOLEDO;412085;Quatro Pontes;4.480;20a RS TOLEDO
4;Sul;41;Parana;4108;MACRORREGIAO OESTE;41020;20a RS TOLEDO;412545;Sao Jose das Palmeiras;3.957;20a RS TOLEDO
4;Sul;41;Parana;4107;MACRORREGIONAL LESTE;41021;21a RS TELEMACO BORBA;412710;Telemaco Borba;75.042;21a RS TELEMACO BORBA
4;Sul;41;Parana;4107;MACRORREGIONAL LESTE;41021;21a RS TELEMACO BORBA;412170;Reserva;24.573;21a RS TELEMACO BORBA
4;Sul;41;Parana;4107;MACRORREGIONAL LESTE;41021;21a RS TELEMACO BORBA;411730;Ortigueira;24.192;21a RS TELEMACO BORBA
4;Sul;41;Parana;4107;MACRORREGIONAL LESTE;41021;21a RS TELEMACO BORBA;412750;Tibagi;19.961;21a RS TELEMACO BORBA
4;Sul;41;Parana;4107;MACRORREGIONAL LESTE;41021;21a RS TELEMACO BORBA;411007;Imbau;14.249;21a RS TELEMACO BORBA
4;Sul;41;Parana;4107;MACRORREGIONAL LESTE;41021;21a RS TELEMACO BORBA;410700;Curiuva;13.647;21a RS TELEMACO BORBA
4;Sul;41;Parana;4107;MACRORREGIONAL LESTE;41021;21a RS TELEMACO BORBA;412853;Ventania;9.681;21a RS TELEMACO BORBA
4;Sul;41;Parana;4105;MACRORREGIONAL NORTE;41022;22a RS IVAIPORA;411150;Ivaipora;32.720;22a RS IVAIPORA
4;Sul;41;Parana;4105;MACRORREGIONAL NORTE;41022;22a RS IVAIPORA;410440;Candido de Abreu;15.244;22a RS IVAIPORA
4;Sul;41;Parana;4105;MACRORREGIONAL NORTE;41022;22a RS IVAIPORA;411450;Manoel Ribas;14.240;22a RS IVAIPORA
4;Sul;41;Parana;4105;MACRORREGIONAL NORTE;41022;22a RS IVAIPORA;411250;Jardim Alegre;12.004;22a RS IVAIPORA
4;Sul;41;Parana;4105;MACRORREGIONAL NORTE;41022;22a RS IVAIPORA;412500;Sao Joao do Ivai;10.667;22a RS IVAIPORA
4;Sul;41;Parana;4105;MACRORREGIONAL NORTE;41022;22a RS IVAIPORA;412385;Santa Maria do Oeste;10.031;22a RS IVAIPORA
4;Sul;41;Parana;4105;MACRORREGIONAL NORTE;41022;22a RS IVAIPORA;411727;Nova Tebas;6.848;22a RS IVAIPORA
4;Sul;41;Parana;4105;MACRORREGIONAL NORTE;41022;22a RS IVAIPORA;412265;Rosario do Ivai;5.435;22a RS IVAIPORA
4;Sul;41;Parana;4105;MACRORREGIONAL NORTE;41022;22a RS IVAIPORA;411375;Lunardelli;4.872;22a RS IVAIPORA
4;Sul;41;Parana;4105;MACRORREGIONAL NORTE;41022;22a RS IVAIPORA;411342;Lidianopolis;3.938;22a RS IVAIPORA
4;Sul;41;Parana;4105;MACRORREGIONAL NORTE;41022;22a RS IVAIPORA;412217;Rio Branco do Ivai;3.808;22a RS IVAIPORA
4;Sul;41;Parana;4105;MACRORREGIONAL NORTE;41022;22a RS IVAIPORA;410165;Arapua;3.527;22a RS IVAIPORA
4;Sul;41;Parana;4105;MACRORREGIONAL NORTE;41022;22a RS IVAIPORA;411573;Mato Rico;3.267;22a RS IVAIPORA
4;Sul;41;Parana;4105;MACRORREGIONAL NORTE;41022;22a RS IVAIPORA;410855;Godoy Moreira;2.977;22a RS IVAIPORA
4;Sul;41;Parana;4105;MACRORREGIONAL NORTE;41022;22a RS IVAIPORA;410685;Cruzmaltina;2.892;22a RS IVAIPORA
4;Sul;41;Parana;4105;MACRORREGIONAL NORTE;41022;22a RS IVAIPORA;410185;Ariranha do Ivai;2.329;22a RS IVAIPORA
4;Sul;42;Santa Catarina;4213;GRANDE OESTE;42001;EXTREMO OESTE;421720;Sao Miguel do Oeste;44.330;EXTREMO OESTE
4;Sul;42;Santa Catarina;4213;GRANDE OESTE;42001;EXTREMO OESTE;421050;Maravilha;28.251;EXTREMO OESTE
4;Sul;42;Santa Catarina;4213;GRANDE OESTE;42001;EXTREMO OESTE;420840;Itapiranga;16.638;EXTREMO OESTE
4;Sul;42;Santa Catarina;4213;GRANDE OESTE;42001;EXTREMO OESTE;420500;Dionisio Cerqueira;15.008;EXTREMO OESTE
4;Sul;42;Santa Catarina;4213;GRANDE OESTE;42001;EXTREMO OESTE;421670;Sao Jose do Cedro;14.167;EXTREMO OESTE
4;Sul;42;Santa Catarina;4213;GRANDE OESTE;42001;EXTREMO OESTE;420640;Guaraciaba;10.796;EXTREMO OESTE
4;Sul;42;Santa Catarina;4213;GRANDE OESTE;42001;EXTREMO OESTE;421730;Saudades;10.265;EXTREMO OESTE
4;Sul;42;Santa Catarina;4213;GRANDE OESTE;42001;EXTREMO OESTE;421100;Mondai;10.066;EXTREMO OESTE
4;Sul;42;Santa Catarina;4213;GRANDE OESTE;42001;EXTREMO OESTE;420765;Ipora do Oeste;9.335;EXTREMO OESTE
4;Sul;42;Santa Catarina;4213;GRANDE OESTE;42001;EXTREMO OESTE;420490;Descanso;8.530;EXTREMO OESTE
4;Sul;42;Santa Catarina;4213;GRANDE OESTE;42001;EXTREMO OESTE;421200;Palma Sola;7.605;EXTREMO OESTE
4;Sul;42;Santa Catarina;4213;GRANDE OESTE;42001;EXTREMO OESTE;421625;Sao Joao do Oeste;6.295;EXTREMO OESTE
4;Sul;42;Santa Catarina;4213;GRANDE OESTE;42001;EXTREMO OESTE;420080;Anchieta;5.943;EXTREMO OESTE
4;Sul;42;Santa Catarina;4213;GRANDE OESTE;42001;EXTREMO OESTE;421875;Tunapolis;4.916;EXTREMO OESTE
4;Sul;42;Santa Catarina;4213;GRANDE OESTE;42001;EXTREMO OESTE;420660;Guaruja do Sul;4.829;EXTREMO OESTE
4;Sul;42;Santa Catarina;4213;GRANDE OESTE;42001;EXTREMO OESTE;421520;Romelandia;4.823;EXTREMO OESTE
4;Sul;42;Santa Catarina;4213;GRANDE OESTE;42001;EXTREMO OESTE;421223;Paraiso;4.267;EXTREMO OESTE
4;Sul;42;Santa Catarina;4213;GRANDE OESTE;42001;EXTREMO OESTE;421090;Modelo;4.080;EXTREMO OESTE
4;Sul;42;Santa Catarina;4213;GRANDE OESTE;42001;EXTREMO OESTE;420775;Iraceminha;3.986;EXTREMO OESTE
4;Sul;42;Santa Catarina;4213;GRANDE OESTE;42001;EXTREMO OESTE;421535;Saltinho;3.632;EXTREMO OESTE
4;Sul;42;Santa Catarina;4213;GRANDE OESTE;42001;EXTREMO OESTE;420208;Bandeirante;3.144;EXTREMO OESTE
4;Sul;42;Santa Catarina;4213;GRANDE OESTE;42001;EXTREMO OESTE;421415;Princesa;2.964;EXTREMO OESTE
4;Sul;42;Santa Catarina;4213;GRANDE OESTE;42001;EXTREMO OESTE;420215;Belmonte;2.658;EXTREMO OESTE
4;Sul;42;Santa Catarina;4213;GRANDE OESTE;42001;EXTREMO OESTE;421568;Santa Terezinha do Progresso;2.576;EXTREMO OESTE
4;Sul;42;Santa Catarina;4213;GRANDE OESTE;42001;EXTREMO OESTE;421555;Santa Helena;2.425;EXTREMO OESTE
4;Sul;42;Santa Catarina;4213;GRANDE OESTE;42001;EXTREMO OESTE;421795;Tigrinhos;2.329;EXTREMO OESTE
4;Sul;42;Santa Catarina;4213;GRANDE OESTE;42001;EXTREMO OESTE;420257;Bom Jesus do Oeste;2.187;EXTREMO OESTE
4;Sul;42;Santa Catarina;4213;GRANDE OESTE;42001;EXTREMO OESTE;420535;Flor do Sertao;1.783;EXTREMO OESTE
4;Sul;42;Santa Catarina;4213;GRANDE OESTE;42001;EXTREMO OESTE;421715;Sao Miguel da Boa Vista;1.781;EXTREMO OESTE
4;Sul;42;Santa Catarina;4213;GRANDE OESTE;42001;EXTREMO OESTE;420209;Barra Bonita;1.668;EXTREMO OESTE
4;Sul;42;Santa Catarina;4213;GRANDE OESTE;42002;OESTE;420420;Chapeco;254.785;OESTE
4;Sul;42;Santa Catarina;4213;GRANDE OESTE;42002;OESTE;421290;Pinhalzinho;21.972;OESTE
4;Sul;42;Santa Catarina;4213;GRANDE OESTE;42002;OESTE;421210;Palmitos;15.626;OESTE
4;Sul;42;Santa Catarina;4213;GRANDE OESTE;42002;OESTE;421420;Quilombo;11.022;OESTE
4;Sul;42;Santa Catarina;4213;GRANDE OESTE;42002;OESTE;420470;Cunha Pora;10.953;OESTE
4;Sul;42;Santa Catarina;4213;GRANDE OESTE;42002;OESTE;420440;Coronel Freitas;10.388;OESTE
4;Sul;42;Santa Catarina;4213;GRANDE OESTE;42002;OESTE;421600;Sao Carlos;10.282;OESTE
4;Sul;42;Santa Catarina;4213;GRANDE OESTE;42002;OESTE;420665;Guatambu;8.425;OESTE
4;Sul;42;Santa Catarina;4213;GRANDE OESTE;42002;OESTE;420310;Caibi;6.304;OESTE
4;Sul;42;Santa Catarina;4213;GRANDE OESTE;42002;OESTE;420050;Aguas de Chapeco;6.036;OESTE
4;Sul;42;Santa Catarina;4213;GRANDE OESTE;42002;OESTE;421140;Nova Erechim;5.155;OESTE
4;Sul;42;Santa Catarina;4213;GRANDE OESTE;42002;OESTE;420435;Cordilheira Alta;4.781;OESTE
4;Sul;42;Santa Catarina;4213;GRANDE OESTE;42002;OESTE;421507;Riqueza;4.768;OESTE
4;Sul;42;Santa Catarina;4213;GRANDE OESTE;42002;OESTE;420410;Caxambu do Sul;4.614;OESTE
4;Sul;42;Santa Catarina;4213;GRANDE OESTE;42002;OESTE;421145;Nova Itaberaba;4.536;OESTE
4;Sul;42;Santa Catarina;4213;GRANDE OESTE;42002;OESTE;421755;Serra Alta;3.303;OESTE
4;Sul;42;Santa Catarina;4213;GRANDE OESTE;42002;OESTE;421315;Planalto Alegre;2.946;OESTE
4;Sul;42;Santa Catarina;4213;GRANDE OESTE;42002;OESTE;420055;Aguas Frias;2.839;OESTE
4;Sul;42;Santa Catarina;4213;GRANDE OESTE;42002;OESTE;421775;Sul Brasil;2.832;OESTE
4;Sul;42;Santa Catarina;4213;GRANDE OESTE;42002;OESTE;421885;Uniao do Oeste;2.774;OESTE
4;Sul;42;Santa Catarina;4213;GRANDE OESTE;42002;OESTE;420543;Formosa do Sul;2.682;OESTE
4;Sul;42;Santa Catarina;4213;GRANDE OESTE;42002;OESTE;420165;Arvoredo;2.510;OESTE
4;Sul;42;Santa Catarina;4213;GRANDE OESTE;42002;OESTE;420785;Irati;2.069;OESTE
4;Sul;42;Santa Catarina;4213;GRANDE OESTE;42002;OESTE;420475;Cunhatai;1.968;OESTE
4;Sul;42;Santa Catarina;4213;GRANDE OESTE;42002;OESTE;421187;Paial;1.927;OESTE
4;Sul;42;Santa Catarina;4213;GRANDE OESTE;42002;OESTE;420895;Jardinopolis;1.776;OESTE
4;Sul;42;Santa Catarina;4213;GRANDE OESTE;42002;OESTE;421569;Santiago do Sul;1.651;OESTE
4;Sul;42;Santa Catarina;4213;GRANDE OESTE;42003;XANXERE;421950;Xanxere;51.607;XANXERE
4;Sul;42;Santa Catarina;4213;GRANDE OESTE;42003;XANXERE;421970;Xaxim;31.918;XANXERE
4;Sul;42;Santa Catarina;4213;GRANDE OESTE;42003;XANXERE;421690;Sao Lourenco do Oeste;24.791;XANXERE
4;Sul;42;Santa Catarina;4213;GRANDE OESTE;42003;XANXERE;420010;Abelardo Luz;17.392;XANXERE
4;Sul;42;Santa Catarina;4213;GRANDE OESTE;42003;XANXERE;420530;Faxinal dos Guedes;11.192;XANXERE
4;Sul;42;Santa Catarina;4213;GRANDE OESTE;42003;XANXERE;421340;Ponte Serrada;10.649;XANXERE
4;Sul;42;Santa Catarina;4213;GRANDE OESTE;42003;XANXERE;420350;Campo Ere;9.623;XANXERE
4;Sul;42;Santa Catarina;4213;GRANDE OESTE;42003;XANXERE;421610;Sao Domingos;9.226;XANXERE
4;Sul;42;Santa Catarina;4213;GRANDE OESTE;42003;XANXERE;420768;Ipuacu;7.730;XANXERE
4;Sul;42;Santa Catarina;4213;GRANDE OESTE;42003;XANXERE;421227;Passos Maia;4.034;XANXERE
4;Sul;42;Santa Catarina;4213;GRANDE OESTE;42003;XANXERE;421910;Vargeao;3.634;XANXERE
4;Sul;42;Santa Catarina;4213;GRANDE OESTE;42003;XANXERE;420517;Entre Rios;3.402;XANXERE
4;Sul;42;Santa Catarina;4213;GRANDE OESTE;42003;XANXERE;420560;Galvao;3.210;XANXERE
4;Sul;42;Santa Catarina;4213;GRANDE OESTE;42003;XANXERE;420253;Bom Jesus;2.777;XANXERE
4;Sul;42;Santa Catarina;4213;GRANDE OESTE;42003;XANXERE;421575;Sao Bernardino;2.684;XANXERE
4;Sul;42;Santa Catarina;4213;GRANDE OESTE;42003;XANXERE;421165;Novo Horizonte;2.643;XANXERE
4;Sul;42;Santa Catarina;4213;GRANDE OESTE;42003;XANXERE;420917;Jupia;2.555;XANXERE
4;Sul;42;Santa Catarina;4213;GRANDE OESTE;42003;XANXERE;421055;Marema;2.184;XANXERE
4;Sul;42;Santa Catarina;4213;GRANDE OESTE;42003;XANXERE;421185;Ouro Verde;2.181;XANXERE
4;Sul;42;Santa Catarina;4213;GRANDE OESTE;42003;XANXERE;420445;Coronel Martins;2.065;XANXERE
4;Sul;42;Santa Catarina;4213;GRANDE OESTE;42003;XANXERE;420945;Lajeado Grande;1.702;XANXERE
4;Sul;42;Santa Catarina;4216;VALE DO ITAJAI;42004;ALTO VALE DO ITAJAI;421480;Rio do Sul;72.587;ALTO VALE DO ITAJAI
4;Sul;42;Santa Catarina;4216;VALE DO ITAJAI;42004;ALTO VALE DO ITAJAI;420850;Ituporanga;26.525;ALTO VALE DO ITAJAI
4;Sul;42;Santa Catarina;4216;VALE DO ITAJAI;42004;ALTO VALE DO ITAJAI;421400;Presidente Getulio;20.010;ALTO VALE DO ITAJAI
4;Sul;42;Santa Catarina;4216;VALE DO ITAJAI;42004;ALTO VALE DO ITAJAI;420690;Ibirama;19.862;ALTO VALE DO ITAJAI
4;Sul;42;Santa Catarina;4216;VALE DO ITAJAI;42004;ALTO VALE DO ITAJAI;421780;Taio;18.310;ALTO VALE DO ITAJAI
4;Sul;42;Santa Catarina;4216;VALE DO ITAJAI;42004;ALTO VALE DO ITAJAI;421370;Pouso Redondo;17.123;ALTO VALE DO ITAJAI
4;Sul;42;Santa Catarina;4216;VALE DO ITAJAI;42004;ALTO VALE DO ITAJAI;420990;Lontras;12.873;ALTO VALE DO ITAJAI
4;Sul;42;Santa Catarina;4216;VALE DO ITAJAI;42004;ALTO VALE DO ITAJAI;420020;Agrolandia;10.990;ALTO VALE DO ITAJAI
4;Sul;42;Santa Catarina;4216;VALE DO ITAJAI;42004;ALTO VALE DO ITAJAI;421567;Santa Terezinha;8.066;ALTO VALE DO ITAJAI
4;Sul;42;Santa Catarina;4216;VALE DO ITAJAI;42004;ALTO VALE DO ITAJAI;420950;Laurentino;7.932;ALTO VALE DO ITAJAI
4;Sul;42;Santa Catarina;4216;VALE DO ITAJAI;42004;ALTO VALE DO ITAJAI;421460;Rio do Oeste;7.747;ALTO VALE DO ITAJAI
4;Sul;42;Santa Catarina;4216;VALE DO ITAJAI;42004;ALTO VALE DO ITAJAI;421530;Salete;7.489;ALTO VALE DO ITAJAI
4;Sul;42;Santa Catarina;4216;VALE DO ITAJAI;42004;ALTO VALE DO ITAJAI;421860;Trombudo Central;7.274;ALTO VALE DO ITAJAI
4;Sul;42;Santa Catarina;4216;VALE DO ITAJAI;42004;ALTO VALE DO ITAJAI;420190;Aurora;6.780;ALTO VALE DO ITAJAI
4;Sul;42;Santa Catarina;4216;VALE DO ITAJAI;42004;ALTO VALE DO ITAJAI;421270;Petrolandia;6.716;ALTO VALE DO ITAJAI
4;Sul;42;Santa Catarina;4216;VALE DO ITAJAI;42004;ALTO VALE DO ITAJAI;421450;Rio do Campo;6.452;ALTO VALE DO ITAJAI
4;Sul;42;Santa Catarina;4216;VALE DO ITAJAI;42004;ALTO VALE DO ITAJAI;421920;Vidal Ramos;6.189;ALTO VALE DO ITAJAI
4;Sul;42;Santa Catarina;4216;VALE DO ITAJAI;42004;ALTO VALE DO ITAJAI;420030;Agronomica;6.055;ALTO VALE DO ITAJAI
4;Sul;42;Santa Catarina;4216;VALE DO ITAJAI;42004;ALTO VALE DO ITAJAI;420915;Jose Boiteux;5.985;ALTO VALE DO ITAJAI
4;Sul;42;Santa Catarina;4216;VALE DO ITAJAI;42004;ALTO VALE DO ITAJAI;420740;Imbuia;5.982;ALTO VALE DO ITAJAI
4;Sul;42;Santa Catarina;4216;VALE DO ITAJAI;42004;ALTO VALE DO ITAJAI;421935;Vitor Meireles;5.370;ALTO VALE DO ITAJAI
4;Sul;42;Santa Catarina;4216;VALE DO ITAJAI;42004;ALTO VALE DO ITAJAI;421940;Witmarsum;4.255;ALTO VALE DO ITAJAI
4;Sul;42;Santa Catarina;4216;VALE DO ITAJAI;42004;ALTO VALE DO ITAJAI;420510;Dona Emma;4.221;ALTO VALE DO ITAJAI
4;Sul;42;Santa Catarina;4216;VALE DO ITAJAI;42004;ALTO VALE DO ITAJAI;420285;Braco do Trombudo;4.026;ALTO VALE DO ITAJAI
4;Sul;42;Santa Catarina;4216;VALE DO ITAJAI;42004;ALTO VALE DO ITAJAI;420180;Atalanta;3.227;ALTO VALE DO ITAJAI
4;Sul;42;Santa Catarina;4216;VALE DO ITAJAI;42004;ALTO VALE DO ITAJAI;420419;Chapadao do Lageado;2.950;ALTO VALE DO ITAJAI
4;Sul;42;Santa Catarina;4216;VALE DO ITAJAI;42004;ALTO VALE DO ITAJAI;421085;Mirim Doce;2.511;ALTO VALE DO ITAJAI
4;Sul;42;Santa Catarina;4216;VALE DO ITAJAI;42004;ALTO VALE DO ITAJAI;421410;Presidente Nereu;2.301;ALTO VALE DO ITAJAI
4;Sul;42;Santa Catarina;4215;FOZ DO RIO ITAJAI;42005;FOZ DO RIO ITAJAI;420820;Itajai;264.054;FOZ DO RIO ITAJAI
4;Sul;42;Santa Catarina;4215;FOZ DO RIO ITAJAI;42005;FOZ DO RIO ITAJAI;420200;Balneario Camboriu;139.155;FOZ DO RIO ITAJAI
4;Sul;42;Santa Catarina;4215;FOZ DO RIO ITAJAI;42005;FOZ DO RIO ITAJAI;420320;Camboriu;103.074;FOZ DO RIO ITAJAI
4;Sul;42;Santa Catarina;4215;FOZ DO RIO ITAJAI;42005;FOZ DO RIO ITAJAI;421130;Navegantes;86.401;FOZ DO RIO ITAJAI
4;Sul;42;Santa Catarina;4215;FOZ DO RIO ITAJAI;42005;FOZ DO RIO ITAJAI;420830;Itapema;75.940;FOZ DO RIO ITAJAI
4;Sul;42;Santa Catarina;4215;FOZ DO RIO ITAJAI;42005;FOZ DO RIO ITAJAI;421250;Penha;33.663;FOZ DO RIO ITAJAI
4;Sul;42;Santa Catarina;4215;FOZ DO RIO ITAJAI;42005;FOZ DO RIO ITAJAI;421350;Porto Belo;27.688;FOZ DO RIO ITAJAI
4;Sul;42;Santa Catarina;4215;FOZ DO RIO ITAJAI;42005;FOZ DO RIO ITAJAI;421280;Balneario Picarras;27.127;FOZ DO RIO ITAJAI
4;Sul;42;Santa Catarina;4215;FOZ DO RIO ITAJAI;42005;FOZ DO RIO ITAJAI;420245;Bombinhas;25.058;FOZ DO RIO ITAJAI
4;Sul;42;Santa Catarina;4215;FOZ DO RIO ITAJAI;42005;FOZ DO RIO ITAJAI;420710;Ilhota;17.046;FOZ DO RIO ITAJAI
4;Sul;42;Santa Catarina;4215;FOZ DO RIO ITAJAI;42005;FOZ DO RIO ITAJAI;421000;Luiz Alves;11.684;FOZ DO RIO ITAJAI
4;Sul;42;Santa Catarina;4216;VALE DO ITAJAI;42006;MEDIO VALE DO ITAJAI;420240;Blumenau;361.261;MEDIO VALE DO ITAJAI
4;Sul;42;Santa Catarina;4216;VALE DO ITAJAI;42006;MEDIO VALE DO ITAJAI;420290;Brusque;141.385;MEDIO VALE DO ITAJAI
4;Sul;42;Santa Catarina;4216;VALE DO ITAJAI;42006;MEDIO VALE DO ITAJAI;420590;Gaspar;72.570;MEDIO VALE DO ITAJAI
4;Sul;42;Santa Catarina;4216;VALE DO ITAJAI;42006;MEDIO VALE DO ITAJAI;420750;Indaial;71.549;MEDIO VALE DO ITAJAI
4;Sul;42;Santa Catarina;4216;VALE DO ITAJAI;42006;MEDIO VALE DO ITAJAI;421820;Timbo;46.099;MEDIO VALE DO ITAJAI
4;Sul;42;Santa Catarina;4216;VALE DO ITAJAI;42006;MEDIO VALE DO ITAJAI;421320;Pomerode;34.289;MEDIO VALE DO ITAJAI
4;Sul;42;Santa Catarina;4216;VALE DO ITAJAI;42006;MEDIO VALE DO ITAJAI;420630;Guabiruba;24.543;MEDIO VALE DO ITAJAI
4;Sul;42;Santa Catarina;4216;VALE DO ITAJAI;42006;MEDIO VALE DO ITAJAI;421510;Rodeio;12.757;MEDIO VALE DO ITAJAI
4;Sul;42;Santa Catarina;4216;VALE DO ITAJAI;42006;MEDIO VALE DO ITAJAI;421470;Rio dos Cedros;10.865;MEDIO VALE DO ITAJAI
4;Sul;42;Santa Catarina;4216;VALE DO ITAJAI;42006;MEDIO VALE DO ITAJAI;420220;Benedito Novo;10.520;MEDIO VALE DO ITAJAI
4;Sul;42;Santa Catarina;4216;VALE DO ITAJAI;42006;MEDIO VALE DO ITAJAI;420125;Apiuna;9.811;MEDIO VALE DO ITAJAI
4;Sul;42;Santa Catarina;4216;VALE DO ITAJAI;42006;MEDIO VALE DO ITAJAI;420170;Ascurra;8.319;MEDIO VALE DO ITAJAI
4;Sul;42;Santa Catarina;4216;VALE DO ITAJAI;42006;MEDIO VALE DO ITAJAI;420270;Botuvera;5.363;MEDIO VALE DO ITAJAI
4;Sul;42;Santa Catarina;4216;VALE DO ITAJAI;42006;MEDIO VALE DO ITAJAI;420515;Doutor Pedrinho;3.637;MEDIO VALE DO ITAJAI
4;Sul;42;Santa Catarina;4214;GRANDE FLORIANOPOLIS;42007;GRANDE FLORIANOPOLIS;420540;Florianopolis;537.211;GRANDE FLORIANOPOLIS
4;Sul;42;Santa Catarina;4214;GRANDE FLORIANOPOLIS;42007;GRANDE FLORIANOPOLIS;421660;Sao Jose;270.299;GRANDE FLORIANOPOLIS
4;Sul;42;Santa Catarina;4214;GRANDE FLORIANOPOLIS;42007;GRANDE FLORIANOPOLIS;421190;Palhoca;222.598;GRANDE FLORIANOPOLIS
4;Sul;42;Santa Catarina;4214;GRANDE FLORIANOPOLIS;42007;GRANDE FLORIANOPOLIS;420230;Biguacu;76.773;GRANDE FLORIANOPOLIS
4;Sul;42;Santa Catarina;4214;GRANDE FLORIANOPOLIS;42007;GRANDE FLORIANOPOLIS;421800;Tijucas;51.592;GRANDE FLORIANOPOLIS
4;Sul;42;Santa Catarina;4214;GRANDE FLORIANOPOLIS;42007;GRANDE FLORIANOPOLIS;421630;Sao Joao Batista;32.687;GRANDE FLORIANOPOLIS
4;Sul;42;Santa Catarina;4214;GRANDE FLORIANOPOLIS;42007;GRANDE FLORIANOPOLIS;420570;Garopaba;29.959;GRANDE FLORIANOPOLIS
4;Sul;42;Santa Catarina;4214;GRANDE FLORIANOPOLIS;42007;GRANDE FLORIANOPOLIS;421570;Santo Amaro da Imperatriz;27.272;GRANDE FLORIANOPOLIS
4;Sul;42;Santa Catarina;4214;GRANDE FLORIANOPOLIS;42007;GRANDE FLORIANOPOLIS;420600;Governador Celso Ramos;16.915;GRANDE FLORIANOPOLIS
4;Sul;42;Santa Catarina;4214;GRANDE FLORIANOPOLIS;42007;GRANDE FLORIANOPOLIS;421150;Nova Trento;13.727;GRANDE FLORIANOPOLIS
4;Sul;42;Santa Catarina;4214;GRANDE FLORIANOPOLIS;42007;GRANDE FLORIANOPOLIS;420370;Canelinha;12.821;GRANDE FLORIANOPOLIS
4;Sul;42;Santa Catarina;4214;GRANDE FLORIANOPOLIS;42007;GRANDE FLORIANOPOLIS;420120;Antonio Carlos;11.224;GRANDE FLORIANOPOLIS
4;Sul;42;Santa Catarina;4214;GRANDE FLORIANOPOLIS;42007;GRANDE FLORIANOPOLIS;420070;Alfredo Wagner;10.481;GRANDE FLORIANOPOLIS
4;Sul;42;Santa Catarina;4214;GRANDE FLORIANOPOLIS;42007;GRANDE FLORIANOPOLIS;421230;Paulo Lopes;9.063;GRANDE FLORIANOPOLIS
4;Sul;42;Santa Catarina;4214;GRANDE FLORIANOPOLIS;42007;GRANDE FLORIANOPOLIS;420060;Aguas Mornas;6.743;GRANDE FLORIANOPOLIS
4;Sul;42;Santa Catarina;4214;GRANDE FLORIANOPOLIS;42007;GRANDE FLORIANOPOLIS;421725;Sao Pedro de Alcantara;5.776;GRANDE FLORIANOPOLIS
4;Sul;42;Santa Catarina;4214;GRANDE FLORIANOPOLIS;42007;GRANDE FLORIANOPOLIS;420090;Angelina;5.358;GRANDE FLORIANOPOLIS
4;Sul;42;Santa Catarina;4214;GRANDE FLORIANOPOLIS;42007;GRANDE FLORIANOPOLIS;420110;Anitapolis;3.593;GRANDE FLORIANOPOLIS
4;Sul;42;Santa Catarina;4214;GRANDE FLORIANOPOLIS;42007;GRANDE FLORIANOPOLIS;420980;Leoberto Leal;3.330;GRANDE FLORIANOPOLIS
4;Sul;42;Santa Catarina;4214;GRANDE FLORIANOPOLIS;42007;GRANDE FLORIANOPOLIS;421430;Rancho Queimado;3.279;GRANDE FLORIANOPOLIS
4;Sul;42;Santa Catarina;4214;GRANDE FLORIANOPOLIS;42007;GRANDE FLORIANOPOLIS;421020;Major Gercino;3.214;GRANDE FLORIANOPOLIS
4;Sul;42;Santa Catarina;4214;GRANDE FLORIANOPOLIS;42007;GRANDE FLORIANOPOLIS;421590;Sao Bonifacio;2.946;GRANDE FLORIANOPOLIS
4;Sul;42;Santa Catarina;4217;MEIO OESTE;42008;MEIO OESTE;420360;Campos Novos;36.932;MEIO OESTE
4;Sul;42;Santa Catarina;4217;MEIO OESTE;42008;MEIO OESTE;420900;Joacaba;30.146;MEIO OESTE
4;Sul;42;Santa Catarina;4217;MEIO OESTE;42008;MEIO OESTE;420390;Capinzal;23.314;MEIO OESTE
4;Sul;42;Santa Catarina;4217;MEIO OESTE;42008;MEIO OESTE;420670;Herval d'Oeste;21.724;MEIO OESTE
4;Sul;42;Santa Catarina;4217;MEIO OESTE;42008;MEIO OESTE;420400;Catanduvas;10.566;MEIO OESTE
4;Sul;42;Santa Catarina;4217;MEIO OESTE;42008;MEIO OESTE;421105;Monte Carlo;9.117;MEIO OESTE
4;Sul;42;Santa Catarina;4217;MEIO OESTE;42008;MEIO OESTE;421850;Treze Tilias;8.787;MEIO OESTE
4;Sul;42;Santa Catarina;4217;MEIO OESTE;42008;MEIO OESTE;421180;Ouro;7.032;MEIO OESTE
4;Sul;42;Santa Catarina;4217;MEIO OESTE;42008;MEIO OESTE;420040;Agua Doce;6.508;MEIO OESTE
4;Sul;42;Santa Catarina;4217;MEIO OESTE;42008;MEIO OESTE;421003;Luzerna;5.794;MEIO OESTE
4;Sul;42;Santa Catarina;4217;MEIO OESTE;42008;MEIO OESTE;420520;Erval Velho;4.885;MEIO OESTE
4;Sul;42;Santa Catarina;4217;MEIO OESTE;42008;MEIO OESTE;421917;Vargem Bonita;4.576;MEIO OESTE
4;Sul;42;Santa Catarina;4217;MEIO OESTE;42008;MEIO OESTE;420860;Jabora;4.310;MEIO OESTE
4;Sul;42;Santa Catarina;4217;MEIO OESTE;42008;MEIO OESTE;421985;Zortea;3.930;MEIO OESTE
4;Sul;42;Santa Catarina;4217;MEIO OESTE;42008;MEIO OESTE;420680;Ibicare;3.269;MEIO OESTE
4;Sul;42;Santa Catarina;4217;MEIO OESTE;42008;MEIO OESTE;420415;Celso Ramos;2.805;MEIO OESTE
4;Sul;42;Santa Catarina;4217;MEIO OESTE;42008;MEIO OESTE;421915;Vargem;2.627;MEIO OESTE
4;Sul;42;Santa Catarina;4217;MEIO OESTE;42008;MEIO OESTE;420005;Abdon Batista;2.598;MEIO OESTE
4;Sul;42;Santa Catarina;4217;MEIO OESTE;42008;MEIO OESTE;420287;Brunopolis;2.489;MEIO OESTE
4;Sul;42;Santa Catarina;4217;MEIO OESTE;42008;MEIO OESTE;420920;Lacerdopolis;2.248;MEIO OESTE
4;Sul;42;Santa Catarina;4217;MEIO OESTE;42009;ALTO VALE DO RIO DO PEIXE;420300;Cacador;73.720;ALTO VALE DO RIO DO PEIXE
4;Sul;42;Santa Catarina;4217;MEIO OESTE;42009;ALTO VALE DO RIO DO PEIXE;421930;Videira;55.466;ALTO VALE DO RIO DO PEIXE
4;Sul;42;Santa Catarina;4217;MEIO OESTE;42009;ALTO VALE DO RIO DO PEIXE;420480;Curitibanos;40.045;ALTO VALE DO RIO DO PEIXE
4;Sul;42;Santa Catarina;4217;MEIO OESTE;42009;ALTO VALE DO RIO DO PEIXE;420550;Fraiburgo;33.481;ALTO VALE DO RIO DO PEIXE
4;Sul;42;Santa Catarina;4217;MEIO OESTE;42009;ALTO VALE DO RIO DO PEIXE;421550;Santa Cecilia;15.546;ALTO VALE DO RIO DO PEIXE
4;Sul;42;Santa Catarina;4217;MEIO OESTE;42009;ALTO VALE DO RIO DO PEIXE;420970;Lebon Regis;11.472;ALTO VALE DO RIO DO PEIXE
4;Sul;42;Santa Catarina;4217;MEIO OESTE;42009;ALTO VALE DO RIO DO PEIXE;421790;Tangara;8.143;ALTO VALE DO RIO DO PEIXE
4;Sul;42;Santa Catarina;4217;MEIO OESTE;42009;ALTO VALE DO RIO DO PEIXE;421825;Timbo Grande;7.342;ALTO VALE DO RIO DO PEIXE
4;Sul;42;Santa Catarina;4217;MEIO OESTE;42009;ALTO VALE DO RIO DO PEIXE;421440;Rio das Antas;6.253;ALTO VALE DO RIO DO PEIXE
4;Sul;42;Santa Catarina;4217;MEIO OESTE;42009;ALTO VALE DO RIO DO PEIXE;421605;Sao Cristovao do Sul;6.084;ALTO VALE DO RIO DO PEIXE
4;Sul;42;Santa Catarina;4217;MEIO OESTE;42009;ALTO VALE DO RIO DO PEIXE;421540;Salto Veloso;4.390;ALTO VALE DO RIO DO PEIXE
4;Sul;42;Santa Catarina;4217;MEIO OESTE;42009;ALTO VALE DO RIO DO PEIXE;420160;Arroio Trinta;3.556;ALTO VALE DO RIO DO PEIXE
4;Sul;42;Santa Catarina;4217;MEIO OESTE;42009;ALTO VALE DO RIO DO PEIXE;421300;Pinheiro Preto;3.473;ALTO VALE DO RIO DO PEIXE
4;Sul;42;Santa Catarina;4217;MEIO OESTE;42009;ALTO VALE DO RIO DO PEIXE;420315;Calmon;3.443;ALTO VALE DO RIO DO PEIXE
4;Sul;42;Santa Catarina;4217;MEIO OESTE;42009;ALTO VALE DO RIO DO PEIXE;421335;Ponte Alta do Norte;3.210;ALTO VALE DO RIO DO PEIXE
4;Sul;42;Santa Catarina;4217;MEIO OESTE;42009;ALTO VALE DO RIO DO PEIXE;420757;Iomere;2.877;ALTO VALE DO RIO DO PEIXE
4;Sul;42;Santa Catarina;4217;MEIO OESTE;42009;ALTO VALE DO RIO DO PEIXE;421070;Matos Costa;2.761;ALTO VALE DO RIO DO PEIXE
4;Sul;42;Santa Catarina;4217;MEIO OESTE;42009;ALTO VALE DO RIO DO PEIXE;420555;Frei Rogerio;2.411;ALTO VALE DO RIO DO PEIXE
4;Sul;42;Santa Catarina;4217;MEIO OESTE;42009;ALTO VALE DO RIO DO PEIXE;420675;Ibiam;2.008;ALTO VALE DO RIO DO PEIXE
4;Sul;42;Santa Catarina;4217;MEIO OESTE;42009;ALTO VALE DO RIO DO PEIXE;421005;Macieira;1.778;ALTO VALE DO RIO DO PEIXE
4;Sul;42;Santa Catarina;4217;MEIO OESTE;42010;ALTO URUGUAI CATARINENSE;420430;Concordia;81.646;ALTO URUGUAI CATARINENSE
4;Sul;42;Santa Catarina;4217;MEIO OESTE;42010;ALTO URUGUAI CATARINENSE;421750;Seara;18.620;ALTO URUGUAI CATARINENSE
4;Sul;42;Santa Catarina;4217;MEIO OESTE;42010;ALTO URUGUAI CATARINENSE;420780;Irani;10.195;ALTO URUGUAI CATARINENSE
4;Sul;42;Santa Catarina;4217;MEIO OESTE;42010;ALTO URUGUAI CATARINENSE;420770;Ipumirim;7.816;ALTO URUGUAI CATARINENSE
4;Sul;42;Santa Catarina;4217;MEIO OESTE;42010;ALTO URUGUAI CATARINENSE;420800;Ita;7.067;ALTO URUGUAI CATARINENSE
4;Sul;42;Santa Catarina;4217;MEIO OESTE;42010;ALTO URUGUAI CATARINENSE;421310;Piratuba;5.769;ALTO URUGUAI CATARINENSE
4;Sul;42;Santa Catarina;4217;MEIO OESTE;42010;ALTO URUGUAI CATARINENSE;420760;Ipira;4.578;ALTO URUGUAI CATARINENSE
4;Sul;42;Santa Catarina;4217;MEIO OESTE;42010;ALTO URUGUAI CATARINENSE;420985;Lindoia do Sul;4.549;ALTO URUGUAI CATARINENSE
4;Sul;42;Santa Catarina;4217;MEIO OESTE;42010;ALTO URUGUAI CATARINENSE;420127;Arabuta;4.378;ALTO URUGUAI CATARINENSE
4;Sul;42;Santa Catarina;4217;MEIO OESTE;42010;ALTO URUGUAI CATARINENSE;421960;Xavantina;3.653;ALTO URUGUAI CATARINENSE
4;Sul;42;Santa Catarina;4217;MEIO OESTE;42010;ALTO URUGUAI CATARINENSE;421260;Peritiba;2.992;ALTO URUGUAI CATARINENSE
4;Sul;42;Santa Catarina;4217;MEIO OESTE;42010;ALTO URUGUAI CATARINENSE;420075;Alto Bela Vista;1.856;ALTO URUGUAI CATARINENSE
4;Sul;42;Santa Catarina;4217;MEIO OESTE;42010;ALTO URUGUAI CATARINENSE;421390;Presidente Castello Branco;1.689;ALTO URUGUAI CATARINENSE
4;Sul;42;Santa Catarina;4211;PLANALTO NORTE E NORDESTE;42011;NORDESTE;420910;Joinville;616.317;NORDESTE
4;Sul;42;Santa Catarina;4211;PLANALTO NORTE E NORDESTE;42011;NORDESTE;421620;Sao Francisco do Sul;52.674;NORDESTE
4;Sul;42;Santa Catarina;4211;PLANALTO NORTE E NORDESTE;42011;NORDESTE;420130;Araquari;45.283;NORDESTE
4;Sul;42;Santa Catarina;4211;PLANALTO NORTE E NORDESTE;42011;NORDESTE;420845;Itapoa;30.750;NORDESTE
4;Sul;42;Santa Catarina;4211;PLANALTO NORTE E NORDESTE;42011;NORDESTE;420580;Garuva;18.545;NORDESTE
4;Sul;42;Santa Catarina;4211;PLANALTO NORTE E NORDESTE;42011;NORDESTE;420205;Balneario Barra do Sul;14.912;NORDESTE
4;Sul;42;Santa Catarina;4211;PLANALTO NORTE E NORDESTE;42012;PLANALTO NORTE;421580;Sao Bento do Sul;83.277;PLANALTO NORTE
4;Sul;42;Santa Catarina;4211;PLANALTO NORTE E NORDESTE;42012;PLANALTO NORTE;421010;Mafra;55.286;PLANALTO NORTE
4;Sul;42;Santa Catarina;4211;PLANALTO NORTE E NORDESTE;42012;PLANALTO NORTE;420380;Canoinhas;55.016;PLANALTO NORTE
4;Sul;42;Santa Catarina;4211;PLANALTO NORTE E NORDESTE;42012;PLANALTO NORTE;421500;Rio Negrinho;39.261;PLANALTO NORTE
4;Sul;42;Santa Catarina;4211;PLANALTO NORTE E NORDESTE;42012;PLANALTO NORTE;421360;Porto Uniao;32.970;PLANALTO NORTE
4;Sul;42;Santa Catarina;4211;PLANALTO NORTE E NORDESTE;42012;PLANALTO NORTE;420810;Itaiopolis;22.051;PLANALTO NORTE
4;Sul;42;Santa Catarina;4211;PLANALTO NORTE E NORDESTE;42012;PLANALTO NORTE;421830;Tres Barras;19.746;PLANALTO NORTE
4;Sul;42;Santa Catarina;4211;PLANALTO NORTE E NORDESTE;42012;PLANALTO NORTE;421220;Papanduva;19.150;PLANALTO NORTE
4;Sul;42;Santa Catarina;4211;PLANALTO NORTE E NORDESTE;42012;PLANALTO NORTE;420330;Campo Alegre;12.501;PLANALTO NORTE
4;Sul;42;Santa Catarina;4211;PLANALTO NORTE E NORDESTE;42012;PLANALTO NORTE;420790;Irineopolis;10.285;PLANALTO NORTE
4;Sul;42;Santa Catarina;4211;PLANALTO NORTE E NORDESTE;42012;PLANALTO NORTE;421110;Monte Castelo;7.736;PLANALTO NORTE
4;Sul;42;Santa Catarina;4211;PLANALTO NORTE E NORDESTE;42012;PLANALTO NORTE;421030;Major Vieira;7.425;PLANALTO NORTE
4;Sul;42;Santa Catarina;4211;PLANALTO NORTE E NORDESTE;42012;PLANALTO NORTE;420213;Bela Vista do Toldo;5.872;PLANALTO NORTE
4;Sul;42;Santa Catarina;4218;SERRA CATARINENSE;42013;SERRA CATARINENSE;420930;Lages;164.981;SERRA CATARINENSE
4;Sul;42;Santa Catarina;4218;SERRA CATARINENSE;42013;SERRA CATARINENSE;421650;Sao Joaquim;25.939;SERRA CATARINENSE
4;Sul;42;Santa Catarina;4218;SERRA CATARINENSE;42013;SERRA CATARINENSE;421175;Otacilio Costa;17.312;SERRA CATARINENSE
4;Sul;42;Santa Catarina;4218;SERRA CATARINENSE;42013;SERRA CATARINENSE;420455;Correia Pinto;15.727;SERRA CATARINENSE
4;Sul;42;Santa Catarina;4218;SERRA CATARINENSE;42013;SERRA CATARINENSE;421890;Urubici;10.834;SERRA CATARINENSE
4;Sul;42;Santa Catarina;4218;SERRA CATARINENSE;42013;SERRA CATARINENSE;421680;Sao Jose do Cerrito;8.708;SERRA CATARINENSE
4;Sul;42;Santa Catarina;4218;SERRA CATARINENSE;42013;SERRA CATARINENSE;420260;Bom Retiro;8.418;SERRA CATARINENSE
4;Sul;42;Santa Catarina;4218;SERRA CATARINENSE;42013;SERRA CATARINENSE;420100;Anita Garibaldi;8.285;SERRA CATARINENSE
4;Sul;42;Santa Catarina;4218;SERRA CATARINENSE;42013;SERRA CATARINENSE;420340;Campo Belo do Sul;7.257;SERRA CATARINENSE
4;Sul;42;Santa Catarina;4218;SERRA CATARINENSE;42013;SERRA CATARINENSE;421330;Ponte Alta;4.437;SERRA CATARINENSE
4;Sul;42;Santa Catarina;4218;SERRA CATARINENSE;42013;SERRA CATARINENSE;420250;Bom Jardim da Serra;4.026;SERRA CATARINENSE
4;Sul;42;Santa Catarina;4218;SERRA CATARINENSE;42013;SERRA CATARINENSE;420243;Bocaina do Sul;3.515;SERRA CATARINENSE
4;Sul;42;Santa Catarina;4218;SERRA CATARINENSE;42013;SERRA CATARINENSE;420417;Cerro Negro;3.317;SERRA CATARINENSE
4;Sul;42;Santa Catarina;4218;SERRA CATARINENSE;42013;SERRA CATARINENSE;421895;Urupema;2.656;SERRA CATARINENSE
4;Sul;42;Santa Catarina;4218;SERRA CATARINENSE;42013;SERRA CATARINENSE;420325;Capao Alto;2.625;SERRA CATARINENSE
4;Sul;42;Santa Catarina;4218;SERRA CATARINENSE;42013;SERRA CATARINENSE;421205;Palmeira;2.561;SERRA CATARINENSE
4;Sul;42;Santa Catarina;4218;SERRA CATARINENSE;42013;SERRA CATARINENSE;421505;Rio Rufino;2.397;SERRA CATARINENSE
4;Sul;42;Santa Catarina;4218;SERRA CATARINENSE;42013;SERRA CATARINENSE;421189;Painel;2.215;SERRA CATARINENSE
4;Sul;42;Santa Catarina;4210;SUL;42014;EXTREMO SUL CATARINENSE;420140;Ararangua;71.922;EXTREMO SUL CATARINENSE
4;Sul;42;Santa Catarina;4210;SUL;42014;EXTREMO SUL CATARINENSE;421770;Sombrio;29.991;EXTREMO SUL CATARINENSE
4;Sul;42;Santa Catarina;4210;SUL;42014;EXTREMO SUL CATARINENSE;420195;Balneario Arroio do Silva;15.820;EXTREMO SUL CATARINENSE
4;Sul;42;Santa Catarina;4210;SUL;42014;EXTREMO SUL CATARINENSE;420207;Balneario Gaivota;15.669;EXTREMO SUL CATARINENSE
4;Sul;42;Santa Catarina;4210;SUL;42014;EXTREMO SUL CATARINENSE;421880;Turvo;13.043;EXTREMO SUL CATARINENSE
4;Sul;42;Santa Catarina;4210;SUL;42014;EXTREMO SUL CATARINENSE;421225;Passo de Torres;12.897;EXTREMO SUL CATARINENSE
4;Sul;42;Santa Catarina;4210;SUL;42014;EXTREMO SUL CATARINENSE;420870;Jacinto Machado;10.624;EXTREMO SUL CATARINENSE
4;Sul;42;Santa Catarina;4210;SUL;42014;EXTREMO SUL CATARINENSE;421565;Santa Rosa do Sul;9.792;EXTREMO SUL CATARINENSE
4;Sul;42;Santa Catarina;4210;SUL;42014;EXTREMO SUL CATARINENSE;421640;Sao Joao do Sul;8.668;EXTREMO SUL CATARINENSE
4;Sul;42;Santa Catarina;4210;SUL;42014;EXTREMO SUL CATARINENSE;421380;Praia Grande;8.270;EXTREMO SUL CATARINENSE
4;Sul;42;Santa Catarina;4210;SUL;42014;EXTREMO SUL CATARINENSE;421040;Maracaja;7.815;EXTREMO SUL CATARINENSE
4;Sul;42;Santa Catarina;4210;SUL;42014;EXTREMO SUL CATARINENSE;421080;Meleiro;7.006;EXTREMO SUL CATARINENSE
4;Sul;42;Santa Catarina;4210;SUL;42014;EXTREMO SUL CATARINENSE;421810;Timbe do Sul;5.386;EXTREMO SUL CATARINENSE
4;Sul;42;Santa Catarina;4210;SUL;42014;EXTREMO SUL CATARINENSE;421125;Morro Grande;3.010;EXTREMO SUL CATARINENSE
4;Sul;42;Santa Catarina;4210;SUL;42014;EXTREMO SUL CATARINENSE;420519;Ermo;2.269;EXTREMO SUL CATARINENSE
4;Sul;42;Santa Catarina;4210;SUL;42015;CARBONIFERA;420460;Criciuma;214.493;CARBONIFERA
4;Sul;42;Santa Catarina;4210;SUL;42015;CARBONIFERA;420700;Icara;59.035;CARBONIFERA
4;Sul;42;Santa Catarina;4210;SUL;42015;CARBONIFERA;420545;Forquilhinha;31.431;CARBONIFERA
4;Sul;42;Santa Catarina;4210;SUL;42015;CARBONIFERA;421170;Orleans;23.661;CARBONIFERA
4;Sul;42;Santa Catarina;4210;SUL;42015;CARBONIFERA;421900;Urussanga;20.919;CARBONIFERA
4;Sul;42;Santa Catarina;4210;SUL;42015;CARBONIFERA;421120;Morro da Fumaca;18.537;CARBONIFERA
4;Sul;42;Santa Catarina;4210;SUL;42015;CARBONIFERA;420425;Cocal do Sul;17.240;CARBONIFERA
4;Sul;42;Santa Catarina;4210;SUL;42015;CARBONIFERA;422000;Balneario Rincao;15.981;CARBONIFERA
4;Sul;42;Santa Catarina;4210;SUL;42015;CARBONIFERA;420960;Lauro Muller;14.381;CARBONIFERA
4;Sul;42;Santa Catarina;4210;SUL;42015;CARBONIFERA;421760;Sideropolis;13.714;CARBONIFERA
4;Sul;42;Santa Catarina;4210;SUL;42015;CARBONIFERA;421160;Nova Veneza;13.664;CARBONIFERA
4;Sul;42;Santa Catarina;4210;SUL;42015;CARBONIFERA;421835;Treviso;3.782;CARBONIFERA
4;Sul;42;Santa Catarina;4210;SUL;42016;LAGUNA;421870;Tubarao;110.088;LAGUNA
4;Sul;42;Santa Catarina;4210;SUL;42016;LAGUNA;420730;Imbituba;52.579;LAGUNA
4;Sul;42;Santa Catarina;4210;SUL;42016;LAGUNA;420940;Laguna;42.785;LAGUNA
4;Sul;42;Santa Catarina;4210;SUL;42016;LAGUNA;420280;Braco do Norte;33.773;LAGUNA
4;Sul;42;Santa Catarina;4210;SUL;42016;LAGUNA;420395;Capivari de Baixo;23.975;LAGUNA
4;Sul;42;Santa Catarina;4210;SUL;42016;LAGUNA;420880;Jaguaruna;20.375;LAGUNA
4;Sul;42;Santa Catarina;4210;SUL;42016;LAGUNA;421700;Sao Ludgero;13.509;LAGUNA
4;Sul;42;Santa Catarina;4210;SUL;42016;LAGUNA;421545;Sangao;12.882;LAGUNA
4;Sul;42;Santa Catarina;4210;SUL;42016;LAGUNA;420620;Gravatal;12.435;LAGUNA
4;Sul;42;Santa Catarina;4210;SUL;42016;LAGUNA;420720;Imarui;11.881;LAGUNA
4;Sul;42;Santa Catarina;4210;SUL;42016;LAGUNA;421265;Pescaria Brava;10.190;LAGUNA
4;Sul;42;Santa Catarina;4210;SUL;42016;LAGUNA;420150;Armazem;8.834;LAGUNA
4;Sul;42;Santa Catarina;4210;SUL;42016;LAGUNA;421840;Treze de Maio;7.362;LAGUNA
4;Sul;42;Santa Catarina;4210;SUL;42016;LAGUNA;420610;Grao Para;6.277;LAGUNA
4;Sul;42;Santa Catarina;4210;SUL;42016;LAGUNA;421490;Rio Fortuna;4.847;LAGUNA
4;Sul;42;Santa Catarina;4210;SUL;42016;LAGUNA;421240;Pedras Grandes;4.245;LAGUNA
4;Sul;42;Santa Catarina;4210;SUL;42016;LAGUNA;421710;Sao Martinho;3.405;LAGUNA
4;Sul;42;Santa Catarina;4210;SUL;42016;LAGUNA;421560;Santa Rosa de Lima;2.088;LAGUNA
4;Sul;42;Santa Catarina;4211;PLANALTO NORTE E NORDESTE;42017;VALE DO ITAPOCU;420890;Jaragua do Sul;182.660;VALE DO ITAPOCU
4;Sul;42;Santa Catarina;4211;PLANALTO NORTE E NORDESTE;42017;VALE DO ITAPOCU;420650;Guaramirim;46.711;VALE DO ITAPOCU
4;Sul;42;Santa Catarina;4211;PLANALTO NORTE E NORDESTE;42017;VALE DO ITAPOCU;420210;Barra Velha;45.369;VALE DO ITAPOCU
4;Sul;42;Santa Catarina;4211;PLANALTO NORTE E NORDESTE;42017;VALE DO ITAPOCU;421740;Schroeder;20.061;VALE DO ITAPOCU
4;Sul;42;Santa Catarina;4211;PLANALTO NORTE E NORDESTE;42017;VALE DO ITAPOCU;421060;Massaranduba;17.162;VALE DO ITAPOCU
4;Sul;42;Santa Catarina;4211;PLANALTO NORTE E NORDESTE;42017;VALE DO ITAPOCU;420450;Corupa;15.267;VALE DO ITAPOCU
4;Sul;42;Santa Catarina;4211;PLANALTO NORTE E NORDESTE;42017;VALE DO ITAPOCU;421635;Sao Joao do Itaperiu;4.463;VALE DO ITAPOCU
4;Sul;43;Rio Grande do Sul;4314;CENTRO-OESTE;43001;REGIAO 01;431690;Santa Maria;271.735;REGIAO 01
4;Sul;43;Rio Grande do Sul;4314;CENTRO-OESTE;43001;REGIAO 01;431960;Sao Sepe;21.219;REGIAO 01
4;Sul;43;Rio Grande do Sul;4314;CENTRO-OESTE;43001;REGIAO 01;432220;Tupancireta;20.005;REGIAO 01
4;Sul;43;Rio Grande do Sul;4314;CENTRO-OESTE;43001;REGIAO 01;431120;Julio de Castilhos;18.226;REGIAO 01
4;Sul;43;Rio Grande do Sul;4314;CENTRO-OESTE;43001;REGIAO 01;430010;Agudo;16.041;REGIAO 01
4;Sul;43;Rio Grande do Sul;4314;CENTRO-OESTE;43001;REGIAO 01;431940;Sao Pedro do Sul;15.577;REGIAO 01
4;Sul;43;Rio Grande do Sul;4314;CENTRO-OESTE;43001;REGIAO 01;431550;Restinga Seca;14.939;REGIAO 01
4;Sul;43;Rio Grande do Sul;4314;CENTRO-OESTE;43001;REGIAO 01;430800;Faxinal do Soturno;6.702;REGIAO 01
4;Sul;43;Rio Grande do Sul;4314;CENTRO-OESTE;43001;REGIAO 01;431402;Paraiso do Sul;6.519;REGIAO 01
4;Sul;43;Rio Grande do Sul;4314;CENTRO-OESTE;43001;REGIAO 01;430840;Formigueiro;6.413;REGIAO 01
4;Sul;43;Rio Grande do Sul;4314;CENTRO-OESTE;43001;REGIAO 01;431310;Nova Palma;5.586;REGIAO 01
4;Sul;43;Rio Grande do Sul;4314;CENTRO-OESTE;43001;REGIAO 01;431053;Itaara;5.572;REGIAO 01
4;Sul;43;Rio Grande do Sul;4314;CENTRO-OESTE;43001;REGIAO 01;432345;Vila Nova do Sul;3.863;REGIAO 01
4;Sul;43;Rio Grande do Sul;4314;CENTRO-OESTE;43001;REGIAO 01;431447;Pinhal Grande;3.805;REGIAO 01
4;Sul;43;Rio Grande do Sul;4314;CENTRO-OESTE;43001;REGIAO 01;430670;Dona Francisca;3.079;REGIAO 01
4;Sul;43;Rio Grande do Sul;4314;CENTRO-OESTE;43001;REGIAO 01;431912;Sao Martinho da Serra;2.860;REGIAO 01
4;Sul;43;Rio Grande do Sul;4314;CENTRO-OESTE;43001;REGIAO 01;430637;Dilermando de Aguiar;2.806;REGIAO 01
4;Sul;43;Rio Grande do Sul;4314;CENTRO-OESTE;43001;REGIAO 01;431843;Sao Joao do Polesine;2.649;REGIAO 01
4;Sul;43;Rio Grande do Sul;4314;CENTRO-OESTE;43001;REGIAO 01;432149;Toropi;2.554;REGIAO 01
4;Sul;43;Rio Grande do Sul;4314;CENTRO-OESTE;43001;REGIAO 01;431532;Quevedos;2.507;REGIAO 01
4;Sul;43;Rio Grande do Sul;4314;CENTRO-OESTE;43001;REGIAO 01;432065;Silveira Martins;2.028;REGIAO 01
4;Sul;43;Rio Grande do Sul;4314;CENTRO-OESTE;43001;REGIAO 01;431075;Ivora;1.929;REGIAO 01
4;Sul;43;Rio Grande do Sul;4314;CENTRO-OESTE;43002;REGIAO 02;431740;Santiago;48.938;REGIAO 02
4;Sul;43;Rio Grande do Sul;4314;CENTRO-OESTE;43002;REGIAO 02;431810;Sao Francisco de Assis;17.618;REGIAO 02
4;Sul;43;Rio Grande do Sul;4314;CENTRO-OESTE;43002;REGIAO 02;430290;Cacequi;11.157;REGIAO 02
4;Sul;43;Rio Grande do Sul;4314;CENTRO-OESTE;43002;REGIAO 02;431110;Jaguari;10.579;REGIAO 02
4;Sul;43;Rio Grande do Sul;4314;CENTRO-OESTE;43002;REGIAO 02;431980;Sao Vicente do Sul;8.097;REGIAO 02
4;Sul;43;Rio Grande do Sul;4314;CENTRO-OESTE;43002;REGIAO 02;431303;Nova Esperanca do Sul;4.865;REGIAO 02
4;Sul;43;Rio Grande do Sul;4314;CENTRO-OESTE;43002;REGIAO 02;431210;Mata;4.698;REGIAO 02
4;Sul;43;Rio Grande do Sul;4314;CENTRO-OESTE;43002;REGIAO 02;431113;Jari;3.349;REGIAO 02
4;Sul;43;Rio Grande do Sul;4314;CENTRO-OESTE;43002;REGIAO 02;430465;Capao do Cipo;3.119;REGIAO 02
4;Sul;43;Rio Grande do Sul;4314;CENTRO-OESTE;43002;REGIAO 02;431055;Itacurubi;2.995;REGIAO 02
4;Sul;43;Rio Grande do Sul;4314;CENTRO-OESTE;43002;REGIAO 02;432237;Unistalda;1.995;REGIAO 02
4;Sul;43;Rio Grande do Sul;4314;CENTRO-OESTE;43003;REGIAO 03;432240;Uruguaiana;117.210;REGIAO 03
4;Sul;43;Rio Grande do Sul;4314;CENTRO-OESTE;43003;REGIAO 03;431710;Sant'Ana do Livramento;84.421;REGIAO 03
4;Sul;43;Rio Grande do Sul;4314;CENTRO-OESTE;43003;REGIAO 03;430040;Alegrete;72.409;REGIAO 03
4;Sul;43;Rio Grande do Sul;4314;CENTRO-OESTE;43003;REGIAO 03;431830;Sao Gabriel;58.487;REGIAO 03
4;Sul;43;Rio Grande do Sul;4314;CENTRO-OESTE;43003;REGIAO 03;431640;Rosario do Sul;36.630;REGIAO 03
4;Sul;43;Rio Grande do Sul;4314;CENTRO-OESTE;43003;REGIAO 03;431060;Itaqui;35.768;REGIAO 03
4;Sul;43;Rio Grande do Sul;4314;CENTRO-OESTE;43003;REGIAO 03;431530;Quarai;23.500;REGIAO 03
4;Sul;43;Rio Grande do Sul;4314;CENTRO-OESTE;43003;REGIAO 03;431175;Manoel Viana;6.801;REGIAO 03
4;Sul;43;Rio Grande do Sul;4314;CENTRO-OESTE;43003;REGIAO 03;431171;Macambara;4.425;REGIAO 03
4;Sul;43;Rio Grande do Sul;4314;CENTRO-OESTE;43003;REGIAO 03;430187;Barra do Quarai;4.241;REGIAO 03
4;Sul;43;Rio Grande do Sul;4314;CENTRO-OESTE;43003;REGIAO 03;431697;Santa Margarida do Sul;2.596;REGIAO 03
4;Sul;43;Rio Grande do Sul;4313;METROPOLITANA;43004;REGIAO 04;430463;Capao da Canoa;63.594;REGIAO 04
4;Sul;43;Rio Grande do Sul;4313;METROPOLITANA;43004;REGIAO 04;432150;Torres;41.751;REGIAO 04
4;Sul;43;Rio Grande do Sul;4313;METROPOLITANA;43004;REGIAO 04;432380;Xangri-la;16.463;REGIAO 04
4;Sul;43;Rio Grande do Sul;4313;METROPOLITANA;43004;REGIAO 04;430105;Arroio do Sal;11.057;REGIAO 04
4;Sul;43;Rio Grande do Sul;4313;METROPOLITANA;43004;REGIAO 04;432166;Tres Cachoeiras;10.962;REGIAO 04
4;Sul;43;Rio Grande do Sul;4313;METROPOLITANA;43004;REGIAO 04;432143;Terra de Areia;10.334;REGIAO 04
4;Sul;43;Rio Grande do Sul;4313;METROPOLITANA;43004;REGIAO 04;431177;Maquine;7.418;REGIAO 04
4;Sul;43;Rio Grande do Sul;4313;METROPOLITANA;43004;REGIAO 04;431173;Mampituba;3.131;REGIAO 04
4;Sul;43;Rio Grande do Sul;4313;METROPOLITANA;43004;REGIAO 04;431244;Morrinhos do Sul;3.071;REGIAO 04
4;Sul;43;Rio Grande do Sul;4313;METROPOLITANA;43004;REGIAO 04;432183;Tres Forquilhas;2.760;REGIAO 04
4;Sul;43;Rio Grande do Sul;4313;METROPOLITANA;43004;REGIAO 04;431065;Itati;2.638;REGIAO 04
4;Sul;43;Rio Grande do Sul;4313;METROPOLITANA;43004;REGIAO 04;430655;Dom Pedro de Alcantara;2.562;REGIAO 04
4;Sul;43;Rio Grande do Sul;4313;METROPOLITANA;43005;REGIAO 05;432160;Tramandai;54.387;REGIAO 05
4;Sul;43;Rio Grande do Sul;4313;METROPOLITANA;43005;REGIAO 05;431350;Osorio;47.396;REGIAO 05
4;Sul;43;Rio Grande do Sul;4313;METROPOLITANA;43005;REGIAO 05;431760;Santo Antonio da Patrulha;42.947;REGIAO 05
4;Sul;43;Rio Grande do Sul;4313;METROPOLITANA;43005;REGIAO 05;431033;Imbe;26.824;REGIAO 05
4;Sul;43;Rio Grande do Sul;4313;METROPOLITANA;43005;REGIAO 05;430545;Cidreira;17.071;REGIAO 05
4;Sul;43;Rio Grande do Sul;4313;METROPOLITANA;43005;REGIAO 05;430163;Balneario Pinhal;14.955;REGIAO 05
4;Sul;43;Rio Grande do Sul;4313;METROPOLITANA;43005;REGIAO 05;431365;Palmares do Sul;12.844;REGIAO 05
4;Sul;43;Rio Grande do Sul;4313;METROPOLITANA;43005;REGIAO 05;431250;Mostardas;12.090;REGIAO 05
4;Sul;43;Rio Grande do Sul;4313;METROPOLITANA;43005;REGIAO 05;430471;Caraa;7.394;REGIAO 05
4;Sul;43;Rio Grande do Sul;4313;METROPOLITANA;43005;REGIAO 05;432135;Tavares;5.212;REGIAO 05
4;Sul;43;Rio Grande do Sul;4313;METROPOLITANA;43005;REGIAO 05;430467;Capivari do Sul;3.991;REGIAO 05
4;Sul;43;Rio Grande do Sul;4313;METROPOLITANA;43006;REGIAO 06 - VALE DO PARANHANA E COSTA SERRA;432120;Taquara;53.240;REGIAO 06 - VALE DO PARANHANA E COSTA SERRA
4;Sul;43;Rio Grande do Sul;4313;METROPOLITANA;43006;REGIAO 06 - VALE DO PARANHANA E COSTA SERRA;431405;Parobe;52.052;REGIAO 06 - VALE DO PARANHANA E COSTA SERRA
4;Sul;43;Rio Grande do Sul;4313;METROPOLITANA;43006;REGIAO 06 - VALE DO PARANHANA E COSTA SERRA;431010;Igrejinha;33.321;REGIAO 06 - VALE DO PARANHANA E COSTA SERRA
4;Sul;43;Rio Grande do Sul;4313;METROPOLITANA;43006;REGIAO 06 - VALE DO PARANHANA E COSTA SERRA;432170;Tres Coroas;23.920;REGIAO 06 - VALE DO PARANHANA E COSTA SERRA
4;Sul;43;Rio Grande do Sul;4313;METROPOLITANA;43006;REGIAO 06 - VALE DO PARANHANA E COSTA SERRA;431820;Sao Francisco de Paula;21.893;REGIAO 06 - VALE DO PARANHANA E COSTA SERRA
4;Sul;43;Rio Grande do Sul;4313;METROPOLITANA;43006;REGIAO 06 - VALE DO PARANHANA E COSTA SERRA;431600;Rolante;21.253;REGIAO 06 - VALE DO PARANHANA E COSTA SERRA
4;Sul;43;Rio Grande do Sul;4313;METROPOLITANA;43006;REGIAO 06 - VALE DO PARANHANA E COSTA SERRA;430360;Cambara do Sul;6.361;REGIAO 06 - VALE DO PARANHANA E COSTA SERRA
4;Sul;43;Rio Grande do Sul;4313;METROPOLITANA;43006;REGIAO 06 - VALE DO PARANHANA E COSTA SERRA;431575;Riozinho;4.473;REGIAO 06 - VALE DO PARANHANA E COSTA SERRA
4;Sul;43;Rio Grande do Sul;4313;METROPOLITANA;43007;REGIAO 07;431340;Novo Hamburgo;227.646;REGIAO 07
4;Sul;43;Rio Grande do Sul;4313;METROPOLITANA;43007;REGIAO 07;431870;Sao Leopoldo;217.409;REGIAO 07
4;Sul;43;Rio Grande do Sul;4313;METROPOLITANA;43007;REGIAO 07;431990;Sapiranga;75.648;REGIAO 07
4;Sul;43;Rio Grande do Sul;4313;METROPOLITANA;43007;REGIAO 07;430390;Campo Bom;62.886;REGIAO 07
4;Sul;43;Rio Grande do Sul;4313;METROPOLITANA;43007;REGIAO 07;430760;Estancia Velha;47.924;REGIAO 07
4;Sul;43;Rio Grande do Sul;4313;METROPOLITANA;43007;REGIAO 07;431480;Portao;34.071;REGIAO 07
4;Sul;43;Rio Grande do Sul;4313;METROPOLITANA;43007;REGIAO 07;430640;Dois Irmaos;30.709;REGIAO 07
4;Sul;43;Rio Grande do Sul;4313;METROPOLITANA;43007;REGIAO 07;431080;Ivoti;22.983;REGIAO 07
4;Sul;43;Rio Grande do Sul;4313;METROPOLITANA;43007;REGIAO 07;431306;Nova Hartz;20.088;REGIAO 07
4;Sul;43;Rio Grande do Sul;4313;METROPOLITANA;43007;REGIAO 07;430087;Ararica;8.525;REGIAO 07
4;Sul;43;Rio Grande do Sul;4313;METROPOLITANA;43007;REGIAO 07;431695;Santa Maria do Herval;6.340;REGIAO 07
4;Sul;43;Rio Grande do Sul;4313;METROPOLITANA;43007;REGIAO 07;431162;Lindolfo Collor;6.248;REGIAO 07
4;Sul;43;Rio Grande do Sul;4313;METROPOLITANA;43007;REGIAO 07;431247;Morro Reuter;6.029;REGIAO 07
4;Sul;43;Rio Grande do Sul;4313;METROPOLITANA;43007;REGIAO 07;431848;Sao Jose do Hortencio;4.447;REGIAO 07
4;Sul;43;Rio Grande do Sul;4313;METROPOLITANA;43007;REGIAO 07;431514;Presidente Lucena;3.077;REGIAO 07
4;Sul;43;Rio Grande do Sul;4313;METROPOLITANA;43008;REGIAO 08;430460;Canoas;347.657;REGIAO 08
4;Sul;43;Rio Grande do Sul;4313;METROPOLITANA;43008;REGIAO 08;432000;Sapucaia do Sul;132.107;REGIAO 08
4;Sul;43;Rio Grande do Sul;4313;METROPOLITANA;43008;REGIAO 08;430770;Esteio;76.137;REGIAO 08
4;Sul;43;Rio Grande do Sul;4313;METROPOLITANA;43008;REGIAO 08;431240;Montenegro;64.322;REGIAO 08
4;Sul;43;Rio Grande do Sul;4313;METROPOLITANA;43008;REGIAO 08;431337;Nova Santa Rita;29.024;REGIAO 08
4;Sul;43;Rio Grande do Sul;4313;METROPOLITANA;43008;REGIAO 08;432200;Triunfo;27.498;REGIAO 08
4;Sul;43;Rio Grande do Sul;4313;METROPOLITANA;43008;REGIAO 08;431950;Sao Sebastiao do Cai;24.428;REGIAO 08
4;Sul;43;Rio Grande do Sul;4313;METROPOLITANA;43008;REGIAO 08;430468;Capela de Santana;11.159;REGIAO 08
4;Sul;43;Rio Grande do Sul;4313;METROPOLITANA;43008;REGIAO 08;431650;Salvador do Sul;6.879;REGIAO 08
4;Sul;43;Rio Grande do Sul;4313;METROPOLITANA;43008;REGIAO 08;430165;Barao;6.461;REGIAO 08
4;Sul;43;Rio Grande do Sul;4313;METROPOLITANA;43008;REGIAO 08;430955;Harmonia;5.378;REGIAO 08
4;Sul;43;Rio Grande do Sul;4313;METROPOLITANA;43008;REGIAO 08;432225;Tupandi;5.029;REGIAO 08
4;Sul;43;Rio Grande do Sul;4313;METROPOLITANA;43008;REGIAO 08;430265;Brochier;4.966;REGIAO 08
4;Sul;43;Rio Grande do Sul;4313;METROPOLITANA;43008;REGIAO 08;432085;Tabai;4.461;REGIAO 08
4;Sul;43;Rio Grande do Sul;4313;METROPOLITANA;43008;REGIAO 08;431403;Pareci Novo;4.319;REGIAO 08
4;Sul;43;Rio Grande do Sul;4313;METROPOLITANA;43008;REGIAO 08;431935;Sao Pedro da Serra;3.548;REGIAO 08
4;Sul;43;Rio Grande do Sul;4313;METROPOLITANA;43008;REGIAO 08;431179;Marata;2.470;REGIAO 08
4;Sul;43;Rio Grande do Sul;4313;METROPOLITANA;43008;REGIAO 08;431861;Sao Jose do Sul;2.380;REGIAO 08
4;Sul;43;Rio Grande do Sul;4313;METROPOLITANA;43009;REGIAO 09;430930;Guaiba;92.924;REGIAO 09
4;Sul;43;Rio Grande do Sul;4313;METROPOLITANA;43009;REGIAO 09;430350;Camaqua;62.200;REGIAO 09
4;Sul;43;Rio Grande do Sul;4313;METROPOLITANA;43009;REGIAO 09;430676;Eldorado do Sul;39.559;REGIAO 09
4;Sul;43;Rio Grande do Sul;4313;METROPOLITANA;43009;REGIAO 09;430535;Charqueadas;35.012;REGIAO 09
4;Sul;43;Rio Grande do Sul;4313;METROPOLITANA;43009;REGIAO 09;431840;Sao Jeronimo;21.028;REGIAO 09
4;Sul;43;Rio Grande do Sul;4313;METROPOLITANA;43009;REGIAO 09;430270;Butia;19.084;REGIAO 09
4;Sul;43;Rio Grande do Sul;4313;METROPOLITANA;43009;REGIAO 09;432110;Tapes;14.695;REGIAO 09
4;Sul;43;Rio Grande do Sul;4313;METROPOLITANA;43009;REGIAO 09;430110;Arroio dos Ratos;14.601;REGIAO 09
4;Sul;43;Rio Grande do Sul;4313;METROPOLITANA;43009;REGIAO 09;430650;Dom Feliciano;13.051;REGIAO 09
4;Sul;43;Rio Grande do Sul;4313;METROPOLITANA;43009;REGIAO 09;430190;Barra do Ribeiro;12.225;REGIAO 09
4;Sul;43;Rio Grande do Sul;4313;METROPOLITANA;43009;REGIAO 09;430517;Cerro Grande do Sul;9.178;REGIAO 09
4;Sul;43;Rio Grande do Sul;4313;METROPOLITANA;43009;REGIAO 09;430880;General Camara;7.612;REGIAO 09
4;Sul;43;Rio Grande do Sul;4313;METROPOLITANA;43009;REGIAO 09;431225;Minas do Leao;7.505;REGIAO 09
4;Sul;43;Rio Grande do Sul;4313;METROPOLITANA;43009;REGIAO 09;430605;Cristal;7.299;REGIAO 09
4;Sul;43;Rio Grande do Sul;4313;METROPOLITANA;43009;REGIAO 09;430175;Barao do Triunfo;5.889;REGIAO 09
4;Sul;43;Rio Grande do Sul;4313;METROPOLITANA;43009;REGIAO 09;432055;Sertao Santana;5.863;REGIAO 09
4;Sul;43;Rio Grande do Sul;4313;METROPOLITANA;43009;REGIAO 09;432035;Sentinela do Sul;5.306;REGIAO 09
4;Sul;43;Rio Grande do Sul;4313;METROPOLITANA;43009;REGIAO 09;430544;Chuvisca;4.597;REGIAO 09
4;Sul;43;Rio Grande do Sul;4313;METROPOLITANA;43009;REGIAO 09;430085;Arambare;4.112;REGIAO 09
4;Sul;43;Rio Grande do Sul;4313;METROPOLITANA;43009;REGIAO 09;431198;Mariana Pimentel;3.916;REGIAO 09
4;Sul;43;Rio Grande do Sul;4313;METROPOLITANA;43010;REGIAO 10;431490;Porto Alegre;1.332.833;REGIAO 10
4;Sul;43;Rio Grande do Sul;4313;METROPOLITANA;43010;REGIAO 10;430920;Gravatai;265.074;REGIAO 10
4;Sul;43;Rio Grande do Sul;4313;METROPOLITANA;43010;REGIAO 10;432300;Viamao;224.124;REGIAO 10
4;Sul;43;Rio Grande do Sul;4313;METROPOLITANA;43010;REGIAO 10;430060;Alvorada;187.315;REGIAO 10
4;Sul;43;Rio Grande do Sul;4313;METROPOLITANA;43010;REGIAO 10;430310;Cachoeirinha;136.258;REGIAO 10
4;Sul;43;Rio Grande do Sul;4313;METROPOLITANA;43010;REGIAO 10;430905;Glorinha;7.658;REGIAO 10
4;Sul;43;Rio Grande do Sul;4312;MISSIONEIRA;43011;REGIAO 11;431750;Santo Angelo;76.917;REGIAO 11
4;Sul;43;Rio Grande do Sul;4312;MISSIONEIRA;43011;REGIAO 11;431800;Sao Borja;59.676;REGIAO 11
4;Sul;43;Rio Grande do Sul;4312;MISSIONEIRA;43011;REGIAO 11;431890;Sao Luiz Gonzaga;34.752;REGIAO 11
4;Sul;43;Rio Grande do Sul;4312;MISSIONEIRA;43011;REGIAO 11;430520;Cerro Largo;13.705;REGIAO 11
4;Sul;43;Rio Grande do Sul;4312;MISSIONEIRA;43011;REGIAO 11;431770;Santo Antonio das Missoes;10.300;REGIAO 11
4;Sul;43;Rio Grande do Sul;4312;MISSIONEIRA;43011;REGIAO 11;431510;Porto Xavier;9.938;REGIAO 11
4;Sul;43;Rio Grande do Sul;4312;MISSIONEIRA;43011;REGIAO 11;430693;Entre-Ijuis;9.164;REGIAO 11
4;Sul;43;Rio Grande do Sul;4312;MISSIONEIRA;43011;REGIAO 11;430950;Guarani das Missoes;7.415;REGIAO 11
4;Sul;43;Rio Grande do Sul;4312;MISSIONEIRA;43011;REGIAO 11;431915;Sao Miguel das Missoes;7.056;REGIAO 11
4;Sul;43;Rio Grande do Sul;4312;MISSIONEIRA;43011;REGIAO 11;431630;Roque Gonzales;6.576;REGIAO 11
4;Sul;43;Rio Grande do Sul;4312;MISSIONEIRA;43011;REGIAO 11;430250;Bossoroca;5.890;REGIAO 11
4;Sul;43;Rio Grande do Sul;4312;MISSIONEIRA;43011;REGIAO 11;431920;Sao Nicolau;5.118;REGIAO 11
4;Sul;43;Rio Grande do Sul;4312;MISSIONEIRA;43011;REGIAO 11;430330;Caibate;4.704;REGIAO 11
4;Sul;43;Rio Grande do Sul;4312;MISSIONEIRA;43011;REGIAO 11;432375;Vitoria das Missoes;3.254;REGIAO 11
4;Sul;43;Rio Grande do Sul;4312;MISSIONEIRA;43011;REGIAO 11;431937;Sao Pedro do Butia;3.070;REGIAO 11
4;Sul;43;Rio Grande do Sul;4312;MISSIONEIRA;43011;REGIAO 11;431647;Salvador das Missoes;2.877;REGIAO 11
4;Sul;43;Rio Grande do Sul;4312;MISSIONEIRA;43011;REGIAO 11;430865;Garruchos;2.688;REGIAO 11
4;Sul;43;Rio Grande do Sul;4312;MISSIONEIRA;43011;REGIAO 11;430783;Eugenio de Castro;2.633;REGIAO 11
4;Sul;43;Rio Grande do Sul;4312;MISSIONEIRA;43011;REGIAO 11;430635;Dezesseis de Novembro;2.507;REGIAO 11
4;Sul;43;Rio Grande do Sul;4312;MISSIONEIRA;43011;REGIAO 11;431595;Rolador;2.291;REGIAO 11
4;Sul;43;Rio Grande do Sul;4312;MISSIONEIRA;43011;REGIAO 11;431455;Pirapo;2.260;REGIAO 11
4;Sul;43;Rio Grande do Sul;4312;MISSIONEIRA;43011;REGIAO 11;432234;Ubiretama;1.994;REGIAO 11
4;Sul;43;Rio Grande do Sul;4312;MISSIONEIRA;43011;REGIAO 11;432057;Sete de Setembro;1.830;REGIAO 11
4;Sul;43;Rio Grande do Sul;4312;MISSIONEIRA;43011;REGIAO 11;431217;Mato Queimado;1.795;REGIAO 11
4;Sul;43;Rio Grande do Sul;4312;MISSIONEIRA;43012;REGIAO 12;430610;Cruz Alta;58.913;REGIAO 12
4;Sul;43;Rio Grande do Sul;4312;MISSIONEIRA;43012;REGIAO 12;431000;Ibiruba;21.583;REGIAO 12
4;Sul;43;Rio Grande do Sul;4312;MISSIONEIRA;43012;REGIAO 12;431645;Salto do Jacui;10.203;REGIAO 12
4;Sul;43;Rio Grande do Sul;4312;MISSIONEIRA;43012;REGIAO 12;431670;Santa Barbara do Sul;8.122;REGIAO 12
4;Sul;43;Rio Grande do Sul;4312;MISSIONEIRA;43012;REGIAO 12;432030;Selbach;5.107;REGIAO 12
4;Sul;43;Rio Grande do Sul;4312;MISSIONEIRA;43012;REGIAO 12;430845;Fortaleza dos Valos;4.477;REGIAO 12
4;Sul;43;Rio Grande do Sul;4312;MISSIONEIRA;43012;REGIAO 12;431535;Quinze de Novembro;3.910;REGIAO 12
4;Sul;43;Rio Grande do Sul;4312;MISSIONEIRA;43012;REGIAO 12;430560;Colorado;3.258;REGIAO 12
4;Sul;43;Rio Grande do Sul;4312;MISSIONEIRA;43012;REGIAO 12;431643;Saldanha Marinho;2.575;REGIAO 12
4;Sul;43;Rio Grande do Sul;4312;MISSIONEIRA;43012;REGIAO 12;430223;Boa Vista do Incra;2.271;REGIAO 12
4;Sul;43;Rio Grande do Sul;4312;MISSIONEIRA;43012;REGIAO 12;430222;Boa Vista do Cadeado;2.229;REGIAO 12
4;Sul;43;Rio Grande do Sul;4312;MISSIONEIRA;43012;REGIAO 12;431087;Jacuizinho;2.040;REGIAO 12
4;Sul;43;Rio Grande do Sul;4312;MISSIONEIRA;43013;REGIAO 13;431020;Ijui;84.780;REGIAO 13
4;Sul;43;Rio Grande do Sul;4312;MISSIONEIRA;43013;REGIAO 13;431390;Panambi;43.515;REGIAO 13
4;Sul;43;Rio Grande do Sul;4312;MISSIONEIRA;43013;REGIAO 13;431780;Santo Augusto;13.902;REGIAO 13
4;Sul;43;Rio Grande do Sul;4312;MISSIONEIRA;43013;REGIAO 13;430600;Crissiumal;12.886;REGIAO 13
4;Sul;43;Rio Grande do Sul;4312;MISSIONEIRA;43013;REGIAO 13;430500;Catuipe;8.674;REGIAO 13
4;Sul;43;Rio Grande do Sul;4312;MISSIONEIRA;43013;REGIAO 13;431115;Joia;7.184;REGIAO 13
4;Sul;43;Rio Grande do Sul;4312;MISSIONEIRA;43013;REGIAO 13;430150;Augusto Pestana;7.149;REGIAO 13
4;Sul;43;Rio Grande do Sul;4312;MISSIONEIRA;43013;REGIAO 13;430020;Ajuricaba;6.720;REGIAO 13
4;Sul;43;Rio Grande do Sul;4312;MISSIONEIRA;43013;REGIAO 13;430570;Condor;6.406;REGIAO 13
4;Sul;43;Rio Grande do Sul;4312;MISSIONEIRA;43013;REGIAO 13;431910;Sao Martinho;5.481;REGIAO 13
4;Sul;43;Rio Grande do Sul;4312;MISSIONEIRA;43013;REGIAO 13;430400;Campo Novo;4.975;REGIAO 13
4;Sul;43;Rio Grande do Sul;4312;MISSIONEIRA;43013;REGIAO 13;430970;Humaita;4.681;REGIAO 13
4;Sul;43;Rio Grande do Sul;4312;MISSIONEIRA;43013;REGIAO 13;430540;Chiapetta;3.913;REGIAO 13
4;Sul;43;Rio Grande do Sul;4312;MISSIONEIRA;43013;REGIAO 13;431430;Pejucara;3.745;REGIAO 13
4;Sul;43;Rio Grande do Sul;4312;MISSIONEIRA;43013;REGIAO 13;430587;Coronel Barros;2.822;REGIAO 13
4;Sul;43;Rio Grande do Sul;4312;MISSIONEIRA;43013;REGIAO 13;432023;Sede Nova;2.704;REGIAO 13
4;Sul;43;Rio Grande do Sul;4312;MISSIONEIRA;43013;REGIAO 13;431973;Sao Valerio do Sul;2.543;REGIAO 13
4;Sul;43;Rio Grande do Sul;4312;MISSIONEIRA;43013;REGIAO 13;431333;Nova Ramada;2.163;REGIAO 13
4;Sul;43;Rio Grande do Sul;4312;MISSIONEIRA;43013;REGIAO 13;430258;Bozano;2.151;REGIAO 13
4;Sul;43;Rio Grande do Sul;4312;MISSIONEIRA;43013;REGIAO 13;431041;Inhacora;2.014;REGIAO 13
4;Sul;43;Rio Grande do Sul;4312;MISSIONEIRA;43014;REGIAO 14;431720;Santa Rosa;76.963;REGIAO 14
4;Sul;43;Rio Grande do Sul;4312;MISSIONEIRA;43014;REGIAO 14;432180;Tres de Maio;24.916;REGIAO 14
4;Sul;43;Rio Grande do Sul;4312;MISSIONEIRA;43014;REGIAO 14;430960;Horizontina;18.851;REGIAO 14
4;Sul;43;Rio Grande do Sul;4312;MISSIONEIRA;43014;REGIAO 14;430900;Girua;16.013;REGIAO 14
4;Sul;43;Rio Grande do Sul;4312;MISSIONEIRA;43014;REGIAO 14;431790;Santo Cristo;15.320;REGIAO 14
4;Sul;43;Rio Grande do Sul;4312;MISSIONEIRA;43014;REGIAO 14;432230;Tuparendi;8.363;REGIAO 14
4;Sul;43;Rio Grande do Sul;4312;MISSIONEIRA;43014;REGIAO 14;430220;Boa Vista do Burica;6.966;REGIAO 14
4;Sul;43;Rio Grande do Sul;4312;MISSIONEIRA;43014;REGIAO 14;431040;Independencia;6.427;REGIAO 14
4;Sul;43;Rio Grande do Sul;4312;MISSIONEIRA;43014;REGIAO 14;430430;Candido Godoi;6.294;REGIAO 14
4;Sul;43;Rio Grande do Sul;4312;MISSIONEIRA;43014;REGIAO 14;430030;Alecrim;6.123;REGIAO 14
4;Sul;43;Rio Grande do Sul;4312;MISSIONEIRA;43014;REGIAO 14;430370;Campina das Missoes;5.882;REGIAO 14
4;Sul;43;Rio Grande do Sul;4312;MISSIONEIRA;43014;REGIAO 14;431930;Sao Paulo das Missoes;5.846;REGIAO 14
4;Sul;43;Rio Grande do Sul;4312;MISSIONEIRA;43014;REGIAO 14;432210;Tucunduva;5.542;REGIAO 14
4;Sul;43;Rio Grande do Sul;4312;MISSIONEIRA;43014;REGIAO 14;430673;Doutor Mauricio Cardoso;4.470;REGIAO 14
4;Sul;43;Rio Grande do Sul;4312;MISSIONEIRA;43014;REGIAO 14;431500;Porto Lucena;4.360;REGIAO 14
4;Sul;43;Rio Grande do Sul;4312;MISSIONEIRA;43014;REGIAO 14;430045;Alegria;3.651;REGIAO 14
4;Sul;43;Rio Grande do Sul;4312;MISSIONEIRA;43014;REGIAO 14;431342;Novo Machado;3.198;REGIAO 14
4;Sul;43;Rio Grande do Sul;4312;MISSIONEIRA;43014;REGIAO 14;431301;Nova Candelaria;3.061;REGIAO 14
4;Sul;43;Rio Grande do Sul;4312;MISSIONEIRA;43014;REGIAO 14;432032;Senador Salgado Filho;2.673;REGIAO 14
4;Sul;43;Rio Grande do Sul;4312;MISSIONEIRA;43014;REGIAO 14;431849;Sao Jose do Inhacora;2.406;REGIAO 14
4;Sul;43;Rio Grande do Sul;4312;MISSIONEIRA;43014;REGIAO 14;431505;Porto Maua;2.142;REGIAO 14
4;Sul;43;Rio Grande do Sul;4312;MISSIONEIRA;43014;REGIAO 14;431507;Porto Vera Cruz;1.560;REGIAO 14
4;Sul;43;Rio Grande do Sul;4311;NORTE;43015;REGIAO 15 - CAMINHO DAS AGUAS;430850;Frederico Westphalen;32.627;REGIAO 15 - CAMINHO DAS AGUAS
4;Sul;43;Rio Grande do Sul;4311;NORTE;43015;REGIAO 15 - CAMINHO DAS AGUAS;432190;Tres Passos;25.436;REGIAO 15 - CAMINHO DAS AGUAS
4;Sul;43;Rio Grande do Sul;4311;NORTE;43015;REGIAO 15 - CAMINHO DAS AGUAS;432140;Tenente Portela;14.497;REGIAO 15 - CAMINHO DAS AGUAS
4;Sul;43;Rio Grande do Sul;4311;NORTE;43015;REGIAO 15 - CAMINHO DAS AGUAS;432020;Seberi;11.950;REGIAO 15 - CAMINHO DAS AGUAS
4;Sul;43;Rio Grande do Sul;4311;NORTE;43015;REGIAO 15 - CAMINHO DAS AGUAS;431470;Planalto;10.406;REGIAO 15 - CAMINHO DAS AGUAS
4;Sul;43;Rio Grande do Sul;4311;NORTE;43015;REGIAO 15 - CAMINHO DAS AGUAS;431380;Palmitinho;7.839;REGIAO 15 - CAMINHO DAS AGUAS
4;Sul;43;Rio Grande do Sul;4311;NORTE;43015;REGIAO 15 - CAMINHO DAS AGUAS;430064;Ametista do Sul;7.650;REGIAO 15 - CAMINHO DAS AGUAS
4;Sul;43;Rio Grande do Sul;4311;NORTE;43015;REGIAO 15 - CAMINHO DAS AGUAS;431050;Irai;7.482;REGIAO 15 - CAMINHO DAS AGUAS
4;Sul;43;Rio Grande do Sul;4311;NORTE;43015;REGIAO 15 - CAMINHO DAS AGUAS;430050;Alpestre;7.117;REGIAO 15 - CAMINHO DAS AGUAS
4;Sul;43;Rio Grande do Sul;4311;NORTE;43015;REGIAO 15 - CAMINHO DAS AGUAS;430730;Erval Seco;6.787;REGIAO 15 - CAMINHO DAS AGUAS
4;Sul;43;Rio Grande do Sul;4311;NORTE;43015;REGIAO 15 - CAMINHO DAS AGUAS;431590;Rodeio Bonito;6.654;REGIAO 15 - CAMINHO DAS AGUAS
4;Sul;43;Rio Grande do Sul;4311;NORTE;43015;REGIAO 15 - CAMINHO DAS AGUAS;432147;Tiradentes do Sul;5.129;REGIAO 15 - CAMINHO DAS AGUAS
4;Sul;43;Rio Grande do Sul;4311;NORTE;43015;REGIAO 15 - CAMINHO DAS AGUAS;430340;Caicara;4.836;REGIAO 15 - CAMINHO DAS AGUAS
4;Sul;43;Rio Grande do Sul;4311;NORTE;43015;REGIAO 15 - CAMINHO DAS AGUAS;431160;Liberato Salzano;4.781;REGIAO 15 - CAMINHO DAS AGUAS
4;Sul;43;Rio Grande do Sul;4311;NORTE;43015;REGIAO 15 - CAMINHO DAS AGUAS;432310;Vicente Dutra;4.665;REGIAO 15 - CAMINHO DAS AGUAS
4;Sul;43;Rio Grande do Sul;4311;NORTE;43015;REGIAO 15 - CAMINHO DAS AGUAS;431449;Pinheirinho do Vale;4.540;REGIAO 15 - CAMINHO DAS AGUAS
4;Sul;43;Rio Grande do Sul;4311;NORTE;43015;REGIAO 15 - CAMINHO DAS AGUAS;430745;Esperanca do Sul;3.226;REGIAO 15 - CAMINHO DAS AGUAS
4;Sul;43;Rio Grande do Sul;4311;NORTE;43015;REGIAO 15 - CAMINHO DAS AGUAS;430185;Barra do Guarita;3.161;REGIAO 15 - CAMINHO DAS AGUAS
4;Sul;43;Rio Grande do Sul;4311;NORTE;43015;REGIAO 15 - CAMINHO DAS AGUAS;432132;Taquarucu do Sul;3.119;REGIAO 15 - CAMINHO DAS AGUAS
4;Sul;43;Rio Grande do Sul;4311;NORTE;43015;REGIAO 15 - CAMINHO DAS AGUAS;431445;Pinhal;2.959;REGIAO 15 - CAMINHO DAS AGUAS
4;Sul;43;Rio Grande do Sul;4311;NORTE;43015;REGIAO 15 - CAMINHO DAS AGUAS;432370;Vista Gaucha;2.783;REGIAO 15 - CAMINHO DAS AGUAS
4;Sul;43;Rio Grande do Sul;4311;NORTE;43015;REGIAO 15 - CAMINHO DAS AGUAS;430632;Derrubadas;2.751;REGIAO 15 - CAMINHO DAS AGUAS
4;Sul;43;Rio Grande do Sul;4311;NORTE;43015;REGIAO 15 - CAMINHO DAS AGUAS;430607;Cristal do Sul;2.692;REGIAO 15 - CAMINHO DAS AGUAS
4;Sul;43;Rio Grande do Sul;4311;NORTE;43015;REGIAO 15 - CAMINHO DAS AGUAS;432350;Vista Alegre;2.660;REGIAO 15 - CAMINHO DAS AGUAS
4;Sul;43;Rio Grande do Sul;4311;NORTE;43015;REGIAO 15 - CAMINHO DAS AGUAS;431344;Novo Tiradentes;2.146;REGIAO 15 - CAMINHO DAS AGUAS
4;Sul;43;Rio Grande do Sul;4311;NORTE;43015;REGIAO 15 - CAMINHO DAS AGUAS;430237;Bom Progresso;2.096;REGIAO 15 - CAMINHO DAS AGUAS
4;Sul;43;Rio Grande do Sul;4311;NORTE;43016;REGIAO 16;430700;Erechim;105.705;REGIAO 16
4;Sul;43;Rio Grande do Sul;4311;NORTE;43016;REGIAO 16;430890;Getulio Vargas;16.602;REGIAO 16
4;Sul;43;Rio Grande do Sul;4311;NORTE;43016;REGIAO 16;431270;Nonoai;13.719;REGIAO 16
4;Sul;43;Rio Grande do Sul;4311;NORTE;43016;REGIAO 16;430170;Barao de Cotegipe;7.144;REGIAO 16
4;Sul;43;Rio Grande do Sul;4311;NORTE;43016;REGIAO 16;430090;Aratiba;6.483;REGIAO 16
4;Sul;43;Rio Grande do Sul;4311;NORTE;43016;REGIAO 16;430870;Gaurama;5.665;REGIAO 16
4;Sul;43;Rio Grande do Sul;4311;NORTE;43016;REGIAO 16;430755;Estacao;5.582;REGIAO 16
4;Sul;43;Rio Grande do Sul;4311;NORTE;43016;REGIAO 16;430380;Campinas do Sul;5.284;REGIAO 16
4;Sul;43;Rio Grande do Sul;4311;NORTE;43016;REGIAO 16;430720;Erval Grande;4.930;REGIAO 16
4;Sul;43;Rio Grande do Sul;4311;NORTE;43016;REGIAO 16;432290;Viadutos;4.766;REGIAO 16
4;Sul;43;Rio Grande do Sul;4311;NORTE;43016;REGIAO 16;431190;Marcelino Ramos;4.320;REGIAO 16
4;Sul;43;Rio Grande do Sul;4311;NORTE;43016;REGIAO 16;432060;Severiano de Almeida;3.406;REGIAO 16
4;Sul;43;Rio Grande do Sul;4311;NORTE;43016;REGIAO 16;430155;Aurea;3.396;REGIAO 16
4;Sul;43;Rio Grande do Sul;4311;NORTE;43016;REGIAO 16;431090;Jacutinga;3.338;REGIAO 16
4;Sul;43;Rio Grande do Sul;4311;NORTE;43016;REGIAO 16;431970;Sao Valentim;3.264;REGIAO 16
4;Sul;43;Rio Grande do Sul;4311;NORTE;43016;REGIAO 16;431070;Itatiba do Sul;3.208;REGIAO 16
4;Sul;43;Rio Grande do Sul;4311;NORTE;43016;REGIAO 16;430697;Erebango;3.054;REGIAO 16
4;Sul;43;Rio Grande do Sul;4311;NORTE;43016;REGIAO 16;431555;Rio dos Indios;2.835;REGIAO 16
4;Sul;43;Rio Grande do Sul;4311;NORTE;43016;REGIAO 16;430537;Charrua;2.768;REGIAO 16
4;Sul;43;Rio Grande do Sul;4311;NORTE;43016;REGIAO 16;430511;Centenario;2.728;REGIAO 16
4;Sul;43;Rio Grande do Sul;4311;NORTE;43016;REGIAO 16;430695;Entre Rios do Sul;2.685;REGIAO 16
4;Sul;43;Rio Grande do Sul;4311;NORTE;43016;REGIAO 16;432163;Tres Arroios;2.591;REGIAO 16
4;Sul;43;Rio Grande do Sul;4311;NORTE;43016;REGIAO 16;430805;Faxinalzinho;2.520;REGIAO 16
4;Sul;43;Rio Grande do Sul;4311;NORTE;43016;REGIAO 16;431413;Paulo Bento;2.144;REGIAO 16
4;Sul;43;Rio Grande do Sul;4311;NORTE;43016;REGIAO 16;430205;Benjamin Constant do Sul;2.082;REGIAO 16
4;Sul;43;Rio Grande do Sul;4311;NORTE;43016;REGIAO 16;431200;Mariano Moro;1.858;REGIAO 16
4;Sul;43;Rio Grande do Sul;4311;NORTE;43016;REGIAO 16;431046;Ipiranga do Sul;1.720;REGIAO 16
4;Sul;43;Rio Grande do Sul;4311;NORTE;43016;REGIAO 16;430192;Barra do Rio Azul;1.696;REGIAO 16
4;Sul;43;Rio Grande do Sul;4311;NORTE;43016;REGIAO 16;430825;Floriano Peixoto;1.668;REGIAO 16
4;Sul;43;Rio Grande do Sul;4311;NORTE;43016;REGIAO 16;430613;Cruzaltense;1.635;REGIAO 16
4;Sul;43;Rio Grande do Sul;4311;NORTE;43016;REGIAO 16;431478;Ponte Preta;1.575;REGIAO 16
4;Sul;43;Rio Grande do Sul;4311;NORTE;43016;REGIAO 16;431531;Quatro Irmaos;1.552;REGIAO 16
4;Sul;43;Rio Grande do Sul;4311;NORTE;43016;REGIAO 16;430485;Carlos Gomes;1.364;REGIAO 16
4;Sul;43;Rio Grande do Sul;4311;NORTE;43017;REGIAO 17 - PLANALTO;431410;Passo Fundo;206.215;REGIAO 17 - PLANALTO
4;Sul;43;Rio Grande do Sul;4311;NORTE;43017;REGIAO 17 - PLANALTO;430470;Carazinho;61.804;REGIAO 17 - PLANALTO
4;Sul;43;Rio Grande do Sul;4311;NORTE;43017;REGIAO 17 - PLANALTO;431180;Marau;45.124;REGIAO 17 - PLANALTO
4;Sul;43;Rio Grande do Sul;4311;NORTE;43017;REGIAO 17 - PLANALTO;431265;Nao-Me-Toque;17.898;REGIAO 17 - PLANALTO
4;Sul;43;Rio Grande do Sul;4311;NORTE;43017;REGIAO 17 - PLANALTO;432040;Serafina Correa;16.961;REGIAO 17 - PLANALTO
4;Sul;43;Rio Grande do Sul;4311;NORTE;43017;REGIAO 17 - PLANALTO;430490;Casca;9.465;REGIAO 17 - PLANALTO
4;Sul;43;Rio Grande do Sul;4311;NORTE;43017;REGIAO 17 - PLANALTO;432050;Sertao;5.541;REGIAO 17 - PLANALTO
4;Sul;43;Rio Grande do Sul;4311;NORTE;43017;REGIAO 17 - PLANALTO;432340;Vila Maria;4.413;REGIAO 17 - PLANALTO
4;Sul;43;Rio Grande do Sul;4311;NORTE;43017;REGIAO 17 - PLANALTO;430630;David Canabarro;4.321;REGIAO 17 - PLANALTO
4;Sul;43;Rio Grande do Sul;4311;NORTE;43017;REGIAO 17 - PLANALTO;430550;Ciriaco;4.149;REGIAO 17 - PLANALTO
4;Sul;43;Rio Grande do Sul;4311;NORTE;43017;REGIAO 17 - PLANALTO;431477;Pontao;3.296;REGIAO 17 - PLANALTO
4;Sul;43;Rio Grande do Sul;4311;NORTE;43017;REGIAO 17 - PLANALTO;431275;Nova Alvorada;3.163;REGIAO 17 - PLANALTO
4;Sul;43;Rio Grande do Sul;4311;NORTE;43017;REGIAO 17 - PLANALTO;430705;Ernestina;3.034;REGIAO 17 - PLANALTO
4;Sul;43;Rio Grande do Sul;4311;NORTE;43017;REGIAO 17 - PLANALTO;430355;Camargo;2.981;REGIAO 17 - PLANALTO
4;Sul;43;Rio Grande do Sul;4311;NORTE;43017;REGIAO 17 - PLANALTO;432320;Victor Graeff;2.780;REGIAO 17 - PLANALTO
4;Sul;43;Rio Grande do Sul;4311;NORTE;43017;REGIAO 17 - PLANALTO;431805;Sao Domingos do Sul;2.754;REGIAO 17 - PLANALTO
4;Sul;43;Rio Grande do Sul;4311;NORTE;43017;REGIAO 17 - PLANALTO;430597;Coxilha;2.667;REGIAO 17 - PLANALTO
4;Sul;43;Rio Grande do Sul;4311;NORTE;43017;REGIAO 17 - PLANALTO;431213;Mato Castelhano;2.553;REGIAO 17 - PLANALTO
4;Sul;43;Rio Grande do Sul;4311;NORTE;43017;REGIAO 17 - PLANALTO;430585;Coqueiros do Sul;2.211;REGIAO 17 - PLANALTO
4;Sul;43;Rio Grande do Sul;4311;NORTE;43017;REGIAO 17 - PLANALTO;431755;Santo Antonio do Palma;2.091;REGIAO 17 - PLANALTO
4;Sul;43;Rio Grande do Sul;4311;NORTE;43017;REGIAO 17 - PLANALTO;431775;Santo Antonio do Planalto;2.089;REGIAO 17 - PLANALTO
4;Sul;43;Rio Grande do Sul;4311;NORTE;43017;REGIAO 17 - PLANALTO;432255;Vanini;2.004;REGIAO 17 - PLANALTO
4;Sul;43;Rio Grande do Sul;4311;NORTE;43017;REGIAO 17 - PLANALTO;430047;Almirante Tamandare do Sul;1.969;REGIAO 17 - PLANALTO
4;Sul;43;Rio Grande do Sul;4311;NORTE;43017;REGIAO 17 - PLANALTO;431267;Nicolau Vergueiro;1.932;REGIAO 17 - PLANALTO
4;Sul;43;Rio Grande do Sul;4311;NORTE;43017;REGIAO 17 - PLANALTO;430885;Gentil;1.744;REGIAO 17 - PLANALTO
4;Sul;43;Rio Grande do Sul;4311;NORTE;43017;REGIAO 17 - PLANALTO;431127;Lagoa dos Tres Cantos;1.738;REGIAO 17 - PLANALTO
4;Sul;43;Rio Grande do Sul;4311;NORTE;43017;REGIAO 17 - PLANALTO;431262;Muliterno;1.721;REGIAO 17 - PLANALTO
4;Sul;43;Rio Grande do Sul;4311;NORTE;43017;REGIAO 17 - PLANALTO;431235;Montauri;1.499;REGIAO 17 - PLANALTO
4;Sul;43;Rio Grande do Sul;4311;NORTE;43018;REGIAO 18;431130;Lagoa Vermelha;27.659;REGIAO 18
4;Sul;43;Rio Grande do Sul;4311;NORTE;43018;REGIAO 18;432090;Tapejara;24.557;REGIAO 18
4;Sul;43;Rio Grande do Sul;4311;NORTE;43018;REGIAO 18;431660;Sananduva;16.399;REGIAO 18
4;Sul;43;Rio Grande do Sul;4311;NORTE;43018;REGIAO 18;431860;Sao Jose do Ouro;6.834;REGIAO 18
4;Sul;43;Rio Grande do Sul;4311;NORTE;43018;REGIAO 18;430990;Ibiraiaras;6.776;REGIAO 18
4;Sul;43;Rio Grande do Sul;4311;NORTE;43018;REGIAO 18;431170;Machadinho;5.735;REGIAO 18
4;Sul;43;Rio Grande do Sul;4311;NORTE;43018;REGIAO 18;430180;Barracao;4.831;REGIAO 18
4;Sul;43;Rio Grande do Sul;4311;NORTE;43018;REGIAO 18;430320;Cacique Doble;4.603;REGIAO 18
4;Sul;43;Rio Grande do Sul;4311;NORTE;43018;REGIAO 18;430980;Ibiaca;4.527;REGIAO 18
4;Sul;43;Rio Grande do Sul;4311;NORTE;43018;REGIAO 18;431842;Sao Joao da Urtiga;4.461;REGIAO 18
4;Sul;43;Rio Grande do Sul;4311;NORTE;43018;REGIAO 18;431220;Maximiliano de Almeida;4.189;REGIAO 18
4;Sul;43;Rio Grande do Sul;4311;NORTE;43018;REGIAO 18;430005;Agua Santa;3.912;REGIAO 18
4;Sul;43;Rio Grande do Sul;4311;NORTE;43018;REGIAO 18;431360;Paim Filho;3.631;REGIAO 18
4;Sul;43;Rio Grande do Sul;4311;NORTE;43018;REGIAO 18;430495;Caseiros;3.000;REGIAO 18
4;Sul;43;Rio Grande do Sul;4311;NORTE;43018;REGIAO 18;431795;Santo Expedito do Sul;2.349;REGIAO 18
4;Sul;43;Rio Grande do Sul;4311;NORTE;43018;REGIAO 18;432335;Vila Langaro;2.079;REGIAO 18
4;Sul;43;Rio Grande do Sul;4311;NORTE;43018;REGIAO 18;430462;Capao Bonito do Sul;1.733;REGIAO 18
4;Sul;43;Rio Grande do Sul;4311;NORTE;43018;REGIAO 18;431673;Santa Cecilia do Sul;1.674;REGIAO 18
4;Sul;43;Rio Grande do Sul;4311;NORTE;43018;REGIAO 18;432218;Tupanci do Sul;1.374;REGIAO 18
4;Sul;43;Rio Grande do Sul;4311;NORTE;43018;REGIAO 18;430066;Andre da Rocha;1.135;REGIAO 18
4;Sul;43;Rio Grande do Sul;4311;NORTE;43019;REGIAO 19;432080;Soledade;29.991;REGIAO 19
4;Sul;43;Rio Grande do Sul;4311;NORTE;43019;REGIAO 19;430750;Espumoso;15.173;REGIAO 19
4;Sul;43;Rio Grande do Sul;4311;NORTE;43019;REGIAO 19;432100;Tapera;10.592;REGIAO 19
4;Sul;43;Rio Grande do Sul;4311;NORTE;43019;REGIAO 19;430140;Arvorezinha;10.322;REGIAO 19
4;Sul;43;Rio Grande do Sul;4311;NORTE;43019;REGIAO 19;430830;Fontoura Xavier;9.550;REGIAO 19
4;Sul;43;Rio Grande do Sul;4311;NORTE;43019;REGIAO 19;430200;Barros Cassal;9.296;REGIAO 19
4;Sul;43;Rio Grande do Sul;4311;NORTE;43019;REGIAO 19;431125;Lagoao;5.341;REGIAO 19
4;Sul;43;Rio Grande do Sul;4311;NORTE;43019;REGIAO 19;430995;Ibirapuita;3.723;REGIAO 19
4;Sul;43;Rio Grande do Sul;4311;NORTE;43019;REGIAO 19;432215;Tunas;3.681;REGIAO 19
4;Sul;43;Rio Grande do Sul;4311;NORTE;43019;REGIAO 19;430410;Campos Borges;3.613;REGIAO 19
4;Sul;43;Rio Grande do Sul;4311;NORTE;43019;REGIAO 19;432146;Tio Hugo;3.267;REGIAO 19
4;Sul;43;Rio Grande do Sul;4311;NORTE;43019;REGIAO 19;431242;Mormaco;2.756;REGIAO 19
4;Sul;43;Rio Grande do Sul;4311;NORTE;43019;REGIAO 19;431057;Itapuca;1.937;REGIAO 19
4;Sul;43;Rio Grande do Sul;4311;NORTE;43019;REGIAO 19;430055;Alto Alegre;1.800;REGIAO 19
4;Sul;43;Rio Grande do Sul;4311;NORTE;43020;REGIAO 20 - ROTA DA PRODUCAO;431370;Palmeira das Missoes;33.216;REGIAO 20 - ROTA DA PRODUCAO
4;Sul;43;Rio Grande do Sul;4311;NORTE;43020;REGIAO 20 - ROTA DA PRODUCAO;432010;Sarandi;22.851;REGIAO 20 - ROTA DA PRODUCAO
4;Sul;43;Rio Grande do Sul;4311;NORTE;43020;REGIAO 20 - ROTA DA PRODUCAO;430580;Constantina;10.385;REGIAO 20 - ROTA DA PRODUCAO
4;Sul;43;Rio Grande do Sul;4311;NORTE;43020;REGIAO 20 - ROTA DA PRODUCAO;431610;Ronda Alta;9.777;REGIAO 20 - ROTA DA PRODUCAO
4;Sul;43;Rio Grande do Sul;4311;NORTE;43020;REGIAO 20 - ROTA DA PRODUCAO;431540;Redentora;9.738;REGIAO 20 - ROTA DA PRODUCAO
4;Sul;43;Rio Grande do Sul;4311;NORTE;43020;REGIAO 20 - ROTA DA PRODUCAO;430530;Chapada;9.540;REGIAO 20 - ROTA DA PRODUCAO
4;Sul;43;Rio Grande do Sul;4311;NORTE;43020;REGIAO 20 - ROTA DA PRODUCAO;432195;Trindade do Sul;7.556;REGIAO 20 - ROTA DA PRODUCAO
4;Sul;43;Rio Grande do Sul;4311;NORTE;43020;REGIAO 20 - ROTA DA PRODUCAO;430590;Coronel Bicaco;6.144;REGIAO 20 - ROTA DA PRODUCAO
4;Sul;43;Rio Grande do Sul;4311;NORTE;43020;REGIAO 20 - ROTA DA PRODUCAO;431620;Rondinha;4.991;REGIAO 20 - ROTA DA PRODUCAO
4;Sul;43;Rio Grande do Sul;4311;NORTE;43020;REGIAO 20 - ROTA DA PRODUCAO;432185;Tres Palmeiras;4.716;REGIAO 20 - ROTA DA PRODUCAO
4;Sul;43;Rio Grande do Sul;4311;NORTE;43020;REGIAO 20 - ROTA DA PRODUCAO;431230;Miraguai;4.427;REGIAO 20 - ROTA DA PRODUCAO
4;Sul;43;Rio Grande do Sul;4311;NORTE;43020;REGIAO 20 - ROTA DA PRODUCAO;431349;Novo Barreiro;4.272;REGIAO 20 - ROTA DA PRODUCAO
4;Sul;43;Rio Grande do Sul;4311;NORTE;43020;REGIAO 20 - ROTA DA PRODUCAO;431085;Jaboticaba;3.779;REGIAO 20 - ROTA DA PRODUCAO
4;Sul;43;Rio Grande do Sul;4311;NORTE;43020;REGIAO 20 - ROTA DA PRODUCAO;430260;Braga;3.268;REGIAO 20 - ROTA DA PRODUCAO
4;Sul;43;Rio Grande do Sul;4311;NORTE;43020;REGIAO 20 - ROTA DA PRODUCAO;431142;Lajeado do Bugre;2.601;REGIAO 20 - ROTA DA PRODUCAO
4;Sul;43;Rio Grande do Sul;4311;NORTE;43020;REGIAO 20 - ROTA DA PRODUCAO;430195;Barra Funda;2.498;REGIAO 20 - ROTA DA PRODUCAO
4;Sul;43;Rio Grande do Sul;4311;NORTE;43020;REGIAO 20 - ROTA DA PRODUCAO;431642;Sagrada Familia;2.480;REGIAO 20 - ROTA DA PRODUCAO
4;Sul;43;Rio Grande do Sul;4311;NORTE;43020;REGIAO 20 - ROTA DA PRODUCAO;430515;Cerro Grande;2.379;REGIAO 20 - ROTA DA PRODUCAO
4;Sul;43;Rio Grande do Sul;4311;NORTE;43020;REGIAO 20 - ROTA DA PRODUCAO;431845;Sao Jose das Missoes;2.362;REGIAO 20 - ROTA DA PRODUCAO
4;Sul;43;Rio Grande do Sul;4311;NORTE;43020;REGIAO 20 - ROTA DA PRODUCAO;430642;Dois Irmaos das Missoes;2.090;REGIAO 20 - ROTA DA PRODUCAO
4;Sul;43;Rio Grande do Sul;4311;NORTE;43020;REGIAO 20 - ROTA DA PRODUCAO;431295;Nova Boa Vista;2.042;REGIAO 20 - ROTA DA PRODUCAO
4;Sul;43;Rio Grande do Sul;4311;NORTE;43020;REGIAO 20 - ROTA DA PRODUCAO;430912;Gramado dos Loureiros;2.014;REGIAO 20 - ROTA DA PRODUCAO
4;Sul;43;Rio Grande do Sul;4311;NORTE;43020;REGIAO 20 - ROTA DA PRODUCAO;430215;Boa Vista das Missoes;1.933;REGIAO 20 - ROTA DA PRODUCAO
4;Sul;43;Rio Grande do Sul;4311;NORTE;43020;REGIAO 20 - ROTA DA PRODUCAO;431936;Sao Pedro das Missoes;1.757;REGIAO 20 - ROTA DA PRODUCAO
4;Sul;43;Rio Grande do Sul;4311;NORTE;43020;REGIAO 20 - ROTA DA PRODUCAO;431346;Novo Xingu;1.646;REGIAO 20 - ROTA DA PRODUCAO
4;Sul;43;Rio Grande do Sul;4311;NORTE;43020;REGIAO 20 - ROTA DA PRODUCAO;430692;Engenho Velho;1.296;REGIAO 20 - ROTA DA PRODUCAO
4;Sul;43;Rio Grande do Sul;4309;SUL;43021;REGIAO 21;431440;Pelotas;325.685;REGIAO 21
4;Sul;43;Rio Grande do Sul;4309;SUL;43021;REGIAO 21;431560;Rio Grande;191.900;REGIAO 21
4;Sul;43;Rio Grande do Sul;4309;SUL;43021;REGIAO 21;430450;Cangucu;49.680;REGIAO 21
4;Sul;43;Rio Grande do Sul;4309;SUL;43021;REGIAO 21;431880;Sao Lourenco do Sul;41.989;REGIAO 21
4;Sul;43;Rio Grande do Sul;4309;SUL;43021;REGIAO 21;431730;Santa Vitoria do Palmar;30.983;REGIAO 21
4;Sul;43;Rio Grande do Sul;4309;SUL;43021;REGIAO 21;431100;Jaguarao;26.603;REGIAO 21
4;Sul;43;Rio Grande do Sul;4309;SUL;43021;REGIAO 21;430466;Capao do Leao;26.487;REGIAO 21
4;Sul;43;Rio Grande do Sul;4309;SUL;43021;REGIAO 21;431850;Sao Jose do Norte;25.443;REGIAO 21
4;Sul;43;Rio Grande do Sul;4309;SUL;43021;REGIAO 21;430130;Arroio Grande;17.558;REGIAO 21
4;Sul;43;Rio Grande do Sul;4309;SUL;43021;REGIAO 21;431460;Piratini;17.504;REGIAO 21
4;Sul;43;Rio Grande do Sul;4309;SUL;43021;REGIAO 21;431450;Pinheiro Machado;11.214;REGIAO 21
4;Sul;43;Rio Grande do Sul;4309;SUL;43021;REGIAO 21;431420;Pedro Osorio;7.484;REGIAO 21
4;Sul;43;Rio Grande do Sul;4309;SUL;43021;REGIAO 21;431700;Santana da Boa Vista;7.024;REGIAO 21
4;Sul;43;Rio Grande do Sul;4309;SUL;43021;REGIAO 21;430543;Chui;6.262;REGIAO 21
4;Sul;43;Rio Grande do Sul;4309;SUL;43021;REGIAO 21;430710;Herval;6.191;REGIAO 21
4;Sul;43;Rio Grande do Sul;4309;SUL;43021;REGIAO 21;431245;Morro Redondo;6.046;REGIAO 21
4;Sul;43;Rio Grande do Sul;4309;SUL;43021;REGIAO 21;430512;Cerrito;5.808;REGIAO 21
4;Sul;43;Rio Grande do Sul;4309;SUL;43021;REGIAO 21;430063;Amaral Ferrador;5.310;REGIAO 21
4;Sul;43;Rio Grande do Sul;4309;SUL;43021;REGIAO 21;432232;Turucu;3.419;REGIAO 21
4;Sul;43;Rio Grande do Sul;4309;SUL;43021;REGIAO 21;430107;Arroio do Padre;2.599;REGIAO 21
4;Sul;43;Rio Grande do Sul;4309;SUL;43021;REGIAO 21;431417;Pedras Altas;2.061;REGIAO 21
4;Sul;43;Rio Grande do Sul;4309;SUL;43022;REGIAO 22;430160;Bage;117.938;REGIAO 22
4;Sul;43;Rio Grande do Sul;4309;SUL;43022;REGIAO 22;430660;Dom Pedrito;36.981;REGIAO 22
4;Sul;43;Rio Grande do Sul;4309;SUL;43022;REGIAO 22;430435;Candiota;10.710;REGIAO 22
4;Sul;43;Rio Grande do Sul;4309;SUL;43022;REGIAO 22;431150;Lavras do Sul;7.157;REGIAO 22
4;Sul;43;Rio Grande do Sul;4309;SUL;43022;REGIAO 22;430965;Hulha Negra;5.976;REGIAO 22
4;Sul;43;Rio Grande do Sul;4309;SUL;43022;REGIAO 22;430003;Acegua;4.170;REGIAO 22
4;Sul;43;Rio Grande do Sul;4310;SERRA;43023;REGIAO 23;430510;Caxias do Sul;463.501;REGIAO 23
4;Sul;43;Rio Grande do Sul;4310;SERRA;43023;REGIAO 23;430440;Canela;48.946;REGIAO 23
4;Sul;43;Rio Grande do Sul;4310;SERRA;43023;REGIAO 23;430910;Gramado;40.134;REGIAO 23
4;Sul;43;Rio Grande do Sul;4310;SERRA;43023;REGIAO 23;431320;Nova Petropolis;23.300;REGIAO 23
4;Sul;43;Rio Grande do Sul;4310;SERRA;43023;REGIAO 23;431442;Picada Cafe;5.351;REGIAO 23
4;Sul;43;Rio Grande do Sul;4310;SERRA;43023;REGIAO 23;431164;Linha Nova;1.683;REGIAO 23
4;Sul;43;Rio Grande do Sul;4310;SERRA;43024;REGIAO 24;432250;Vacaria;64.197;REGIAO 24
