Codigo Regiao do Pais;Regiao do Pais;Codigo UF;UF;Codigo Macrorregiao de Saude;Macrorregiao de Saude;Codigo Regiao de Saude;Regiao de Saude;CD_MN_RESI;Municipio;Populacao Estimada IBGE 2022;Regiao de Saude
1;Norte;11;Rondonia;1102;MACRORREGIAO I - PORTO VELHO;11001;VALE DO JAMARI;110002;Ariquemes;96.833;VALE DO JAMARI
1;Norte;11;Rondonia;1102;MACRORREGIAO I - PORTO VELHO;11001;VALE DO JAMARI;110013;Machadinho D'Oeste;30.707;VALE DO JAMARI
1;Norte;11;Rondonia;1102;MACRORREGIAO I - PORTO VELHO;11001;VALE DO JAMARI;110045;Buritis;27.992;VALE DO JAMARI
1;Norte;11;Rondonia;1102;MACRORREGIAO I - PORTO VELHO;11001;VALE DO JAMARI;110040;Alto Paraiso;16.320;VALE DO JAMARI
1;Norte;11;Rondonia;1102;MACRORREGIAO I - PORTO VELHO;11001;VALE DO JAMARI;110094;Cujubim;14.863;VALE DO JAMARI
1;Norte;11;Rondonia;1102;MACRORREGIAO I - PORTO VELHO;11001;VALE DO JAMARI;110140;Monte Negro;11.548;VALE DO JAMARI
1;Norte;11;Rondonia;1102;MACRORREGIAO I - PORTO VELHO;11001;VALE DO JAMARI;110070;Campo Novo de Rondonia;8.844;VALE DO JAMARI
1;Norte;11;Rondonia;1102;MACRORREGIAO I - PORTO VELHO;11001;VALE DO JAMARI;110060;Cacaulandia;4.150;VALE DO JAMARI
1;Norte;11;Rondonia;1102;MACRORREGIAO I - PORTO VELHO;11001;VALE DO JAMARI;110026;Rio Crespo;3.471;VALE DO JAMARI
1;Norte;11;Rondonia;1101;MACRORREGIONAL II (CACOAL);11002;CAFE;110004;Cacoal;86.887;CAFE
1;Norte;11;Rondonia;1101;MACRORREGIONAL II (CACOAL);11002;CAFE;110018;Pimenta Bueno;35.079;CAFE
1;Norte;11;Rondonia;1101;MACRORREGIONAL II (CACOAL);11002;CAFE;110009;Espigao D'Oeste;29.414;CAFE
1;Norte;11;Rondonia;1101;MACRORREGIONAL II (CACOAL);11002;CAFE;110120;Ministro Andreazza;6.466;CAFE
1;Norte;11;Rondonia;1101;MACRORREGIONAL II (CACOAL);11002;CAFE;110148;Sao Felipe D'Oeste;5.258;CAFE
1;Norte;11;Rondonia;1101;MACRORREGIONAL II (CACOAL);11002;CAFE;110147;Primavera de Rondonia;3.076;CAFE
1;Norte;11;Rondonia;1101;MACRORREGIONAL II (CACOAL);11003;CENTRAL;110012;Ji-Parana;124.333;CENTRAL
1;Norte;11;Rondonia;1101;MACRORREGIONAL II (CACOAL);11003;CENTRAL;110015;Ouro Preto do Oeste;35.044;CENTRAL
1;Norte;11;Rondonia;1101;MACRORREGIONAL II (CACOAL);11003;CENTRAL;110032;Sao Miguel do Guapore;20.746;CENTRAL
1;Norte;11;Rondonia;1101;MACRORREGIONAL II (CACOAL);11003;CENTRAL;110025;Presidente Medici;19.327;CENTRAL
1;Norte;11;Rondonia;1101;MACRORREGIONAL II (CACOAL);11003;CENTRAL;110034;Alvorada D'Oeste;13.117;CENTRAL
1;Norte;11;Rondonia;1101;MACRORREGIONAL II (CACOAL);11003;CENTRAL;110170;Urupa;10.725;CENTRAL
1;Norte;11;Rondonia;1101;MACRORREGIONAL II (CACOAL);11003;CENTRAL;110130;Mirante da Serra;9.235;CENTRAL
1;Norte;11;Rondonia;1101;MACRORREGIONAL II (CACOAL);11003;CENTRAL;110180;Vale do Paraiso;6.479;CENTRAL
1;Norte;11;Rondonia;1101;MACRORREGIONAL II (CACOAL);11003;CENTRAL;110143;Nova Uniao;6.200;CENTRAL
1;Norte;11;Rondonia;1101;MACRORREGIONAL II (CACOAL);11003;CENTRAL;110155;Teixeiropolis;4.256;CENTRAL
1;Norte;11;Rondonia;1102;MACRORREGIAO I - PORTO VELHO;11003;CENTRAL;110011;Jaru;50.591;CENTRAL
1;Norte;11;Rondonia;1102;MACRORREGIAO I - PORTO VELHO;11003;CENTRAL;110160;Theobroma;8.113;CENTRAL
1;Norte;11;Rondonia;1102;MACRORREGIAO I - PORTO VELHO;11003;CENTRAL;110100;Governador Jorge Teixeira;8.001;CENTRAL
1;Norte;11;Rondonia;1102;MACRORREGIAO I - PORTO VELHO;11003;CENTRAL;110175;Vale do Anari;7.788;CENTRAL
1;Norte;11;Rondonia;1102;MACRORREGIAO I - PORTO VELHO;11004;MADEIRA-MAMORE;110020;Porto Velho;460.434;MADEIRA-MAMORE
1;Norte;11;Rondonia;1102;MACRORREGIAO I - PORTO VELHO;11004;MADEIRA-MAMORE;110010;Guajara-Mirim;39.387;MADEIRA-MAMORE
1;Norte;11;Rondonia;1102;MACRORREGIAO I - PORTO VELHO;11004;MADEIRA-MAMORE;110033;Nova Mamore;25.444;MADEIRA-MAMORE
1;Norte;11;Rondonia;1102;MACRORREGIAO I - PORTO VELHO;11004;MADEIRA-MAMORE;110080;Candeias do Jamari;22.310;MADEIRA-MAMORE
1;Norte;11;Rondonia;1102;MACRORREGIAO I - PORTO VELHO;11004;MADEIRA-MAMORE;110110;Itapua do Oeste;8.548;MADEIRA-MAMORE
1;Norte;11;Rondonia;1101;MACRORREGIONAL II (CACOAL);11005;ZONA DA MATA;110028;Rolim de Moura;56.406;ZONA DA MATA
1;Norte;11;Rondonia;1101;MACRORREGIONAL II (CACOAL);11005;ZONA DA MATA;110001;Alta Floresta D'Oeste;21.494;ZONA DA MATA
1;Norte;11;Rondonia;1101;MACRORREGIONAL II (CACOAL);11005;ZONA DA MATA;110014;Nova Brasilandia D'Oeste;15.679;ZONA DA MATA
1;Norte;11;Rondonia;1101;MACRORREGIONAL II (CACOAL);11005;ZONA DA MATA;110037;Alto Alegre dos Parecis;11.479;ZONA DA MATA
1;Norte;11;Rondonia;1101;MACRORREGIONAL II (CACOAL);11005;ZONA DA MATA;110050;Novo Horizonte do Oeste;7.667;ZONA DA MATA
1;Norte;11;Rondonia;1101;MACRORREGIONAL II (CACOAL);11005;ZONA DA MATA;110029;Santa Luzia D'Oeste;7.419;ZONA DA MATA
1;Norte;11;Rondonia;1101;MACRORREGIONAL II (CACOAL);11005;ZONA DA MATA;110145;Parecis;4.125;ZONA DA MATA
1;Norte;11;Rondonia;1101;MACRORREGIONAL II (CACOAL);11005;ZONA DA MATA;110090;Castanheiras;3.233;ZONA DA MATA
1;Norte;11;Rondonia;1101;MACRORREGIONAL II (CACOAL);11006;CONE SUL;110030;Vilhena;95.832;CONE SUL
1;Norte;11;Rondonia;1101;MACRORREGIONAL II (CACOAL);11006;CONE SUL;110005;Cerejeiras;15.890;CONE SUL
1;Norte;11;Rondonia;1101;MACRORREGIONAL II (CACOAL);11006;CONE SUL;110006;Colorado do Oeste;15.663;CONE SUL
1;Norte;11;Rondonia;1101;MACRORREGIONAL II (CACOAL);11006;CONE SUL;110092;Chupinguaia;9.324;CONE SUL
1;Norte;11;Rondonia;1101;MACRORREGIONAL II (CACOAL);11006;CONE SUL;110007;Corumbiara;7.519;CONE SUL
1;Norte;11;Rondonia;1101;MACRORREGIONAL II (CACOAL);11006;CONE SUL;110003;Cabixi;5.351;CONE SUL
1;Norte;11;Rondonia;1101;MACRORREGIONAL II (CACOAL);11006;CONE SUL;110146;Pimenteiras do Oeste;2.156;CONE SUL
1;Norte;11;Rondonia;1101;MACRORREGIONAL II (CACOAL);11007;VALE DO GUAPORE;110149;Sao Francisco do Guapore;16.286;VALE DO GUAPORE
1;Norte;11;Rondonia;1101;MACRORREGIONAL II (CACOAL);11007;VALE DO GUAPORE;110008;Costa Marques;12.627;VALE DO GUAPORE
1;Norte;11;Rondonia;1101;MACRORREGIONAL II (CACOAL);11007;VALE DO GUAPORE;110150;Seringueiras;12.060;VALE DO GUAPORE
1;Norte;12;Acre;1201;MACRO UNICA - AC;12001;ALTO ACRE;120010;Brasileia;26.000;ALTO ACRE
1;Norte;12;Acre;1201;MACRO UNICA - AC;12001;ALTO ACRE;120025;Epitaciolandia;18.757;ALTO ACRE
1;Norte;12;Acre;1201;MACRO UNICA - AC;12001;ALTO ACRE;120070;Xapuri;18.243;ALTO ACRE
1;Norte;12;Acre;1201;MACRO UNICA - AC;12001;ALTO ACRE;120005;Assis Brasil;8.100;ALTO ACRE
1;Norte;12;Acre;1201;MACRO UNICA - AC;12002;BAIXO ACRE E PURUS;120040;Rio Branco;364.756;BAIXO ACRE E PURUS
1;Norte;12;Acre;1201;MACRO UNICA - AC;12002;BAIXO ACRE E PURUS;120050;Sena Madureira;41.343;BAIXO ACRE E PURUS
1;Norte;12;Acre;1201;MACRO UNICA - AC;12002;BAIXO ACRE E PURUS;120045;Senador Guiomard;21.454;BAIXO ACRE E PURUS
1;Norte;12;Acre;1201;MACRO UNICA - AC;12002;BAIXO ACRE E PURUS;120080;Porto Acre;16.693;BAIXO ACRE E PURUS
1;Norte;12;Acre;1201;MACRO UNICA - AC;12002;BAIXO ACRE E PURUS;120038;Placido de Castro;16.560;BAIXO ACRE E PURUS
1;Norte;12;Acre;1201;MACRO UNICA - AC;12002;BAIXO ACRE E PURUS;120001;Acrelandia;14.021;BAIXO ACRE E PURUS
1;Norte;12;Acre;1201;MACRO UNICA - AC;12002;BAIXO ACRE E PURUS;120013;Bujari;12.917;BAIXO ACRE E PURUS
1;Norte;12;Acre;1201;MACRO UNICA - AC;12002;BAIXO ACRE E PURUS;120034;Manoel Urbano;11.996;BAIXO ACRE E PURUS
1;Norte;12;Acre;1201;MACRO UNICA - AC;12002;BAIXO ACRE E PURUS;120017;Capixaba;10.392;BAIXO ACRE E PURUS
1;Norte;12;Acre;1201;MACRO UNICA - AC;12002;BAIXO ACRE E PURUS;120032;Jordao;9.222;BAIXO ACRE E PURUS
1;Norte;12;Acre;1201;MACRO UNICA - AC;12002;BAIXO ACRE E PURUS;120043;Santa Rosa do Purus;6.723;BAIXO ACRE E PURUS
1;Norte;12;Acre;1201;MACRO UNICA - AC;12003;JURUA E TARAUACA ENVIRA;120020;Cruzeiro do Sul;91.888;JURUA E TARAUACA ENVIRA
1;Norte;12;Acre;1201;MACRO UNICA - AC;12003;JURUA E TARAUACA ENVIRA;120060;Tarauaca;43.467;JURUA E TARAUACA ENVIRA
1;Norte;12;Acre;1201;MACRO UNICA - AC;12003;JURUA E TARAUACA ENVIRA;120030;Feijo;35.426;JURUA E TARAUACA ENVIRA
1;Norte;12;Acre;1201;MACRO UNICA - AC;12003;JURUA E TARAUACA ENVIRA;120033;Mancio Lima;19.294;JURUA E TARAUACA ENVIRA
1;Norte;12;Acre;1201;MACRO UNICA - AC;12003;JURUA E TARAUACA ENVIRA;120035;Marechal Thaumaturgo;17.093;JURUA E TARAUACA ENVIRA
1;Norte;12;Acre;1201;MACRO UNICA - AC;12003;JURUA E TARAUACA ENVIRA;120042;Rodrigues Alves;14.938;JURUA E TARAUACA ENVIRA
1;Norte;12;Acre;1201;MACRO UNICA - AC;12003;JURUA E TARAUACA ENVIRA;120039;Porto Walter;10.735;JURUA E TARAUACA ENVIRA
1;Norte;13;Amazonas;1304;CENTRAL;13001;MANAUS, ENTORNO E ALTO RIO NEGRO;130260;Manaus;2.063.689;MANAUS, ENTORNO E ALTO RIO NEGRO
1;Norte;13;Amazonas;1304;CENTRAL;13001;MANAUS, ENTORNO E ALTO RIO NEGRO;130185;Iranduba;61.163;MANAUS, ENTORNO E ALTO RIO NEGRO
1;Norte;13;Amazonas;1304;CENTRAL;13001;MANAUS, ENTORNO E ALTO RIO NEGRO;130380;Sao Gabriel da Cachoeira;51.795;MANAUS, ENTORNO E ALTO RIO NEGRO
1;Norte;13;Amazonas;1304;CENTRAL;13001;MANAUS, ENTORNO E ALTO RIO NEGRO;130030;Autazes;41.564;MANAUS, ENTORNO E ALTO RIO NEGRO
1;Norte;13;Amazonas;1304;CENTRAL;13001;MANAUS, ENTORNO E ALTO RIO NEGRO;130110;Careiro;30.792;MANAUS, ENTORNO E ALTO RIO NEGRO
1;Norte;13;Amazonas;1304;CENTRAL;13001;MANAUS, ENTORNO E ALTO RIO NEGRO;130353;Presidente Figueiredo;30.668;MANAUS, ENTORNO E ALTO RIO NEGRO
1;Norte;13;Amazonas;1304;CENTRAL;13001;MANAUS, ENTORNO E ALTO RIO NEGRO;130310;Nova Olinda do Norte;27.062;MANAUS, ENTORNO E ALTO RIO NEGRO
1;Norte;13;Amazonas;1304;CENTRAL;13001;MANAUS, ENTORNO E ALTO RIO NEGRO;130356;Rio Preto da Eva;24.936;MANAUS, ENTORNO E ALTO RIO NEGRO
1;Norte;13;Amazonas;1304;CENTRAL;13001;MANAUS, ENTORNO E ALTO RIO NEGRO;130115;Careiro da Varzea;19.637;MANAUS, ENTORNO E ALTO RIO NEGRO
1;Norte;13;Amazonas;1304;CENTRAL;13001;MANAUS, ENTORNO E ALTO RIO NEGRO;130040;Barcelos;18.834;MANAUS, ENTORNO E ALTO RIO NEGRO
1;Norte;13;Amazonas;1304;CENTRAL;13001;MANAUS, ENTORNO E ALTO RIO NEGRO;130255;Manaquiri;17.107;MANAUS, ENTORNO E ALTO RIO NEGRO
1;Norte;13;Amazonas;1304;CENTRAL;13001;MANAUS, ENTORNO E ALTO RIO NEGRO;130360;Santa Isabel do Rio Negro;14.164;MANAUS, ENTORNO E ALTO RIO NEGRO
1;Norte;13;Amazonas;1304;CENTRAL;13002;RIO NEGRO E SOLIMOES;130250;Manacapuru;101.883;RIO NEGRO E SOLIMOES
1;Norte;13;Amazonas;1304;CENTRAL;13002;RIO NEGRO E SOLIMOES;130120;Coari;70.616;RIO NEGRO E SOLIMOES
1;Norte;13;Amazonas;1304;CENTRAL;13002;RIO NEGRO E SOLIMOES;130130;Codajas;23.549;RIO NEGRO E SOLIMOES
1;Norte;13;Amazonas;1304;CENTRAL;13002;RIO NEGRO E SOLIMOES;130063;Beruri;20.718;RIO NEGRO E SOLIMOES
1;Norte;13;Amazonas;1304;CENTRAL;13002;RIO NEGRO E SOLIMOES;130010;Anori;17.194;RIO NEGRO E SOLIMOES
1;Norte;13;Amazonas;1304;CENTRAL;13002;RIO NEGRO E SOLIMOES;130320;Novo Airao;15.761;RIO NEGRO E SOLIMOES
1;Norte;13;Amazonas;1304;CENTRAL;13002;RIO NEGRO E SOLIMOES;130083;Caapiranga;13.469;RIO NEGRO E SOLIMOES
1;Norte;13;Amazonas;1304;CENTRAL;13002;RIO NEGRO E SOLIMOES;130008;Anama;9.962;RIO NEGRO E SOLIMOES
1;Norte;13;Amazonas;1303;LESTE;13003;RIO MADEIRA;130170;Humaita;57.473;RIO MADEIRA
1;Norte;13;Amazonas;1303;LESTE;13003;RIO MADEIRA;130270;Manicore;53.914;RIO MADEIRA
1;Norte;13;Amazonas;1303;LESTE;13003;RIO MADEIRA;130080;Borba;33.080;RIO MADEIRA
1;Norte;13;Amazonas;1303;LESTE;13003;RIO MADEIRA;130330;Novo Aripuana;23.818;RIO MADEIRA
1;Norte;13;Amazonas;1303;LESTE;13003;RIO MADEIRA;130014;Apui;20.647;RIO MADEIRA
1;Norte;13;Amazonas;1303;LESTE;13004;MEDIO AMAZONAS;130190;Itacoatiara;103.598;MEDIO AMAZONAS
1;Norte;13;Amazonas;1303;LESTE;13004;MEDIO AMAZONAS;130440;Urucurituba;23.945;MEDIO AMAZONAS
1;Norte;13;Amazonas;1303;LESTE;13004;MEDIO AMAZONAS;130430;Urucara;18.631;MEDIO AMAZONAS
1;Norte;13;Amazonas;1303;LESTE;13004;MEDIO AMAZONAS;130395;Sao Sebastiao do Uatuma;11.670;MEDIO AMAZONAS
1;Norte;13;Amazonas;1303;LESTE;13004;MEDIO AMAZONAS;130400;Silves;11.559;MEDIO AMAZONAS
1;Norte;13;Amazonas;1303;LESTE;13004;MEDIO AMAZONAS;130200;Itapiranga;10.162;MEDIO AMAZONAS
1;Norte;13;Amazonas;1303;LESTE;13005;BAIXO AMAZONAS;130340;Parintins;96.372;BAIXO AMAZONAS
1;Norte;13;Amazonas;1303;LESTE;13005;BAIXO AMAZONAS;130290;Maues;61.204;BAIXO AMAZONAS
1;Norte;13;Amazonas;1303;LESTE;13005;BAIXO AMAZONAS;130050;Barreirinha;31.051;BAIXO AMAZONAS
1;Norte;13;Amazonas;1303;LESTE;13005;BAIXO AMAZONAS;130068;Boa Vista do Ramos;23.785;BAIXO AMAZONAS
1;Norte;13;Amazonas;1303;LESTE;13005;BAIXO AMAZONAS;130300;Nhamunda;20.136;BAIXO AMAZONAS
1;Norte;13;Amazonas;1304;CENTRAL;13006;REGIONAL PURUS;130240;Labrea;45.448;REGIONAL PURUS
1;Norte;13;Amazonas;1304;CENTRAL;13006;REGIONAL PURUS;130070;Boca do Acre;35.447;REGIONAL PURUS
1;Norte;13;Amazonas;1304;CENTRAL;13006;REGIONAL PURUS;130410;Tapaua;19.599;REGIONAL PURUS
1;Norte;13;Amazonas;1304;CENTRAL;13006;REGIONAL PURUS;130350;Pauini;19.373;REGIONAL PURUS
1;Norte;13;Amazonas;1304;CENTRAL;13006;REGIONAL PURUS;130090;Canutama;16.869;REGIONAL PURUS
1;Norte;13;Amazonas;1302;OESTE;13007;REGIONAL JURUA;130140;Eirunepe;33.170;REGIONAL JURUA
1;Norte;13;Amazonas;1302;OESTE;13007;REGIONAL JURUA;130100;Carauari;28.742;REGIONAL JURUA
1;Norte;13;Amazonas;1302;OESTE;13007;REGIONAL JURUA;130180;Ipixuna;24.311;REGIONAL JURUA
1;Norte;13;Amazonas;1302;OESTE;13007;REGIONAL JURUA;130150;Envira;17.186;REGIONAL JURUA
1;Norte;13;Amazonas;1302;OESTE;13007;REGIONAL JURUA;130165;Guajara;13.815;REGIONAL JURUA
1;Norte;13;Amazonas;1302;OESTE;13007;REGIONAL JURUA;130195;Itamarati;10.937;REGIONAL JURUA
1;Norte;13;Amazonas;1302;OESTE;13008;TRIANGULO;130420;Tefe;73.669;TRIANGULO
1;Norte;13;Amazonas;1302;OESTE;13008;TRIANGULO;130002;Alvaraes;15.866;TRIANGULO
1;Norte;13;Amazonas;1302;OESTE;13008;TRIANGULO;130280;Maraa;15.529;TRIANGULO
1;Norte;13;Amazonas;1302;OESTE;13008;TRIANGULO;130426;Uarini;14.431;TRIANGULO
1;Norte;13;Amazonas;1302;OESTE;13008;TRIANGULO;130220;Jurua;10.742;TRIANGULO
1;Norte;13;Amazonas;1302;OESTE;13008;TRIANGULO;130210;Japura;8.858;TRIANGULO
1;Norte;13;Amazonas;1302;OESTE;13009;ALTO SOLIMOES;130406;Tabatinga;66.764;ALTO SOLIMOES
1;Norte;13;Amazonas;1302;OESTE;13009;ALTO SOLIMOES;130060;Benjamin Constant;37.648;ALTO SOLIMOES
1;Norte;13;Amazonas;1302;OESTE;13009;ALTO SOLIMOES;130390;Sao Paulo de Olivenca;32.967;ALTO SOLIMOES
1;Norte;13;Amazonas;1302;OESTE;13009;ALTO SOLIMOES;130370;Santo Antonio do Ica;28.211;ALTO SOLIMOES
1;Norte;13;Amazonas;1302;OESTE;13009;ALTO SOLIMOES;130160;Fonte Boa;25.871;ALTO SOLIMOES
1;Norte;13;Amazonas;1302;OESTE;13009;ALTO SOLIMOES;130230;Jutai;25.172;ALTO SOLIMOES
1;Norte;13;Amazonas;1302;OESTE;13009;ALTO SOLIMOES;130423;Tonantins;19.247;ALTO SOLIMOES
1;Norte;13;Amazonas;1302;OESTE;13009;ALTO SOLIMOES;130020;Atalaia do Norte;15.314;ALTO SOLIMOES
1;Norte;13;Amazonas;1302;OESTE;13009;ALTO SOLIMOES;130006;Amatura;10.819;ALTO SOLIMOES
1;Norte;14;Roraima;1401;MACRO-RORAIMA;14001;CENTRO NORTE;140010;Boa Vista;413.486;CENTRO NORTE
1;Norte;14;Roraima;1401;MACRO-RORAIMA;14001;CENTRO NORTE;140005;Alto Alegre;21.096;CENTRO NORTE
1;Norte;14;Roraima;1401;MACRO-RORAIMA;14001;CENTRO NORTE;140045;Pacaraima;19.305;CENTRO NORTE
1;Norte;14;Roraima;1401;MACRO-RORAIMA;14001;CENTRO NORTE;140017;Canta;18.682;CENTRO NORTE
1;Norte;14;Roraima;1401;MACRO-RORAIMA;14001;CENTRO NORTE;140030;Mucajai;18.095;CENTRO NORTE
1;Norte;14;Roraima;1401;MACRO-RORAIMA;14001;CENTRO NORTE;140040;Normandia;13.986;CENTRO NORTE
1;Norte;14;Roraima;1401;MACRO-RORAIMA;14001;CENTRO NORTE;140002;Amajari;13.927;CENTRO NORTE
1;Norte;14;Roraima;1401;MACRO-RORAIMA;14001;CENTRO NORTE;140015;Bonfim;13.923;CENTRO NORTE
1;Norte;14;Roraima;1401;MACRO-RORAIMA;14001;CENTRO NORTE;140070;Uiramuta;13.751;CENTRO NORTE
1;Norte;14;Roraima;1401;MACRO-RORAIMA;14002;SUL;140047;Rorainopolis;32.647;SUL
1;Norte;14;Roraima;1401;MACRO-RORAIMA;14002;SUL;140020;Caracarai;20.957;SUL
1;Norte;14;Roraima;1401;MACRO-RORAIMA;14002;SUL;140023;Caroebe;10.656;SUL
1;Norte;14;Roraima;1401;MACRO-RORAIMA;14002;SUL;140028;Iracema;10.023;SUL
1;Norte;14;Roraima;1401;MACRO-RORAIMA;14002;SUL;140050;Sao Joao da Baliza;8.858;SUL
1;Norte;14;Roraima;1401;MACRO-RORAIMA;14002;SUL;140060;Sao Luiz;7.315;SUL
1;Norte;15;Para;1509;MACRORREGIONAL IV;15001;ARAGUAIA;150613;Redencao;85.597;ARAGUAIA
1;Norte;15;Para;1509;MACRORREGIONAL IV;15001;ARAGUAIA;150730;Sao Felix do Xingu;65.418;ARAGUAIA
1;Norte;15;Para;1509;MACRORREGIONAL IV;15001;ARAGUAIA;150840;Xinguara;52.893;ARAGUAIA
1;Norte;15;Para;1509;MACRORREGIONAL IV;15001;ARAGUAIA;150270;Conceicao do Araguaia;44.617;ARAGUAIA
1;Norte;15;Para;1509;MACRORREGIONAL IV;15001;ARAGUAIA;150808;Tucuma;39.550;ARAGUAIA
1;Norte;15;Para;1509;MACRORREGIONAL IV;15001;ARAGUAIA;150543;Ourilandia do Norte;32.467;ARAGUAIA
1;Norte;15;Para;1509;MACRORREGIONAL IV;15001;ARAGUAIA;150670;Santana do Araguaia;32.413;ARAGUAIA
1;Norte;15;Para;1509;MACRORREGIONAL IV;15001;ARAGUAIA;150616;Rio Maria;18.384;ARAGUAIA
1;Norte;15;Para;1509;MACRORREGIONAL IV;15001;ARAGUAIA;150034;Agua Azul do Norte;18.080;ARAGUAIA
1;Norte;15;Para;1509;MACRORREGIONAL IV;15001;ARAGUAIA;150304;Floresta do Araguaia;17.898;ARAGUAIA
1;Norte;15;Para;1509;MACRORREGIONAL IV;15001;ARAGUAIA;150658;Santa Maria das Barreiras;16.548;ARAGUAIA
1;Norte;15;Para;1509;MACRORREGIONAL IV;15001;ARAGUAIA;150276;Cumaru do Norte;14.036;ARAGUAIA
1;Norte;15;Para;1509;MACRORREGIONAL IV;15001;ARAGUAIA;150555;Pau D'Arco;6.931;ARAGUAIA
1;Norte;15;Para;1509;MACRORREGIONAL IV;15001;ARAGUAIA;150775;Sapucaia;5.847;ARAGUAIA
1;Norte;15;Para;1509;MACRORREGIONAL IV;15001;ARAGUAIA;150125;Bannach;4.031;ARAGUAIA
1;Norte;15;Para;1510;MACRORREGIONAL III;15002;BAIXO AMAZONAS;150680;Santarem;331.942;BAIXO AMAZONAS
1;Norte;15;Para;1510;MACRORREGIONAL III;15002;BAIXO AMAZONAS;150040;Alenquer;69.377;BAIXO AMAZONAS
1;Norte;15;Para;1510;MACRORREGIONAL III;15002;BAIXO AMAZONAS;150530;Oriximina;68.294;BAIXO AMAZONAS
1;Norte;15;Para;1510;MACRORREGIONAL III;15002;BAIXO AMAZONAS;150480;Monte Alegre;60.012;BAIXO AMAZONAS
1;Norte;15;Para;1510;MACRORREGIONAL III;15002;BAIXO AMAZONAS;150510;Obidos;52.229;BAIXO AMAZONAS
1;Norte;15;Para;1510;MACRORREGIONAL III;15002;BAIXO AMAZONAS;150390;Juruti;50.881;BAIXO AMAZONAS
1;Norte;15;Para;1510;MACRORREGIONAL III;15002;BAIXO AMAZONAS;150600;Prainha;35.577;BAIXO AMAZONAS
1;Norte;15;Para;1510;MACRORREGIONAL III;15002;BAIXO AMAZONAS;150050;Almeirim;34.280;BAIXO AMAZONAS
1;Norte;15;Para;1510;MACRORREGIONAL III;15002;BAIXO AMAZONAS;150475;Mojui dos Campos;23.501;BAIXO AMAZONAS
1;Norte;15;Para;1510;MACRORREGIONAL III;15002;BAIXO AMAZONAS;150797;Terra Santa;18.782;BAIXO AMAZONAS
1;Norte;15;Para;1510;MACRORREGIONAL III;15002;BAIXO AMAZONAS;150565;Placas;18.668;BAIXO AMAZONAS
1;Norte;15;Para;1510;MACRORREGIONAL III;15002;BAIXO AMAZONAS;150145;Belterra;18.099;BAIXO AMAZONAS
1;Norte;15;Para;1510;MACRORREGIONAL III;15002;BAIXO AMAZONAS;150285;Curua;14.117;BAIXO AMAZONAS
1;Norte;15;Para;1510;MACRORREGIONAL III;15002;BAIXO AMAZONAS;150300;Faro;8.728;BAIXO AMAZONAS
1;Norte;15;Para;1509;MACRORREGIONAL IV;15003;CARAJAS;150553;Parauapebas;267.836;CARAJAS
1;Norte;15;Para;1509;MACRORREGIONAL IV;15003;CARAJAS;150420;Maraba;266.533;CARAJAS
1;Norte;15;Para;1509;MACRORREGIONAL IV;15003;CARAJAS;150215;Canaa dos Carajas;77.079;CARAJAS
1;Norte;15;Para;1509;MACRORREGIONAL IV;15003;CARAJAS;150293;Dom Eliseu;58.484;CARAJAS
1;Norte;15;Para;1509;MACRORREGIONAL IV;15003;CARAJAS;150618;Rondon do Para;53.143;CARAJAS
1;Norte;15;Para;1509;MACRORREGIONAL IV;15003;CARAJAS;150370;Itupiranga;49.754;CARAJAS
1;Norte;15;Para;1509;MACRORREGIONAL IV;15003;CARAJAS;150295;Eldorado do Carajas;28.192;CARAJAS
1;Norte;15;Para;1509;MACRORREGIONAL IV;15003;CARAJAS;150745;Sao Geraldo do Araguaia;24.255;CARAJAS
1;Norte;15;Para;1509;MACRORREGIONAL IV;15003;CARAJAS;150715;Sao Domingos do Araguaia;21.092;CARAJAS
1;Norte;15;Para;1509;MACRORREGIONAL IV;15003;CARAJAS;150277;Curionopolis;19.950;CARAJAS
1;Norte;15;Para;1509;MACRORREGIONAL IV;15003;CARAJAS;150157;Bom Jesus do Tocantins;18.005;CARAJAS
1;Norte;15;Para;1509;MACRORREGIONAL IV;15003;CARAJAS;150497;Nova Ipixuna;13.955;CARAJAS
1;Norte;15;Para;1509;MACRORREGIONAL IV;15003;CARAJAS;150750;Sao Joao do Araguaia;13.664;CARAJAS
1;Norte;15;Para;1509;MACRORREGIONAL IV;15003;CARAJAS;150563;Picarra;12.832;CARAJAS
1;Norte;15;Para;1509;MACRORREGIONAL IV;15003;CARAJAS;150013;Abel Figueiredo;7.030;CARAJAS
1;Norte;15;Para;1509;MACRORREGIONAL IV;15003;CARAJAS;150549;Palestina do Para;6.885;CARAJAS
1;Norte;15;Para;1509;MACRORREGIONAL IV;15003;CARAJAS;150175;Brejo Grande do Araguaia;6.783;CARAJAS
1;Norte;15;Para;1509;MACRORREGIONAL IV;15004;LAGO DE TUCURUI;150810;Tucurui;91.306;LAGO DE TUCURUI
1;Norte;15;Para;1509;MACRORREGIONAL IV;15004;LAGO DE TUCURUI;150506;Novo Repartimento;60.732;LAGO DE TUCURUI
1;Norte;15;Para;1509;MACRORREGIONAL IV;15004;LAGO DE TUCURUI;150178;Breu Branco;45.712;LAGO DE TUCURUI
1;Norte;15;Para;1509;MACRORREGIONAL IV;15004;LAGO DE TUCURUI;150380;Jacunda;37.707;LAGO DE TUCURUI
1;Norte;15;Para;1509;MACRORREGIONAL IV;15004;LAGO DE TUCURUI;150309;Goianesia do Para;26.362;LAGO DE TUCURUI
1;Norte;15;Para;1512;MACRORREGIONAL I;15006;METROPOLITANA I;150140;Belem;1.303.403;METROPOLITANA I
1;Norte;15;Para;1512;MACRORREGIONAL I;15006;METROPOLITANA I;150080;Ananindeua;478.778;METROPOLITANA I
1;Norte;15;Para;1512;MACRORREGIONAL I;15006;METROPOLITANA I;150442;Marituba;111.785;METROPOLITANA I
1;Norte;15;Para;1512;MACRORREGIONAL I;15006;METROPOLITANA I;150150;Benevides;63.567;METROPOLITANA I
1;Norte;15;Para;1512;MACRORREGIONAL I;15006;METROPOLITANA I;150635;Santa Barbara do Para;21.087;METROPOLITANA I
1;Norte;15;Para;1511;MACRORREGIONAL II;15007;METROPOLITANA II;150650;Santa Izabel do Para;73.019;METROPOLITANA II
1;Norte;15;Para;1511;MACRORREGIONAL II;15007;METROPOLITANA II;150800;Tome-Acu;67.585;METROPOLITANA II
1;Norte;15;Para;1511;MACRORREGIONAL II;15007;METROPOLITANA II;150020;Acara;59.023;METROPOLITANA II
1;Norte;15;Para;1511;MACRORREGIONAL II;15007;METROPOLITANA II;150820;Vigia;50.832;METROPOLITANA II
1;Norte;15;Para;1511;MACRORREGIONAL II;15007;METROPOLITANA II;150700;Santo Antonio do Taua;27.461;METROPOLITANA II
1;Norte;15;Para;1511;MACRORREGIONAL II;15007;METROPOLITANA II;150275;Concordia do Para;26.881;METROPOLITANA II
1;Norte;15;Para;1511;MACRORREGIONAL II;15007;METROPOLITANA II;150190;Bujaru;24.383;METROPOLITANA II
1;Norte;15;Para;1511;MACRORREGIONAL II;15007;METROPOLITANA II;150710;Sao Caetano de Odivelas;16.666;METROPOLITANA II
1;Norte;15;Para;1511;MACRORREGIONAL II;15007;METROPOLITANA II;150260;Colares;12.868;METROPOLITANA II
1;Norte;15;Para;1511;MACRORREGIONAL II;15008;METROPOLITANA III;150240;Castanhal;192.256;METROPOLITANA III
1;Norte;15;Para;1511;MACRORREGIONAL II;15008;METROPOLITANA III;150550;Paragominas;105.550;METROPOLITANA III
1;Norte;15;Para;1511;MACRORREGIONAL II;15008;METROPOLITANA III;150230;Capitao Poco;56.506;METROPOLITANA III
1;Norte;15;Para;1511;MACRORREGIONAL II;15008;METROPOLITANA III;150760;Sao Miguel do Guama;52.894;METROPOLITANA III
1;Norte;15;Para;1511;MACRORREGIONAL II;15008;METROPOLITANA III;150290;Curuca;41.262;METROPOLITANA III
1;Norte;15;Para;1511;MACRORREGIONAL II;15008;METROPOLITANA III;150812;Ulianopolis;37.972;METROPOLITANA III
1;Norte;15;Para;1511;MACRORREGIONAL II;15008;METROPOLITANA III;150320;Igarape-Acu;35.797;METROPOLITANA III
1;Norte;15;Para;1511;MACRORREGIONAL II;15008;METROPOLITANA III;150405;Mae do Rio;34.353;METROPOLITANA III
1;Norte;15;Para;1511;MACRORREGIONAL II;15008;METROPOLITANA III;150350;Irituia;30.955;METROPOLITANA III
1;Norte;15;Para;1511;MACRORREGIONAL II;15008;METROPOLITANA III;150720;Sao Domingos do Capim;30.599;METROPOLITANA III
1;Norte;15;Para;1511;MACRORREGIONAL II;15008;METROPOLITANA III;150345;Ipixuna do Para;30.329;METROPOLITANA III
1;Norte;15;Para;1511;MACRORREGIONAL II;15008;METROPOLITANA III;150440;Marapanim;26.573;METROPOLITANA III
1;Norte;15;Para;1511;MACRORREGIONAL II;15008;METROPOLITANA III;150430;Maracana;25.971;METROPOLITANA III
1;Norte;15;Para;1511;MACRORREGIONAL II;15008;METROPOLITANA III;150307;Garrafao do Norte;24.703;METROPOLITANA III
1;Norte;15;Para;1511;MACRORREGIONAL II;15008;METROPOLITANA III;150660;Santa Maria do Para;24.624;METROPOLITANA III
1;Norte;15;Para;1511;MACRORREGIONAL II;15008;METROPOLITANA III;150095;Aurora do Para;23.774;METROPOLITANA III
1;Norte;15;Para;1511;MACRORREGIONAL II;15008;METROPOLITANA III;150495;Nova Esperanca do Piria;20.478;METROPOLITANA III
1;Norte;15;Para;1511;MACRORREGIONAL II;15008;METROPOLITANA III;150740;Sao Francisco do Para;14.894;METROPOLITANA III
1;Norte;15;Para;1511;MACRORREGIONAL II;15008;METROPOLITANA III;150796;Terra Alta;10.400;METROPOLITANA III
1;Norte;15;Para;1511;MACRORREGIONAL II;15008;METROPOLITANA III;150340;Inhangapi;10.325;METROPOLITANA III
1;Norte;15;Para;1511;MACRORREGIONAL II;15008;METROPOLITANA III;150410;Magalhaes Barata;8.115;METROPOLITANA III
1;Norte;15;Para;1511;MACRORREGIONAL II;15008;METROPOLITANA III;150746;Sao Joao da Ponta;4.430;METROPOLITANA III
1;Norte;15;Para;1511;MACRORREGIONAL II;15009;RIO CAETES;150170;Braganca;123.082;RIO CAETES
1;Norte;15;Para;1511;MACRORREGIONAL II;15009;RIO CAETES;150220;Capanema;70.394;RIO CAETES
1;Norte;15;Para;1511;MACRORREGIONAL II;15009;RIO CAETES;150830;Viseu;58.692;RIO CAETES
1;Norte;15;Para;1511;MACRORREGIONAL II;15009;RIO CAETES;150620;Salinopolis;44.772;RIO CAETES
1;Norte;15;Para;1511;MACRORREGIONAL II;15009;RIO CAETES;150090;Augusto Correa;44.573;RIO CAETES
1;Norte;15;Para;1511;MACRORREGIONAL II;15009;RIO CAETES;150803;Tracuateua;28.595;RIO CAETES
1;Norte;15;Para;1511;MACRORREGIONAL II;15009;RIO CAETES;150747;Sao Joao de Pirabas;20.689;RIO CAETES
1;Norte;15;Para;1511;MACRORREGIONAL II;15009;RIO CAETES;150655;Santa Luzia do Para;20.370;RIO CAETES
1;Norte;15;Para;1511;MACRORREGIONAL II;15009;RIO CAETES;150195;Cachoeira do Piria;19.630;RIO CAETES
1;Norte;15;Para;1511;MACRORREGIONAL II;15009;RIO CAETES;150540;Ourem;17.855;RIO CAETES
1;Norte;15;Para;1511;MACRORREGIONAL II;15009;RIO CAETES;150500;Nova Timboteua;12.806;RIO CAETES
1;Norte;15;Para;1511;MACRORREGIONAL II;15009;RIO CAETES;150160;Bonito;12.622;RIO CAETES
1;Norte;15;Para;1511;MACRORREGIONAL II;15009;RIO CAETES;150611;Quatipuru;11.524;RIO CAETES
1;Norte;15;Para;1511;MACRORREGIONAL II;15009;RIO CAETES;150610;Primavera;10.851;RIO CAETES
1;Norte;15;Para;1511;MACRORREGIONAL II;15009;RIO CAETES;150560;Peixe-Boi;8.285;RIO CAETES
1;Norte;15;Para;1511;MACRORREGIONAL II;15009;RIO CAETES;150690;Santarem Novo;6.116;RIO CAETES
1;Norte;15;Para;1510;MACRORREGIONAL III;15010;TAPAJOS;150360;Itaituba;123.314;TAPAJOS
1;Norte;15;Para;1510;MACRORREGIONAL III;15010;TAPAJOS;150619;Ruropolis;35.769;TAPAJOS
1;Norte;15;Para;1510;MACRORREGIONAL III;15010;TAPAJOS;150503;Novo Progresso;33.638;TAPAJOS
1;Norte;15;Para;1510;MACRORREGIONAL III;15010;TAPAJOS;150375;Jacareacanga;24.042;TAPAJOS
1;Norte;15;Para;1510;MACRORREGIONAL III;15010;TAPAJOS;150100;Aveiro;18.290;TAPAJOS
1;Norte;15;Para;1510;MACRORREGIONAL III;15010;TAPAJOS;150805;Trairao;15.242;TAPAJOS
1;Norte;15;Para;1512;MACRORREGIONAL I;15011;TOCANTINS;150010;Abaetetuba;158.188;TOCANTINS
1;Norte;15;Para;1512;MACRORREGIONAL I;15011;TOCANTINS;150210;Cameta;134.184;TOCANTINS
1;Norte;15;Para;1512;MACRORREGIONAL I;15011;TOCANTINS;150130;Barcarena;126.650;TOCANTINS
1;Norte;15;Para;1512;MACRORREGIONAL I;15011;TOCANTINS;150470;Moju;84.094;TOCANTINS
1;Norte;15;Para;1512;MACRORREGIONAL I;15011;TOCANTINS;150795;Tailandia;72.493;TOCANTINS
1;Norte;15;Para;1512;MACRORREGIONAL I;15011;TOCANTINS;150330;Igarape-Miri;64.831;TOCANTINS
1;Norte;15;Para;1512;MACRORREGIONAL I;15011;TOCANTINS;150120;Baiao;51.641;TOCANTINS
1;Norte;15;Para;1512;MACRORREGIONAL I;15011;TOCANTINS;150520;Oeiras do Para;33.844;TOCANTINS
1;Norte;15;Para;1512;MACRORREGIONAL I;15011;TOCANTINS;150400;Limoeiro do Ajuru;29.569;TOCANTINS
1;Norte;15;Para;1512;MACRORREGIONAL I;15011;TOCANTINS;150460;Mocajuba;27.198;TOCANTINS
1;Norte;15;Para;1510;MACRORREGIONAL III;15012;XINGU;150060;Altamira;126.279;XINGU
1;Norte;15;Para;1510;MACRORREGIONAL III;15012;XINGU;150815;Uruara;43.558;XINGU
1;Norte;15;Para;1510;MACRORREGIONAL III;15012;XINGU;150548;Pacaja;41.097;XINGU
1;Norte;15;Para;1510;MACRORREGIONAL III;15012;XINGU;150590;Porto de Moz;40.597;XINGU
1;Norte;15;Para;1510;MACRORREGIONAL III;15012;XINGU;150085;Anapu;31.850;XINGU
1;Norte;15;Para;1510;MACRORREGIONAL III;15012;XINGU;150445;Medicilandia;27.094;XINGU
1;Norte;15;Para;1510;MACRORREGIONAL III;15012;XINGU;150172;Brasil Novo;24.718;XINGU
1;Norte;15;Para;1510;MACRORREGIONAL III;15012;XINGU;150780;Senador Jose Porfirio;22.576;XINGU
1;Norte;15;Para;1510;MACRORREGIONAL III;15012;XINGU;150835;Vitoria do Xingu;15.607;XINGU
1;Norte;15;Para;1512;MACRORREGIONAL I;15013;MARAJO I;150490;Muana;45.368;MARAJO I
1;Norte;15;Para;1512;MACRORREGIONAL I;15013;MARAJO I;150030;Afua;37.765;MARAJO I
1;Norte;15;Para;1512;MACRORREGIONAL I;15013;MARAJO I;150770;Sao Sebastiao da Boa Vista;25.643;MARAJO I
1;Norte;15;Para;1512;MACRORREGIONAL I;15013;MARAJO I;150570;Ponta de Pedras;24.984;MARAJO I
1;Norte;15;Para;1512;MACRORREGIONAL I;15013;MARAJO I;150790;Soure;24.204;MARAJO I
1;Norte;15;Para;1512;MACRORREGIONAL I;15013;MARAJO I;150630;Salvaterra;24.129;MARAJO I
1;Norte;15;Para;1512;MACRORREGIONAL I;15013;MARAJO I;150200;Cachoeira do Arari;23.981;MARAJO I
1;Norte;15;Para;1512;MACRORREGIONAL I;15013;MARAJO I;150250;Chaves;20.757;MARAJO I
1;Norte;15;Para;1512;MACRORREGIONAL I;15013;MARAJO I;150640;Santa Cruz do Arari;7.445;MARAJO I
1;Norte;15;Para;1512;MACRORREGIONAL I;15014;MARAJO II;150180;Breves;106.968;MARAJO II
1;Norte;15;Para;1512;MACRORREGIONAL I;15014;MARAJO II;150580;Portel;62.503;MARAJO II
1;Norte;15;Para;1512;MACRORREGIONAL I;15014;MARAJO II;150280;Curralinho;33.903;MARAJO II
1;Norte;15;Para;1512;MACRORREGIONAL I;15014;MARAJO II;150110;Bagre;31.892;MARAJO II
1;Norte;15;Para;1512;MACRORREGIONAL I;15014;MARAJO II;150310;Gurupa;31.786;MARAJO II
1;Norte;15;Para;1512;MACRORREGIONAL I;15014;MARAJO II;150070;Anajas;28.011;MARAJO II
1;Norte;15;Para;1512;MACRORREGIONAL I;15014;MARAJO II;150450;Melgaco;27.881;MARAJO II
1;Norte;16;Amapa;1601;MACRO UNICA - AP;16001;AREA CENTRAL;160030;Macapa;442.933;AREA CENTRAL
1;Norte;16;Amapa;1601;MACRO UNICA - AP;16001;AREA CENTRAL;160053;Porto Grande;17.848;AREA CENTRAL
1;Norte;16;Amapa;1601;MACRO UNICA - AP;16001;AREA CENTRAL;160015;Pedra Branca do Amapari;12.847;AREA CENTRAL
1;Norte;16;Amapa;1601;MACRO UNICA - AP;16001;AREA CENTRAL;160023;Ferreira Gomes;6.666;AREA CENTRAL
1;Norte;16;Amapa;1601;MACRO UNICA - AP;16001;AREA CENTRAL;160025;Itaubal;5.599;AREA CENTRAL
1;Norte;16;Amapa;1601;MACRO UNICA - AP;16001;AREA CENTRAL;160005;Serra do Navio;4.673;AREA CENTRAL
1;Norte;16;Amapa;1601;MACRO UNICA - AP;16001;AREA CENTRAL;160021;Cutias;4.461;AREA CENTRAL
1;Norte;16;Amapa;1601;MACRO UNICA - AP;16002;AREA NORTE;160050;Oiapoque;27.482;AREA NORTE
1;Norte;16;Amapa;1601;MACRO UNICA - AP;16002;AREA NORTE;160070;Tartarugalzinho;12.945;AREA NORTE
1;Norte;16;Amapa;1601;MACRO UNICA - AP;16002;AREA NORTE;160020;Calcoene;10.612;AREA NORTE
1;Norte;16;Amapa;1601;MACRO UNICA - AP;16002;AREA NORTE;160010;Amapa;7.943;AREA NORTE
1;Norte;16;Amapa;1601;MACRO UNICA - AP;16002;AREA NORTE;160055;Pracuuba;3.803;AREA NORTE
1;Norte;16;Amapa;1601;MACRO UNICA - AP;16003;AREA SUDOESTE;160060;Santana;107.618;AREA SUDOESTE
1;Norte;16;Amapa;1601;MACRO UNICA - AP;16003;AREA SUDOESTE;160027;Laranjal do Jari;35.114;AREA SUDOESTE
1;Norte;16;Amapa;1601;MACRO UNICA - AP;16003;AREA SUDOESTE;160040;Mazagao;21.924;AREA SUDOESTE
1;Norte;16;Amapa;1601;MACRO UNICA - AP;16003;AREA SUDOESTE;160080;Vitoria do Jari;11.291;AREA SUDOESTE
1;Norte;17;Tocantins;1701;MACRORREGIAO DE SAUDE NORTE;17001;MEDIO NORTE ARAGUAIA;170210;Araguaina;171.301;MEDIO NORTE ARAGUAIA
1;Norte;17;Tocantins;1701;MACRORREGIAO DE SAUDE NORTE;17001;MEDIO NORTE ARAGUAIA;170900;Goiatins;12.433;MEDIO NORTE ARAGUAIA
1;Norte;17;Tocantins;1701;MACRORREGIAO DE SAUDE NORTE;17001;MEDIO NORTE ARAGUAIA;172208;Wanderlandia;10.522;MEDIO NORTE ARAGUAIA
1;Norte;17;Tocantins;1701;MACRORREGIAO DE SAUDE NORTE;17001;MEDIO NORTE ARAGUAIA;172210;Xambioa;10.517;MEDIO NORTE ARAGUAIA
1;Norte;17;Tocantins;1701;MACRORREGIAO DE SAUDE NORTE;17001;MEDIO NORTE ARAGUAIA;171488;Nova Olinda;10.367;MEDIO NORTE ARAGUAIA
1;Norte;17;Tocantins;1701;MACRORREGIAO DE SAUDE NORTE;17001;MEDIO NORTE ARAGUAIA;170384;Campos Lindos;8.653;MEDIO NORTE ARAGUAIA
1;Norte;17;Tocantins;1701;MACRORREGIAO DE SAUDE NORTE;17001;MEDIO NORTE ARAGUAIA;170300;Babaculandia;7.880;MEDIO NORTE ARAGUAIA
1;Norte;17;Tocantins;1701;MACRORREGIAO DE SAUDE NORTE;17001;MEDIO NORTE ARAGUAIA;170770;Filadelfia;7.712;MEDIO NORTE ARAGUAIA
1;Norte;17;Tocantins;1701;MACRORREGIAO DE SAUDE NORTE;17001;MEDIO NORTE ARAGUAIA;171886;Santa Fe do Araguaia;7.216;MEDIO NORTE ARAGUAIA
1;Norte;17;Tocantins;1701;MACRORREGIAO DE SAUDE NORTE;17001;MEDIO NORTE ARAGUAIA;170650;Darcinopolis;5.827;MEDIO NORTE ARAGUAIA
1;Norte;17;Tocantins;1701;MACRORREGIAO DE SAUDE NORTE;17001;MEDIO NORTE ARAGUAIA;170130;Aragominas;5.290;MEDIO NORTE ARAGUAIA
1;Norte;17;Tocantins;1701;MACRORREGIAO DE SAUDE NORTE;17001;MEDIO NORTE ARAGUAIA;170307;Barra do Ouro;4.476;MEDIO NORTE ARAGUAIA
1;Norte;17;Tocantins;1701;MACRORREGIAO DE SAUDE NORTE;17001;MEDIO NORTE ARAGUAIA;170215;Araguana;4.310;MEDIO NORTE ARAGUAIA
1;Norte;17;Tocantins;1701;MACRORREGIAO DE SAUDE NORTE;17001;MEDIO NORTE ARAGUAIA;171630;Pau D'Arco;4.043;MEDIO NORTE ARAGUAIA
1;Norte;17;Tocantins;1701;MACRORREGIAO DE SAUDE NORTE;17001;MEDIO NORTE ARAGUAIA;171395;Muricilandia;3.367;MEDIO NORTE ARAGUAIA
1;Norte;17;Tocantins;1701;MACRORREGIAO DE SAUDE NORTE;17001;MEDIO NORTE ARAGUAIA;171720;Piraque;2.282;MEDIO NORTE ARAGUAIA
1;Norte;17;Tocantins;1701;MACRORREGIAO DE SAUDE NORTE;17001;MEDIO NORTE ARAGUAIA;170388;Carmolandia;2.201;MEDIO NORTE ARAGUAIA
1;Norte;17;Tocantins;1701;MACRORREGIAO DE SAUDE NORTE;17002;BICO DO PAPAGAIO;170220;Araguatins;31.918;BICO DO PAPAGAIO
1;Norte;17;Tocantins;1701;MACRORREGIAO DE SAUDE NORTE;17002;BICO DO PAPAGAIO;172120;Tocantinopolis;22.615;BICO DO PAPAGAIO
1;Norte;17;Tocantins;1701;MACRORREGIAO DE SAUDE NORTE;17002;BICO DO PAPAGAIO;170255;Augustinopolis;17.484;BICO DO PAPAGAIO
1;Norte;17;Tocantins;1701;MACRORREGIAO DE SAUDE NORTE;17002;BICO DO PAPAGAIO;172020;Sao Miguel do Tocantins;13.241;BICO DO PAPAGAIO
1;Norte;17;Tocantins;1701;MACRORREGIAO DE SAUDE NORTE;17002;BICO DO PAPAGAIO;172080;Sitio Novo do Tocantins;10.830;BICO DO PAPAGAIO
1;Norte;17;Tocantins;1701;MACRORREGIAO DE SAUDE NORTE;17002;BICO DO PAPAGAIO;170100;Ananas;10.325;BICO DO PAPAGAIO
1;Norte;17;Tocantins;1701;MACRORREGIAO DE SAUDE NORTE;17002;BICO DO PAPAGAIO;170380;Buriti do Tocantins;10.307;BICO DO PAPAGAIO
1;Norte;17;Tocantins;1701;MACRORREGIAO DE SAUDE NORTE;17002;BICO DO PAPAGAIO;170290;Axixa do Tocantins;10.262;BICO DO PAPAGAIO
1;Norte;17;Tocantins;1701;MACRORREGIAO DE SAUDE NORTE;17002;BICO DO PAPAGAIO;171830;Praia Norte;9.044;BICO DO PAPAGAIO
1;Norte;17;Tocantins;1701;MACRORREGIAO DE SAUDE NORTE;17002;BICO DO PAPAGAIO;170740;Esperantina;7.530;BICO DO PAPAGAIO
1;Norte;17;Tocantins;1701;MACRORREGIAO DE SAUDE NORTE;17002;BICO DO PAPAGAIO;172010;Sao Bento do Tocantins;5.654;BICO DO PAPAGAIO
1;Norte;17;Tocantins;1701;MACRORREGIAO DE SAUDE NORTE;17002;BICO DO PAPAGAIO;171070;Itaguatins;5.172;BICO DO PAPAGAIO
1;Norte;17;Tocantins;1701;MACRORREGIAO DE SAUDE NORTE;17002;BICO DO PAPAGAIO;171380;Palmeiras do Tocantins;4.872;BICO DO PAPAGAIO
1;Norte;17;Tocantins;1701;MACRORREGIAO DE SAUDE NORTE;17002;BICO DO PAPAGAIO;171430;Nazare;4.521;BICO DO PAPAGAIO
1;Norte;17;Tocantins;1701;MACRORREGIAO DE SAUDE NORTE;17002;BICO DO PAPAGAIO;170030;Aguiarnopolis;4.497;BICO DO PAPAGAIO
1;Norte;17;Tocantins;1701;MACRORREGIAO DE SAUDE NORTE;17002;BICO DO PAPAGAIO;171880;Sampaio;4.215;BICO DO PAPAGAIO
1;Norte;17;Tocantins;1701;MACRORREGIAO DE SAUDE NORTE;17002;BICO DO PAPAGAIO;172030;Sao Sebastiao do Tocantins;4.100;BICO DO PAPAGAIO
1;Norte;17;Tocantins;1701;MACRORREGIAO DE SAUDE NORTE;17002;BICO DO PAPAGAIO;171855;Riachinho;3.960;BICO DO PAPAGAIO
1;Norte;17;Tocantins;1701;MACRORREGIAO DE SAUDE NORTE;17002;BICO DO PAPAGAIO;170389;Carrasco Bonito;3.318;BICO DO PAPAGAIO
1;Norte;17;Tocantins;1701;MACRORREGIAO DE SAUDE NORTE;17002;BICO DO PAPAGAIO;171280;Maurilandia do Tocantins;3.095;BICO DO PAPAGAIO
1;Norte;17;Tocantins;1701;MACRORREGIAO DE SAUDE NORTE;17002;BICO DO PAPAGAIO;170105;Angico;2.876;BICO DO PAPAGAIO
1;Norte;17;Tocantins;1701;MACRORREGIAO DE SAUDE NORTE;17002;BICO DO PAPAGAIO;171245;Luzinopolis;2.717;BICO DO PAPAGAIO
1;Norte;17;Tocantins;1701;MACRORREGIAO DE SAUDE NORTE;17002;BICO DO PAPAGAIO;172000;Santa Terezinha do Tocantins;2.406;BICO DO PAPAGAIO
1;Norte;17;Tocantins;1701;MACRORREGIAO DE SAUDE NORTE;17002;BICO DO PAPAGAIO;170382;Cachoeirinha;1.961;BICO DO PAPAGAIO
1;Norte;17;Tocantins;1702;MACRORREGIAO CENTRO-SUL;17003;SUDESTE;170700;Dianopolis;17.739;SUDESTE
1;Norte;17;Tocantins;1702;MACRORREGIAO CENTRO-SUL;17003;SUDESTE;172090;Taguatinga;14.011;SUDESTE
1;Norte;17;Tocantins;1702;MACRORREGIAO CENTRO-SUL;17003;SUDESTE;171620;Parana;10.542;SUDESTE
1;Norte;17;Tocantins;1702;MACRORREGIAO CENTRO-SUL;17003;SUDESTE;170240;Arraias;10.287;SUDESTE
1;Norte;17;Tocantins;1702;MACRORREGIAO CENTRO-SUL;17003;SUDESTE;170040;Almas;6.499;SUDESTE
1;Norte;17;Tocantins;1702;MACRORREGIAO CENTRO-SUL;17003;SUDESTE;170555;Combinado;4.756;SUDESTE
1;Norte;17;Tocantins;1702;MACRORREGIAO CENTRO-SUL;17003;SUDESTE;171780;Ponte Alta do Bom Jesus;4.220;SUDESTE
1;Norte;17;Tocantins;1702;MACRORREGIAO CENTRO-SUL;17003;SUDESTE;170560;Conceicao do Tocantins;3.887;SUDESTE
1;Norte;17;Tocantins;1702;MACRORREGIAO CENTRO-SUL;17003;SUDESTE;170270;Aurora do Tocantins;3.342;SUDESTE
1;Norte;17;Tocantins;1702;MACRORREGIAO CENTRO-SUL;17003;SUDESTE;171800;Porto Alegre do Tocantins;2.866;SUDESTE
1;Norte;17;Tocantins;1702;MACRORREGIAO CENTRO-SUL;17003;SUDESTE;171525;Novo Jardim;2.230;SUDESTE
1;Norte;17;Tocantins;1702;MACRORREGIAO CENTRO-SUL;17003;SUDESTE;172093;Taipas do Tocantins;2.021;SUDESTE
1;Norte;17;Tocantins;1702;MACRORREGIAO CENTRO-SUL;17003;SUDESTE;171515;Novo Alegre;1.846;SUDESTE
1;Norte;17;Tocantins;1702;MACRORREGIAO CENTRO-SUL;17003;SUDESTE;171865;Rio da Conceicao;1.768;SUDESTE
1;Norte;17;Tocantins;1702;MACRORREGIAO CENTRO-SUL;17003;SUDESTE;171215;Lavandeira;1.626;SUDESTE
1;Norte;17;Tocantins;1701;MACRORREGIAO DE SAUDE NORTE;17004;CERRADO TOCANTINS ARAGUAIA;170550;Colinas do Tocantins;34.233;CERRADO TOCANTINS ARAGUAIA
1;Norte;17;Tocantins;1701;MACRORREGIAO DE SAUDE NORTE;17004;CERRADO TOCANTINS ARAGUAIA;170930;Guarai;24.775;CERRADO TOCANTINS ARAGUAIA
1;Norte;17;Tocantins;1701;MACRORREGIAO DE SAUDE NORTE;17004;CERRADO TOCANTINS ARAGUAIA;171650;Pedro Afonso;14.055;CERRADO TOCANTINS ARAGUAIA
1;Norte;17;Tocantins;1701;MACRORREGIAO DE SAUDE NORTE;17004;CERRADO TOCANTINS ARAGUAIA;171670;Colmeia;8.941;CERRADO TOCANTINS ARAGUAIA
1;Norte;17;Tocantins;1701;MACRORREGIAO DE SAUDE NORTE;17004;CERRADO TOCANTINS ARAGUAIA;171050;Itacaja;6.819;CERRADO TOCANTINS ARAGUAIA
1;Norte;17;Tocantins;1701;MACRORREGIAO DE SAUDE NORTE;17004;CERRADO TOCANTINS ARAGUAIA;170230;Arapoema;5.550;CERRADO TOCANTINS ARAGUAIA
1;Norte;17;Tocantins;1701;MACRORREGIAO DE SAUDE NORTE;17004;CERRADO TOCANTINS ARAGUAIA;170600;Couto Magalhaes;5.331;CERRADO TOCANTINS ARAGUAIA
1;Norte;17;Tocantins;1701;MACRORREGIAO DE SAUDE NORTE;17004;CERRADO TOCANTINS ARAGUAIA;171665;Pequizeiro;4.921;CERRADO TOCANTINS ARAGUAIA
1;Norte;17;Tocantins;1701;MACRORREGIAO DE SAUDE NORTE;17004;CERRADO TOCANTINS ARAGUAIA;171570;Palmeirante;4.798;CERRADO TOCANTINS ARAGUAIA
1;Norte;17;Tocantins;1701;MACRORREGIAO DE SAUDE NORTE;17004;CERRADO TOCANTINS ARAGUAIA;170830;Goianorte;4.738;CERRADO TOCANTINS ARAGUAIA
1;Norte;17;Tocantins;1701;MACRORREGIAO DE SAUDE NORTE;17004;CERRADO TOCANTINS ARAGUAIA;170320;Bernardo Sayao;4.229;CERRADO TOCANTINS ARAGUAIA
1;Norte;17;Tocantins;1701;MACRORREGIAO DE SAUDE NORTE;17004;CERRADO TOCANTINS ARAGUAIA;170330;Bom Jesus do Tocantins;4.038;CERRADO TOCANTINS ARAGUAIA
1;Norte;17;Tocantins;1701;MACRORREGIAO DE SAUDE NORTE;17004;CERRADO TOCANTINS ARAGUAIA;171090;Itapiratins;3.577;CERRADO TOCANTINS ARAGUAIA
1;Norte;17;Tocantins;1701;MACRORREGIAO DE SAUDE NORTE;17004;CERRADO TOCANTINS ARAGUAIA;171850;Recursolandia;3.421;CERRADO TOCANTINS ARAGUAIA
1;Norte;17;Tocantins;1701;MACRORREGIAO DE SAUDE NORTE;17004;CERRADO TOCANTINS ARAGUAIA;170305;Bandeirantes do Tocantins;3.407;CERRADO TOCANTINS ARAGUAIA
1;Norte;17;Tocantins;1701;MACRORREGIAO DE SAUDE NORTE;17004;CERRADO TOCANTINS ARAGUAIA;171840;Presidente Kennedy;3.047;CERRADO TOCANTINS ARAGUAIA
1;Norte;17;Tocantins;1701;MACRORREGIAO DE SAUDE NORTE;17004;CERRADO TOCANTINS ARAGUAIA;171888;Santa Maria do Tocantins;2.680;CERRADO TOCANTINS ARAGUAIA
1;Norte;17;Tocantins;1701;MACRORREGIAO DE SAUDE NORTE;17004;CERRADO TOCANTINS ARAGUAIA;171110;Itapora do Tocantins;2.404;CERRADO TOCANTINS ARAGUAIA
1;Norte;17;Tocantins;1701;MACRORREGIAO DE SAUDE NORTE;17004;CERRADO TOCANTINS ARAGUAIA;171180;Juarina;2.243;CERRADO TOCANTINS ARAGUAIA
1;Norte;17;Tocantins;1701;MACRORREGIAO DE SAUDE NORTE;17004;CERRADO TOCANTINS ARAGUAIA;170410;Centenario;2.131;CERRADO TOCANTINS ARAGUAIA
1;Norte;17;Tocantins;1701;MACRORREGIAO DE SAUDE NORTE;17004;CERRADO TOCANTINS ARAGUAIA;170360;Brasilandia do Tocantins;1.974;CERRADO TOCANTINS ARAGUAIA
1;Norte;17;Tocantins;1701;MACRORREGIAO DE SAUDE NORTE;17004;CERRADO TOCANTINS ARAGUAIA;172125;Tupirama;1.909;CERRADO TOCANTINS ARAGUAIA
1;Norte;17;Tocantins;1701;MACRORREGIAO DE SAUDE NORTE;17004;CERRADO TOCANTINS ARAGUAIA;172130;Tupiratins;1.874;CERRADO TOCANTINS ARAGUAIA
1;Norte;17;Tocantins;1702;MACRORREGIAO CENTRO-SUL;17005;ILHA DO BANANAL;170950;Gurupi;85.125;ILHA DO BANANAL
1;Norte;17;Tocantins;1702;MACRORREGIAO CENTRO-SUL;17005;ILHA DO BANANAL;170820;Formoso do Araguaia;18.881;ILHA DO BANANAL
1;Norte;17;Tocantins;1702;MACRORREGIAO CENTRO-SUL;17005;ILHA DO BANANAL;171660;Peixe;9.317;ILHA DO BANANAL
1;Norte;17;Tocantins;1702;MACRORREGIAO CENTRO-SUL;17005;ILHA DO BANANAL;170070;Alvorada;8.802;ILHA DO BANANAL
1;Norte;17;Tocantins;1702;MACRORREGIAO CENTRO-SUL;17005;ILHA DO BANANAL;170200;Araguacu;8.133;ILHA DO BANANAL
1;Norte;17;Tocantins;1702;MACRORREGIAO CENTRO-SUL;17005;ILHA DO BANANAL;171575;Palmeiropolis;6.975;ILHA DO BANANAL
1;Norte;17;Tocantins;1702;MACRORREGIAO CENTRO-SUL;17005;ILHA DO BANANAL;170765;Figueiropolis;5.211;ILHA DO BANANAL
1;Norte;17;Tocantins;1702;MACRORREGIAO CENTRO-SUL;17005;ILHA DO BANANAL;170035;Alianca do Tocantins;5.147;ILHA DO BANANAL
1;Norte;17;Tocantins;1702;MACRORREGIAO CENTRO-SUL;17005;ILHA DO BANANAL;172049;Sao Valerio;4.422;ILHA DO BANANAL
1;Norte;17;Tocantins;1702;MACRORREGIAO CENTRO-SUL;17005;ILHA DO BANANAL;170730;Duere;4.248;ILHA DO BANANAL
1;Norte;17;Tocantins;1702;MACRORREGIAO CENTRO-SUL;17005;ILHA DO BANANAL;170386;Cariri do Tocantins;4.007;ILHA DO BANANAL
1;Norte;17;Tocantins;1702;MACRORREGIAO CENTRO-SUL;17005;ILHA DO BANANAL;171884;Sandolandia;3.723;ILHA DO BANANAL
1;Norte;17;Tocantins;1702;MACRORREGIAO CENTRO-SUL;17005;ILHA DO BANANAL;171150;Jau do Tocantins;3.334;ILHA DO BANANAL
1;Norte;17;Tocantins;1702;MACRORREGIAO CENTRO-SUL;17005;ILHA DO BANANAL;172097;Talisma;2.456;ILHA DO BANANAL
1;Norte;17;Tocantins;1702;MACRORREGIAO CENTRO-SUL;17005;ILHA DO BANANAL;172025;Sao Salvador do Tocantins;2.385;ILHA DO BANANAL
1;Norte;17;Tocantins;1702;MACRORREGIAO CENTRO-SUL;17005;ILHA DO BANANAL;171889;Santa Rita do Tocantins;2.219;ILHA DO BANANAL
1;Norte;17;Tocantins;1702;MACRORREGIAO CENTRO-SUL;17005;ILHA DO BANANAL;172085;Sucupira;1.577;ILHA DO BANANAL
1;Norte;17;Tocantins;1702;MACRORREGIAO CENTRO-SUL;17005;ILHA DO BANANAL;170625;Crixas do Tocantins;1.470;ILHA DO BANANAL
1;Norte;17;Tocantins;1702;MACRORREGIAO CENTRO-SUL;17006;CAPIM DOURADO;172100;Palmas;302.692;CAPIM DOURADO
1;Norte;17;Tocantins;1702;MACRORREGIAO CENTRO-SUL;17006;CAPIM DOURADO;171320;Miracema do Tocantins;18.566;CAPIM DOURADO
1;Norte;17;Tocantins;1702;MACRORREGIAO CENTRO-SUL;17006;CAPIM DOURADO;171330;Miranorte;12.701;CAPIM DOURADO
1;Norte;17;Tocantins;1702;MACRORREGIAO CENTRO-SUL;17006;CAPIM DOURADO;172110;Tocantinia;7.459;CAPIM DOURADO
1;Norte;17;Tocantins;1702;MACRORREGIAO CENTRO-SUL;17006;CAPIM DOURADO;170110;Aparecida do Rio Negro;4.856;CAPIM DOURADO
1;Norte;17;Tocantins;1702;MACRORREGIAO CENTRO-SUL;17006;CAPIM DOURADO;171875;Rio Sono;4.841;CAPIM DOURADO
1;Norte;17;Tocantins;1702;MACRORREGIAO CENTRO-SUL;17006;CAPIM DOURADO;171510;Novo Acordo;3.969;CAPIM DOURADO
1;Norte;17;Tocantins;1702;MACRORREGIAO CENTRO-SUL;17006;CAPIM DOURADO;171195;Lagoa do Tocantins;3.516;CAPIM DOURADO
1;Norte;17;Tocantins;1702;MACRORREGIAO CENTRO-SUL;17006;CAPIM DOURADO;170825;Tabocao;3.455;CAPIM DOURADO
1;Norte;17;Tocantins;1702;MACRORREGIAO CENTRO-SUL;17006;CAPIM DOURADO;171200;Lajeado;3.357;CAPIM DOURADO
1;Norte;17;Tocantins;1702;MACRORREGIAO CENTRO-SUL;17006;CAPIM DOURADO;171240;Lizarda;2.999;CAPIM DOURADO
1;Norte;17;Tocantins;1702;MACRORREGIAO CENTRO-SUL;17006;CAPIM DOURADO;171900;Santa Tereza do Tocantins;2.781;CAPIM DOURADO
1;Norte;17;Tocantins;1702;MACRORREGIAO CENTRO-SUL;17006;CAPIM DOURADO;171870;Rio dos Bois;2.738;CAPIM DOURADO
1;Norte;17;Tocantins;1702;MACRORREGIAO CENTRO-SUL;17006;CAPIM DOURADO;172015;Sao Felix do Tocantins;1.783;CAPIM DOURADO
1;Norte;17;Tocantins;1702;MACRORREGIAO CENTRO-SUL;17007;CANTAO;171610;Paraiso do Tocantins;52.360;CANTAO
1;Norte;17;Tocantins;1702;MACRORREGIAO CENTRO-SUL;17007;CANTAO;171190;Lagoa da Confusao;15.288;CANTAO
1;Norte;17;Tocantins;1702;MACRORREGIAO CENTRO-SUL;17007;CANTAO;171750;Pium;7.128;CANTAO
1;Norte;17;Tocantins;1702;MACRORREGIAO CENTRO-SUL;17007;CANTAO;170710;Divinopolis do Tocantins;7.024;CANTAO
1;Norte;17;Tocantins;1702;MACRORREGIAO CENTRO-SUL;17007;CANTAO;170610;Cristalandia;6.371;CANTAO
1;Norte;17;Tocantins;1702;MACRORREGIAO CENTRO-SUL;17007;CANTAO;170720;Dois Irmaos do Tocantins;6.327;CANTAO
1;Norte;17;Tocantins;1702;MACRORREGIAO CENTRO-SUL;17007;CANTAO;170190;Araguacema;5.927;CANTAO
1;Norte;17;Tocantins;1702;MACRORREGIAO CENTRO-SUL;17007;CANTAO;170390;Caseara;4.847;CANTAO
1;Norte;17;Tocantins;1702;MACRORREGIAO CENTRO-SUL;17007;CANTAO;170310;Barrolandia;4.846;CANTAO
1;Norte;17;Tocantins;1702;MACRORREGIAO CENTRO-SUL;17007;CANTAO;171250;Marianopolis do Tocantins;4.615;CANTAO
1;Norte;17;Tocantins;1702;MACRORREGIAO CENTRO-SUL;17007;CANTAO;171500;Nova Rosalandia;3.362;CANTAO
1;Norte;17;Tocantins;1702;MACRORREGIAO CENTRO-SUL;17007;CANTAO;170025;Abreulandia;2.576;CANTAO
1;Norte;17;Tocantins;1702;MACRORREGIAO CENTRO-SUL;17007;CANTAO;171370;Monte Santo do Tocantins;2.396;CANTAO
1;Norte;17;Tocantins;1702;MACRORREGIAO CENTRO-SUL;17007;CANTAO;171845;Pugmil;2.193;CANTAO
1;Norte;17;Tocantins;1702;MACRORREGIAO CENTRO-SUL;17007;CANTAO;170460;Chapada de Areia;1.501;CANTAO
1;Norte;17;Tocantins;1702;MACRORREGIAO CENTRO-SUL;17008;AMOR PERFEITO;171820;Porto Nacional;64.418;AMOR PERFEITO
1;Norte;17;Tocantins;1702;MACRORREGIAO CENTRO-SUL;17008;AMOR PERFEITO;171420;Natividade;8.754;AMOR PERFEITO
1;Norte;17;Tocantins;1702;MACRORREGIAO CENTRO-SUL;17008;AMOR PERFEITO;171790;Ponte Alta do Tocantins;7.586;AMOR PERFEITO
1;Norte;17;Tocantins;1702;MACRORREGIAO CENTRO-SUL;17008;AMOR PERFEITO;171360;Monte do Carmo;5.694;AMOR PERFEITO
1;Norte;17;Tocantins;1702;MACRORREGIAO CENTRO-SUL;17008;AMOR PERFEITO;172065;Silvanopolis;5.108;AMOR PERFEITO
1;Norte;17;Tocantins;1702;MACRORREGIAO CENTRO-SUL;17008;AMOR PERFEITO;170370;Brejinho de Nazare;4.725;AMOR PERFEITO
1;Norte;17;Tocantins;1702;MACRORREGIAO CENTRO-SUL;17008;AMOR PERFEITO;171890;Santa Rosa do Tocantins;4.653;AMOR PERFEITO
1;Norte;17;Tocantins;1702;MACRORREGIAO CENTRO-SUL;17008;AMOR PERFEITO;171700;Pindorama do Tocantins;4.478;AMOR PERFEITO
1;Norte;17;Tocantins;1702;MACRORREGIAO CENTRO-SUL;17008;AMOR PERFEITO;170755;Fatima;3.467;AMOR PERFEITO
1;Norte;17;Tocantins;1702;MACRORREGIAO CENTRO-SUL;17008;AMOR PERFEITO;170510;Chapada da Natividade;3.117;AMOR PERFEITO
1;Norte;17;Tocantins;1702;MACRORREGIAO CENTRO-SUL;17008;AMOR PERFEITO;171270;Mateiros;2.748;AMOR PERFEITO
1;Norte;17;Tocantins;1702;MACRORREGIAO CENTRO-SUL;17008;AMOR PERFEITO;170980;Ipueiras;1.590;AMOR PERFEITO
1;Norte;17;Tocantins;1702;MACRORREGIAO CENTRO-SUL;17008;AMOR PERFEITO;171550;Oliveira de Fatima;1.164;AMOR PERFEITO
2;Nordeste;21;Maranhao;2109;MACRORREGIAO SUL;21001;ACAILANDIA;210005;Acailandia;106.550;ACAILANDIA
2;Nordeste;21;Maranhao;2109;MACRORREGIAO SUL;21001;ACAILANDIA;210232;Buriticupu;55.499;ACAILANDIA
2;Nordeste;21;Maranhao;2109;MACRORREGIAO SUL;21001;ACAILANDIA;210203;Bom Jesus das Selvas;28.599;ACAILANDIA
2;Nordeste;21;Maranhao;2109;MACRORREGIAO SUL;21001;ACAILANDIA;210542;Itinga do Maranhao;22.513;ACAILANDIA
2;Nordeste;21;Maranhao;2109;MACRORREGIAO SUL;21001;ACAILANDIA;211153;Sao Pedro da Agua Branca;13.444;ACAILANDIA
2;Nordeste;21;Maranhao;2109;MACRORREGIAO SUL;21001;ACAILANDIA;210325;Cidelandia;12.878;ACAILANDIA
2;Nordeste;21;Maranhao;2109;MACRORREGIAO SUL;21001;ACAILANDIA;211285;Vila Nova dos Martirios;10.362;ACAILANDIA
2;Nordeste;21;Maranhao;2109;MACRORREGIAO SUL;21001;ACAILANDIA;211085;Sao Francisco do Brejao;9.051;ACAILANDIA
2;Nordeste;21;Maranhao;2110;MACRORREGIAO NORTE;21002;BACABAL;210120;Bacabal;103.711;BACABAL
2;Nordeste;21;Maranhao;2110;MACRORREGIAO NORTE;21002;BACABAL;211300;Vitorino Freire;30.845;BACABAL
2;Nordeste;21;Maranhao;2110;MACRORREGIAO NORTE;21002;BACABAL;210810;Paulo Ramos;20.341;BACABAL
2;Nordeste;21;Maranhao;2110;MACRORREGIAO NORTE;21002;BACABAL;210740;Olho d'Agua das Cunhas;17.919;BACABAL
2;Nordeste;21;Maranhao;2110;MACRORREGIAO NORTE;21002;BACABAL;211140;Sao Luis Gonzaga do Maranhao;17.818;BACABAL
2;Nordeste;21;Maranhao;2110;MACRORREGIAO NORTE;21002;BACABAL;210355;Conceicao do Lago-Acu;14.915;BACABAL
2;Nordeste;21;Maranhao;2110;MACRORREGIAO NORTE;21002;BACABAL;210590;Lago Verde;14.769;BACABAL
2;Nordeste;21;Maranhao;2110;MACRORREGIAO NORTE;21002;BACABAL;210207;Bom Lugar;12.212;BACABAL
2;Nordeste;21;Maranhao;2110;MACRORREGIAO NORTE;21002;BACABAL;210215;Brejo de Areia;9.218;BACABAL
2;Nordeste;21;Maranhao;2110;MACRORREGIAO NORTE;21002;BACABAL;210635;Maraja do Sena;7.027;BACABAL
2;Nordeste;21;Maranhao;2110;MACRORREGIAO NORTE;21002;BACABAL;210040;Altamira do Maranhao;6.447;BACABAL
2;Nordeste;21;Maranhao;2109;MACRORREGIAO SUL;21003;BALSAS;210140;Balsas;101.767;BALSAS
2;Nordeste;21;Maranhao;2109;MACRORREGIAO SUL;21003;BALSAS;210950;Riachao;22.145;BALSAS
2;Nordeste;21;Maranhao;2109;MACRORREGIAO SUL;21003;BALSAS;211160;Sao Raimundo das Mangabeiras;18.672;BALSAS
2;Nordeste;21;Maranhao;2109;MACRORREGIAO SUL;21003;BALSAS;210409;Formosa da Serra Negra;17.719;BALSAS
2;Nordeste;21;Maranhao;2109;MACRORREGIAO SUL;21003;BALSAS;210410;Fortaleza dos Nogueiras;12.640;BALSAS
2;Nordeste;21;Maranhao;2109;MACRORREGIAO SUL;21003;BALSAS;210610;Loreto;11.597;BALSAS
2;Nordeste;21;Maranhao;2109;MACRORREGIAO SUL;21003;BALSAS;210050;Alto Parnaiba;11.109;BALSAS
2;Nordeste;21;Maranhao;2109;MACRORREGIAO SUL;21003;BALSAS;211200;Tasso Fragoso;8.862;BALSAS
2;Nordeste;21;Maranhao;2109;MACRORREGIAO SUL;21003;BALSAS;210407;Feira Nova do Maranhao;8.048;BALSAS
2;Nordeste;21;Maranhao;2109;MACRORREGIAO SUL;21003;BALSAS;211157;Sao Pedro dos Crentes;5.783;BALSAS
2;Nordeste;21;Maranhao;2109;MACRORREGIAO SUL;21003;BALSAS;210970;Sambaiba;5.568;BALSAS
2;Nordeste;21;Maranhao;2109;MACRORREGIAO SUL;21003;BALSAS;210725;Nova Colinas;5.021;BALSAS
2;Nordeste;21;Maranhao;2109;MACRORREGIAO SUL;21003;BALSAS;211080;Sao Felix de Balsas;4.402;BALSAS
2;Nordeste;21;Maranhao;2109;MACRORREGIAO SUL;21004;BARRA DO CORDA;210160;Barra do Corda;84.532;BARRA DO CORDA
2;Nordeste;21;Maranhao;2109;MACRORREGIAO SUL;21004;BARRA DO CORDA;210480;Grajau;73.872;BARRA DO CORDA
2;Nordeste;21;Maranhao;2109;MACRORREGIAO SUL;21004;BARRA DO CORDA;210095;Arame;25.517;BARRA DO CORDA
2;Nordeste;21;Maranhao;2109;MACRORREGIAO SUL;21004;BARRA DO CORDA;210547;Jenipapo dos Vieiras;17.076;BARRA DO CORDA
2;Nordeste;21;Maranhao;2109;MACRORREGIAO SUL;21004;BARRA DO CORDA;210535;Itaipava do Grajau;13.828;BARRA DO CORDA
2;Nordeste;21;Maranhao;2109;MACRORREGIAO SUL;21004;BARRA DO CORDA;210408;Fernando Falcao;10.873;BARRA DO CORDA
2;Nordeste;21;Maranhao;2111;MACRORREGIAO LESTE;21005;CAXIAS;210300;Caxias;156.973;CAXIAS
2;Nordeste;21;Maranhao;2111;MACRORREGIAO LESTE;21005;CAXIAS;210340;Coelho Neto;41.658;CAXIAS
2;Nordeste;21;Maranhao;2111;MACRORREGIAO LESTE;21005;CAXIAS;210220;Buriti;29.685;CAXIAS
2;Nordeste;21;Maranhao;2111;MACRORREGIAO LESTE;21005;CAXIAS;210030;Aldeias Altas;23.286;CAXIAS
2;Nordeste;21;Maranhao;2111;MACRORREGIAO LESTE;21005;CAXIAS;211107;Sao Joao do Soter;16.889;CAXIAS
2;Nordeste;21;Maranhao;2111;MACRORREGIAO LESTE;21005;CAXIAS;210390;Duque Bacelar;10.223;CAXIAS
2;Nordeste;21;Maranhao;2111;MACRORREGIAO LESTE;21005;CAXIAS;210010;Afonso Cunha;6.144;CAXIAS
2;Nordeste;21;Maranhao;2110;MACRORREGIAO NORTE;21006;CHAPADINHA;210320;Chapadinha;81.386;CHAPADINHA
2;Nordeste;21;Maranhao;2110;MACRORREGIAO NORTE;21006;CHAPADINHA;211250;Tutoia;53.356;CHAPADINHA
2;Nordeste;21;Maranhao;2110;MACRORREGIAO NORTE;21006;CHAPADINHA;210090;Araioses;39.052;CHAPADINHA
2;Nordeste;21;Maranhao;2110;MACRORREGIAO NORTE;21006;CHAPADINHA;210210;Brejo;34.120;CHAPADINHA
2;Nordeste;21;Maranhao;2110;MACRORREGIAO NORTE;21006;CHAPADINHA;211060;Sao Bernardo;26.943;CHAPADINHA
2;Nordeste;21;Maranhao;2110;MACRORREGIAO NORTE;21006;CHAPADINHA;211010;Santa Quiteria do Maranhao;23.957;CHAPADINHA
2;Nordeste;21;Maranhao;2110;MACRORREGIAO NORTE;21006;CHAPADINHA;210640;Mata Roma;17.090;CHAPADINHA
2;Nordeste;21;Maranhao;2110;MACRORREGIAO NORTE;21006;CHAPADINHA;210805;Paulino Neves;17.056;CHAPADINHA
2;Nordeste;21;Maranhao;2110;MACRORREGIAO NORTE;21006;CHAPADINHA;210630;Magalhaes de Almeida;13.807;CHAPADINHA
2;Nordeste;21;Maranhao;2110;MACRORREGIAO NORTE;21006;CHAPADINHA;210080;Anapurus;13.793;CHAPADINHA
2;Nordeste;21;Maranhao;2110;MACRORREGIAO NORTE;21006;CHAPADINHA;210015;Agua Doce do Maranhao;12.142;CHAPADINHA
2;Nordeste;21;Maranhao;2110;MACRORREGIAO NORTE;21006;CHAPADINHA;211023;Santana do Maranhao;10.567;CHAPADINHA
2;Nordeste;21;Maranhao;2110;MACRORREGIAO NORTE;21006;CHAPADINHA;210667;Milagres do Maranhao;8.818;CHAPADINHA
2;Nordeste;21;Maranhao;2111;MACRORREGIAO LESTE;21007;CODO;210330;Codo;114.275;CODO
2;Nordeste;21;Maranhao;2111;MACRORREGIAO LESTE;21007;CODO;210360;Coroata;59.566;CODO
2;Nordeste;21;Maranhao;2111;MACRORREGIAO LESTE;21007;CODO;211150;Sao Mateus do Maranhao;38.829;CODO
2;Nordeste;21;Maranhao;2111;MACRORREGIAO LESTE;21007;CODO;211210;Timbiras;26.484;CODO
2;Nordeste;21;Maranhao;2111;MACRORREGIAO LESTE;21007;CODO;210043;Alto Alegre do Maranhao;24.048;CODO
2;Nordeste;21;Maranhao;2111;MACRORREGIAO LESTE;21007;CODO;210845;Peritoro;20.479;CODO
2;Nordeste;21;Maranhao;2109;MACRORREGIAO SUL;21008;IMPERATRIZ;210530;Imperatriz;273.110;IMPERATRIZ
2;Nordeste;21;Maranhao;2109;MACRORREGIAO SUL;21008;IMPERATRIZ;210060;Amarante do Maranhao;37.085;IMPERATRIZ
2;Nordeste;21;Maranhao;2109;MACRORREGIAO SUL;21008;IMPERATRIZ;210405;Estreito;33.294;IMPERATRIZ
2;Nordeste;21;Maranhao;2109;MACRORREGIAO SUL;21008;IMPERATRIZ;210550;Joao Lisboa;24.709;IMPERATRIZ
2;Nordeste;21;Maranhao;2109;MACRORREGIAO SUL;21008;IMPERATRIZ;210280;Carolina;24.062;IMPERATRIZ
2;Nordeste;21;Maranhao;2109;MACRORREGIAO SUL;21008;IMPERATRIZ;210900;Porto Franco;23.903;IMPERATRIZ
2;Nordeste;21;Maranhao;2109;MACRORREGIAO SUL;21008;IMPERATRIZ;210455;Governador Edison Lobao;18.411;IMPERATRIZ
2;Nordeste;21;Maranhao;2109;MACRORREGIAO SUL;21008;IMPERATRIZ;211180;Sitio Novo;17.074;IMPERATRIZ
2;Nordeste;21;Maranhao;2109;MACRORREGIAO SUL;21008;IMPERATRIZ;211176;Senador La Rocque;14.700;IMPERATRIZ
2;Nordeste;21;Maranhao;2109;MACRORREGIAO SUL;21008;IMPERATRIZ;210375;Davinopolis;14.404;IMPERATRIZ
2;Nordeste;21;Maranhao;2109;MACRORREGIAO SUL;21008;IMPERATRIZ;210235;Buritirana;12.918;IMPERATRIZ
2;Nordeste;21;Maranhao;2109;MACRORREGIAO SUL;21008;IMPERATRIZ;210255;Campestre do Maranhao;12.301;IMPERATRIZ
2;Nordeste;21;Maranhao;2109;MACRORREGIAO SUL;21008;IMPERATRIZ;211105;Sao Joao do Paraiso;9.904;IMPERATRIZ
2;Nordeste;21;Maranhao;2109;MACRORREGIAO SUL;21008;IMPERATRIZ;210700;Montes Altos;9.106;IMPERATRIZ
2;Nordeste;21;Maranhao;2109;MACRORREGIAO SUL;21008;IMPERATRIZ;210955;Ribamar Fiquene;7.420;IMPERATRIZ
2;Nordeste;21;Maranhao;2109;MACRORREGIAO SUL;21008;IMPERATRIZ;210598;Lajeado Novo;7.057;IMPERATRIZ
2;Nordeste;21;Maranhao;2110;MACRORREGIAO NORTE;21009;ITAPECURU MIRIM;210540;Itapecuru Mirim;60.440;ITAPECURU MIRIM
2;Nordeste;21;Maranhao;2110;MACRORREGIAO NORTE;21009;ITAPECURU MIRIM;211270;Vargem Grande;43.261;ITAPECURU MIRIM
2;Nordeste;21;Maranhao;2110;MACRORREGIAO NORTE;21009;ITAPECURU MIRIM;211260;Urbano Santos;32.812;ITAPECURU MIRIM
2;Nordeste;21;Maranhao;2110;MACRORREGIAO NORTE;21009;ITAPECURU MIRIM;211290;Vitoria do Mearim;30.805;ITAPECURU MIRIM
2;Nordeste;21;Maranhao;2110;MACRORREGIAO NORTE;21009;ITAPECURU MIRIM;210100;Arari;29.472;ITAPECURU MIRIM
2;Nordeste;21;Maranhao;2110;MACRORREGIAO NORTE;21009;ITAPECURU MIRIM;210070;Anajatuba;25.322;ITAPECURU MIRIM
2;Nordeste;21;Maranhao;2110;MACRORREGIAO NORTE;21009;ITAPECURU MIRIM;210270;Cantanhede;24.303;ITAPECURU MIRIM
2;Nordeste;21;Maranhao;2110;MACRORREGIAO NORTE;21009;ITAPECURU MIRIM;210675;Miranda do Norte;23.864;ITAPECURU MIRIM
2;Nordeste;21;Maranhao;2110;MACRORREGIAO NORTE;21009;ITAPECURU MIRIM;211040;Sao Benedito do Rio Preto;18.364;ITAPECURU MIRIM
2;Nordeste;21;Maranhao;2110;MACRORREGIAO NORTE;21009;ITAPECURU MIRIM;210880;Pirapemas;17.714;ITAPECURU MIRIM
2;Nordeste;21;Maranhao;2110;MACRORREGIAO NORTE;21009;ITAPECURU MIRIM;210663;Matoes do Norte;17.432;ITAPECURU MIRIM
2;Nordeste;21;Maranhao;2110;MACRORREGIAO NORTE;21009;ITAPECURU MIRIM;210720;Nina Rodrigues;14.176;ITAPECURU MIRIM
2;Nordeste;21;Maranhao;2110;MACRORREGIAO NORTE;21009;ITAPECURU MIRIM;210930;Presidente Vargas;10.549;ITAPECURU MIRIM
2;Nordeste;21;Maranhao;2110;MACRORREGIAO NORTE;21009;ITAPECURU MIRIM;210173;Belagua;8.460;ITAPECURU MIRIM
2;Nordeste;21;Maranhao;2111;MACRORREGIAO LESTE;21010;PEDREIRAS;210570;Lago da Pedra;44.403;PEDREIRAS
2;Nordeste;21;Maranhao;2111;MACRORREGIAO LESTE;21010;PEDREIRAS;210820;Pedreiras;37.050;PEDREIRAS
2;Nordeste;21;Maranhao;2111;MACRORREGIAO LESTE;21010;PEDREIRAS;211223;Trizidela do Vale;22.484;PEDREIRAS
2;Nordeste;21;Maranhao;2111;MACRORREGIAO LESTE;21010;PEDREIRAS;210400;Esperantinopolis;18.311;PEDREIRAS
2;Nordeste;21;Maranhao;2111;MACRORREGIAO LESTE;21010;PEDREIRAS;210890;Pocao de Pedras;17.161;PEDREIRAS
2;Nordeste;21;Maranhao;2111;MACRORREGIAO LESTE;21010;PEDREIRAS;210596;Lagoa Grande do Maranhao;11.411;PEDREIRAS
2;Nordeste;21;Maranhao;2111;MACRORREGIAO LESTE;21010;PEDREIRAS;210600;Lima Campos;11.297;PEDREIRAS
2;Nordeste;21;Maranhao;2111;MACRORREGIAO LESTE;21010;PEDREIRAS;210520;Igarape Grande;10.231;PEDREIRAS
2;Nordeste;21;Maranhao;2111;MACRORREGIAO LESTE;21010;PEDREIRAS;210580;Lago do Junco;9.506;PEDREIRAS
2;Nordeste;21;Maranhao;2111;MACRORREGIAO LESTE;21010;PEDREIRAS;210594;Lago dos Rodrigues;8.758;PEDREIRAS
2;Nordeste;21;Maranhao;2111;MACRORREGIAO LESTE;21010;PEDREIRAS;210193;Bernardo do Mearim;5.840;PEDREIRAS
2;Nordeste;21;Maranhao;2111;MACRORREGIAO LESTE;21010;PEDREIRAS;211163;Sao Raimundo do Doca Bezerra;5.650;PEDREIRAS
2;Nordeste;21;Maranhao;2111;MACRORREGIAO LESTE;21010;PEDREIRAS;211167;Sao Roberto;4.544;PEDREIRAS
2;Nordeste;21;Maranhao;2110;MACRORREGIAO NORTE;21011;PINHEIRO;210860;Pinheiro;84.621;PINHEIRO
2;Nordeste;21;Maranhao;2110;MACRORREGIAO NORTE;21011;PINHEIRO;210980;Santa Helena;41.561;PINHEIRO
2;Nordeste;21;Maranhao;2110;MACRORREGIAO NORTE;21011;PINHEIRO;211240;Turiacu;37.491;PINHEIRO
2;Nordeste;21;Maranhao;2110;MACRORREGIAO NORTE;21011;PINHEIRO;211245;Turilandia;31.638;PINHEIRO
2;Nordeste;21;Maranhao;2110;MACRORREGIAO NORTE;21011;PINHEIRO;210370;Cururupu;31.558;PINHEIRO
2;Nordeste;21;Maranhao;2110;MACRORREGIAO NORTE;21011;PINHEIRO;210825;Pedro do Rosario;24.320;PINHEIRO
2;Nordeste;21;Maranhao;2110;MACRORREGIAO NORTE;21011;PINHEIRO;210190;Bequimao;19.584;PINHEIRO
2;Nordeste;21;Maranhao;2110;MACRORREGIAO NORTE;21011;PINHEIRO;210083;Apicum-Acu;17.519;PINHEIRO
2;Nordeste;21;Maranhao;2110;MACRORREGIAO NORTE;21011;PINHEIRO;210927;Presidente Sarney;17.511;PINHEIRO
2;Nordeste;21;Maranhao;2110;MACRORREGIAO NORTE;21011;PINHEIRO;210130;Bacuri;16.290;PINHEIRO
2;Nordeste;21;Maranhao;2110;MACRORREGIAO NORTE;21011;PINHEIRO;210680;Mirinzal;13.978;PINHEIRO
2;Nordeste;21;Maranhao;2110;MACRORREGIAO NORTE;21011;PINHEIRO;210840;Peri Mirim;11.108;PINHEIRO
2;Nordeste;21;Maranhao;2110;MACRORREGIAO NORTE;21011;PINHEIRO;210490;Guimaraes;10.290;PINHEIRO
2;Nordeste;21;Maranhao;2110;MACRORREGIAO NORTE;21011;PINHEIRO;210310;Cedral;10.208;PINHEIRO
2;Nordeste;21;Maranhao;2110;MACRORREGIAO NORTE;21011;PINHEIRO;211178;Serrano do Maranhao;10.202;PINHEIRO
2;Nordeste;21;Maranhao;2110;MACRORREGIAO NORTE;21011;PINHEIRO;210312;Central do Maranhao;7.094;PINHEIRO
2;Nordeste;21;Maranhao;2110;MACRORREGIAO NORTE;21011;PINHEIRO;210905;Porto Rico do Maranhao;5.954;PINHEIRO
2;Nordeste;21;Maranhao;2111;MACRORREGIAO LESTE;21012;PRESIDENTE DUTRA;210910;Presidente Dutra;45.155;PRESIDENTE DUTRA
2;Nordeste;21;Maranhao;2111;MACRORREGIAO LESTE;21012;PRESIDENTE DUTRA;211230;Tuntum;36.251;PRESIDENTE DUTRA
2;Nordeste;21;Maranhao;2111;MACRORREGIAO LESTE;21012;PRESIDENTE DUTRA;211070;Sao Domingos do Maranhao;34.034;PRESIDENTE DUTRA
2;Nordeste;21;Maranhao;2111;MACRORREGIAO LESTE;21012;PRESIDENTE DUTRA;210380;Dom Pedro;23.053;PRESIDENTE DUTRA
2;Nordeste;21;Maranhao;2111;MACRORREGIAO LESTE;21012;PRESIDENTE DUTRA;210440;Goncalves Dias;17.206;PRESIDENTE DUTRA
2;Nordeste;21;Maranhao;2111;MACRORREGIAO LESTE;21012;PRESIDENTE DUTRA;210420;Fortuna;16.976;PRESIDENTE DUTRA
2;Nordeste;21;Maranhao;2111;MACRORREGIAO LESTE;21012;PRESIDENTE DUTRA;210560;Joselandia;14.924;PRESIDENTE DUTRA
2;Nordeste;21;Maranhao;2111;MACRORREGIAO LESTE;21012;PRESIDENTE DUTRA;211030;Santo Antonio dos Lopes;14.304;PRESIDENTE DUTRA
2;Nordeste;21;Maranhao;2111;MACRORREGIAO LESTE;21012;PRESIDENTE DUTRA;210460;Governador Eugenio Barros;13.930;PRESIDENTE DUTRA
2;Nordeste;21;Maranhao;2111;MACRORREGIAO LESTE;21012;PRESIDENTE DUTRA;210275;Capinzal do Norte;11.374;PRESIDENTE DUTRA
2;Nordeste;21;Maranhao;2111;MACRORREGIAO LESTE;21012;PRESIDENTE DUTRA;210450;Governador Archer;10.231;PRESIDENTE DUTRA
2;Nordeste;21;Maranhao;2111;MACRORREGIAO LESTE;21012;PRESIDENTE DUTRA;211174;Senador Alexandre Costa;10.207;PRESIDENTE DUTRA
2;Nordeste;21;Maranhao;2111;MACRORREGIAO LESTE;21012;PRESIDENTE DUTRA;210462;Governador Luiz Rocha;7.063;PRESIDENTE DUTRA
2;Nordeste;21;Maranhao;2111;MACRORREGIAO LESTE;21012;PRESIDENTE DUTRA;211125;Sao Jose dos Basilios;6.957;PRESIDENTE DUTRA
2;Nordeste;21;Maranhao;2111;MACRORREGIAO LESTE;21012;PRESIDENTE DUTRA;210975;Santa Filomena do Maranhao;6.697;PRESIDENTE DUTRA
2;Nordeste;21;Maranhao;2111;MACRORREGIAO LESTE;21012;PRESIDENTE DUTRA;210470;Graca Aranha;6.023;PRESIDENTE DUTRA
2;Nordeste;21;Maranhao;2110;MACRORREGIAO NORTE;21013;ROSARIO;210170;Barreirinhas;65.589;ROSARIO
2;Nordeste;21;Maranhao;2110;MACRORREGIAO NORTE;21013;ROSARIO;210960;Rosario;38.475;ROSARIO
2;Nordeste;21;Maranhao;2110;MACRORREGIAO NORTE;21013;ROSARIO;211020;Santa Rita;37.035;ROSARIO
2;Nordeste;21;Maranhao;2110;MACRORREGIAO NORTE;21013;ROSARIO;210500;Humberto de Campos;25.680;ROSARIO
2;Nordeste;21;Maranhao;2110;MACRORREGIAO NORTE;21013;ROSARIO;210510;Icatu;24.794;ROSARIO
2;Nordeste;21;Maranhao;2110;MACRORREGIAO NORTE;21013;ROSARIO;210710;Morros;18.554;ROSARIO
2;Nordeste;21;Maranhao;2110;MACRORREGIAO NORTE;21013;ROSARIO;210125;Bacabeira;16.966;ROSARIO
2;Nordeste;21;Maranhao;2110;MACRORREGIAO NORTE;21013;ROSARIO;211027;Santo Amaro do Maranhao;13.949;ROSARIO
2;Nordeste;21;Maranhao;2110;MACRORREGIAO NORTE;21013;ROSARIO;210940;Primeira Cruz;13.614;ROSARIO
2;Nordeste;21;Maranhao;2110;MACRORREGIAO NORTE;21013;ROSARIO;210110;Axixa;11.790;ROSARIO
2;Nordeste;21;Maranhao;2110;MACRORREGIAO NORTE;21013;ROSARIO;210920;Presidente Juscelino;11.356;ROSARIO
2;Nordeste;21;Maranhao;2110;MACRORREGIAO NORTE;21013;ROSARIO;210237;Cachoeira Grande;9.732;ROSARIO
2;Nordeste;21;Maranhao;2110;MACRORREGIAO NORTE;21014;SANTA INES;210990;Santa Ines;85.014;SANTA INES
2;Nordeste;21;Maranhao;2110;MACRORREGIAO NORTE;21014;SANTA INES;211000;Santa Luzia;57.635;SANTA INES
2;Nordeste;21;Maranhao;2110;MACRORREGIAO NORTE;21014;SANTA INES;210200;Bom Jardim;33.100;SANTA INES
2;Nordeste;21;Maranhao;2110;MACRORREGIAO NORTE;21014;SANTA INES;210850;Pindare-Mirim;31.429;SANTA INES
2;Nordeste;21;Maranhao;2110;MACRORREGIAO NORTE;21014;SANTA INES;210690;Moncao;27.751;SANTA INES
2;Nordeste;21;Maranhao;2110;MACRORREGIAO NORTE;21014;SANTA INES;210047;Alto Alegre do Pindare;25.710;SANTA INES
2;Nordeste;21;Maranhao;2110;MACRORREGIAO NORTE;21014;SANTA INES;210870;Pio XII;21.886;SANTA INES
2;Nordeste;21;Maranhao;2110;MACRORREGIAO NORTE;21014;SANTA INES;210515;Igarape do Meio;13.974;SANTA INES
2;Nordeste;21;Maranhao;2110;MACRORREGIAO NORTE;21014;SANTA INES;211102;Sao Joao do Caru;12.251;SANTA INES
2;Nordeste;21;Maranhao;2110;MACRORREGIAO NORTE;21014;SANTA INES;210177;Bela Vista do Maranhao;11.750;SANTA INES
2;Nordeste;21;Maranhao;2110;MACRORREGIAO NORTE;21014;SANTA INES;210465;Governador Newton Bello;10.713;SANTA INES
2;Nordeste;21;Maranhao;2110;MACRORREGIAO NORTE;21014;SANTA INES;211172;Satubinha;8.784;SANTA INES
2;Nordeste;21;Maranhao;2110;MACRORREGIAO NORTE;21014;SANTA INES;211227;Tufilandia;5.507;SANTA INES
2;Nordeste;21;Maranhao;2111;MACRORREGIAO LESTE;21015;SAO JOAO DOS PATOS;210350;Colinas;40.316;SAO JOAO DOS PATOS
2;Nordeste;21;Maranhao;2111;MACRORREGIAO LESTE;21015;SAO JOAO DOS PATOS;211110;Sao Joao dos Patos;25.020;SAO JOAO DOS PATOS
2;Nordeste;21;Maranhao;2111;MACRORREGIAO LESTE;21015;SAO JOAO DOS PATOS;210230;Buriti Bravo;22.455;SAO JOAO DOS PATOS
2;Nordeste;21;Maranhao;2111;MACRORREGIAO LESTE;21015;SAO JOAO DOS PATOS;210670;Mirador;21.030;SAO JOAO DOS PATOS
2;Nordeste;21;Maranhao;2111;MACRORREGIAO LESTE;21015;SAO JOAO DOS PATOS;210150;Barao de Grajau;18.984;SAO JOAO DOS PATOS
2;Nordeste;21;Maranhao;2111;MACRORREGIAO LESTE;21015;SAO JOAO DOS PATOS;210800;Pastos Bons;18.802;SAO JOAO DOS PATOS
2;Nordeste;21;Maranhao;2111;MACRORREGIAO LESTE;21015;SAO JOAO DOS PATOS;210770;Paraibano;18.274;SAO JOAO DOS PATOS
2;Nordeste;21;Maranhao;2111;MACRORREGIAO LESTE;21015;SAO JOAO DOS PATOS;210790;Passagem Franca;17.220;SAO JOAO DOS PATOS
2;Nordeste;21;Maranhao;2111;MACRORREGIAO LESTE;21015;SAO JOAO DOS PATOS;210592;Lagoa do Mato;10.572;SAO JOAO DOS PATOS
2;Nordeste;21;Maranhao;2111;MACRORREGIAO LESTE;21015;SAO JOAO DOS PATOS;211190;Sucupira do Norte;10.238;SAO JOAO DOS PATOS
2;Nordeste;21;Maranhao;2111;MACRORREGIAO LESTE;21015;SAO JOAO DOS PATOS;211065;Sao Domingos do Azeitao;7.992;SAO JOAO DOS PATOS
2;Nordeste;21;Maranhao;2111;MACRORREGIAO LESTE;21015;SAO JOAO DOS PATOS;210545;Jatoba;7.471;SAO JOAO DOS PATOS
2;Nordeste;21;Maranhao;2111;MACRORREGIAO LESTE;21015;SAO JOAO DOS PATOS;210180;Benedito Leite;5.469;SAO JOAO DOS PATOS
2;Nordeste;21;Maranhao;2111;MACRORREGIAO LESTE;21015;SAO JOAO DOS PATOS;211195;Sucupira do Riachao;4.985;SAO JOAO DOS PATOS
2;Nordeste;21;Maranhao;2111;MACRORREGIAO LESTE;21015;SAO JOAO DOS PATOS;210730;Nova Iorque;4.320;SAO JOAO DOS PATOS
2;Nordeste;21;Maranhao;2110;MACRORREGIAO NORTE;21016;SAO LUIS;211130;Sao Luis;1.037.775;SAO LUIS
2;Nordeste;21;Maranhao;2110;MACRORREGIAO NORTE;21016;SAO LUIS;211120;Sao Jose de Ribamar;244.579;SAO LUIS
2;Nordeste;21;Maranhao;2110;MACRORREGIAO NORTE;21016;SAO LUIS;210750;Paco do Lumiar;145.643;SAO LUIS
2;Nordeste;21;Maranhao;2110;MACRORREGIAO NORTE;21016;SAO LUIS;210945;Raposa;30.839;SAO LUIS
2;Nordeste;21;Maranhao;2110;MACRORREGIAO NORTE;21016;SAO LUIS;210020;Alcantara;18.467;SAO LUIS
2;Nordeste;21;Maranhao;2111;MACRORREGIAO LESTE;21017;TIMON;211220;Timon;174.465;TIMON
2;Nordeste;21;Maranhao;2111;MACRORREGIAO LESTE;21017;TIMON;210660;Matoes;32.174;TIMON
2;Nordeste;21;Maranhao;2111;MACRORREGIAO LESTE;21017;TIMON;210780;Parnarama;31.250;TIMON
2;Nordeste;21;Maranhao;2111;MACRORREGIAO LESTE;21017;TIMON;211090;Sao Francisco do Maranhao;12.064;TIMON
2;Nordeste;21;Maranhao;2110;MACRORREGIAO NORTE;21018;VIANA;211280;Viana;51.442;VIANA
2;Nordeste;21;Maranhao;2110;MACRORREGIAO NORTE;21018;VIANA;211050;Sao Bento;46.395;VIANA
2;Nordeste;21;Maranhao;2110;MACRORREGIAO NORTE;21018;VIANA;210830;Penalva;32.511;VIANA
2;Nordeste;21;Maranhao;2110;MACRORREGIAO NORTE;21018;VIANA;210650;Matinha;22.034;VIANA
2;Nordeste;21;Maranhao;2110;MACRORREGIAO NORTE;21018;VIANA;210760;Palmeirandia;21.059;VIANA
2;Nordeste;21;Maranhao;2110;MACRORREGIAO NORTE;21018;VIANA;211170;Sao Vicente Ferrer;19.498;VIANA
2;Nordeste;21;Maranhao;2110;MACRORREGIAO NORTE;21018;VIANA;211100;Sao Joao Batista;18.544;VIANA
2;Nordeste;21;Maranhao;2110;MACRORREGIAO NORTE;21018;VIANA;210250;Cajari;16.412;VIANA
2;Nordeste;21;Maranhao;2110;MACRORREGIAO NORTE;21018;VIANA;210745;Olinda Nova do Maranhao;13.577;VIANA
2;Nordeste;21;Maranhao;2110;MACRORREGIAO NORTE;21018;VIANA;210240;Cajapio;10.121;VIANA
2;Nordeste;21;Maranhao;2110;MACRORREGIAO NORTE;21018;VIANA;210135;Bacurituba;5.252;VIANA
2;Nordeste;21;Maranhao;2110;MACRORREGIAO NORTE;21019;ZE DOCA;211400;Ze Doca;40.801;ZE DOCA
2;Nordeste;21;Maranhao;2110;MACRORREGIAO NORTE;21019;ZE DOCA;211003;Santa Luzia do Parua;24.307;ZE DOCA
2;Nordeste;21;Maranhao;2110;MACRORREGIAO NORTE;21019;ZE DOCA;210290;Carutapera;24.238;ZE DOCA
2;Nordeste;21;Maranhao;2110;MACRORREGIAO NORTE;21019;ZE DOCA;210467;Governador Nunes Freire;23.128;ZE DOCA
2;Nordeste;21;Maranhao;2110;MACRORREGIAO NORTE;21019;ZE DOCA;210632;Maracacume;21.149;ZE DOCA
2;Nordeste;21;Maranhao;2110;MACRORREGIAO NORTE;21019;ZE DOCA;210260;Candido Mendes;19.932;ZE DOCA
2;Nordeste;21;Maranhao;2110;MACRORREGIAO NORTE;21019;ZE DOCA;210317;Centro Novo do Maranhao;16.267;ZE DOCA
2;Nordeste;21;Maranhao;2110;MACRORREGIAO NORTE;21019;ZE DOCA;210735;Nova Olinda do Maranhao;14.314;ZE DOCA
2;Nordeste;21;Maranhao;2110;MACRORREGIAO NORTE;21019;ZE DOCA;210637;Maranhaozinho;13.761;ZE DOCA
2;Nordeste;21;Maranhao;2110;MACRORREGIAO NORTE;21019;ZE DOCA;210315;Centro do Guilherme;12.342;ZE DOCA
2;Nordeste;21;Maranhao;2110;MACRORREGIAO NORTE;21019;ZE DOCA;210087;Araguana;11.181;ZE DOCA
2;Nordeste;21;Maranhao;2110;MACRORREGIAO NORTE;21019;ZE DOCA;210430;Godofredo Viana;10.186;ZE DOCA
2;Nordeste;21;Maranhao;2110;MACRORREGIAO NORTE;21019;ZE DOCA;210197;Boa Vista do Gurupi;7.574;ZE DOCA
2;Nordeste;21;Maranhao;2110;MACRORREGIAO NORTE;21019;ZE DOCA;210055;Amapa do Maranhao;7.170;ZE DOCA
2;Nordeste;21;Maranhao;2110;MACRORREGIAO NORTE;21019;ZE DOCA;210620;Luis Domingues;7.161;ZE DOCA
2;Nordeste;21;Maranhao;2110;MACRORREGIAO NORTE;21019;ZE DOCA;210565;Junco do Maranhao;5.146;ZE DOCA
2;Nordeste;21;Maranhao;2110;MACRORREGIAO NORTE;21019;ZE DOCA;210923;Presidente Medici;4.696;ZE DOCA
2;Nordeste;22;Piaui;2208;MEIO NORTE;22001;CARNAUBAIS;220220;Campo Maior;45.793;CARNAUBAIS
2;Nordeste;22;Piaui;2208;MEIO NORTE;22001;CARNAUBAIS;220260;Castelo do Piaui;19.288;CARNAUBAIS
2;Nordeste;22;Piaui;2208;MEIO NORTE;22001;CARNAUBAIS;221040;Sao Miguel do Tapuio;17.554;CARNAUBAIS
2;Nordeste;22;Piaui;2208;MEIO NORTE;22001;CARNAUBAIS;220205;Cabeceiras do Piaui;10.212;CARNAUBAIS
2;Nordeste;22;Piaui;2208;MEIO NORTE;22001;CARNAUBAIS;221065;Sigefredo Pacheco;9.460;CARNAUBAIS
2;Nordeste;22;Piaui;2208;MEIO NORTE;22001;CARNAUBAIS;220105;Assuncao do Piaui;7.452;CARNAUBAIS
2;Nordeste;22;Piaui;2208;MEIO NORTE;22001;CARNAUBAIS;220202;Buriti dos Montes;7.434;CARNAUBAIS
2;Nordeste;22;Piaui;2208;MEIO NORTE;22001;CARNAUBAIS;220177;Boa Hora;6.902;CARNAUBAIS
2;Nordeste;22;Piaui;2208;MEIO NORTE;22001;CARNAUBAIS;220194;Boqueirao do Piaui;6.545;CARNAUBAIS
2;Nordeste;22;Piaui;2208;MEIO NORTE;22001;CARNAUBAIS;220990;Sao Joao da Serra;6.114;CARNAUBAIS
2;Nordeste;22;Piaui;2208;MEIO NORTE;22001;CARNAUBAIS;220675;Nossa Senhora de Nazare;5.228;CARNAUBAIS
2;Nordeste;22;Piaui;2208;MEIO NORTE;22001;CARNAUBAIS;220551;Juazeiro do Piaui;5.214;CARNAUBAIS
2;Nordeste;22;Piaui;2208;MEIO NORTE;22001;CARNAUBAIS;220271;Cocal de Telha;4.911;CARNAUBAIS
2;Nordeste;22;Piaui;2208;MEIO NORTE;22001;CARNAUBAIS;220527;Jatoba do Piaui;4.494;CARNAUBAIS
2;Nordeste;22;Piaui;2208;MEIO NORTE;22001;CARNAUBAIS;220695;Novo Santo Antonio;2.827;CARNAUBAIS
2;Nordeste;22;Piaui;2210;CERRADOS;22002;CHAPADA DAS MANGABEIRAS;220190;Bom Jesus;28.796;CHAPADA DAS MANGABEIRAS
2;Nordeste;22;Piaui;2210;CERRADOS;22002;CHAPADA DAS MANGABEIRAS;220290;Corrente;27.278;CHAPADA DAS MANGABEIRAS
2;Nordeste;22;Piaui;2210;CERRADOS;22002;CHAPADA DAS MANGABEIRAS;220320;Curimata;11.270;CHAPADA DAS MANGABEIRAS
2;Nordeste;22;Piaui;2210;CERRADOS;22002;CHAPADA DAS MANGABEIRAS;220440;Gilbues;10.892;CHAPADA DAS MANGABEIRAS
2;Nordeste;22;Piaui;2210;CERRADOS;22002;CHAPADA DAS MANGABEIRAS;220110;Avelino Lopes;10.866;CHAPADA DAS MANGABEIRAS
2;Nordeste;22;Piaui;2210;CERRADOS;22002;CHAPADA DAS MANGABEIRAS;220660;Monte Alegre do Piaui;10.660;CHAPADA DAS MANGABEIRAS
2;Nordeste;22;Piaui;2210;CERRADOS;22002;CHAPADA DAS MANGABEIRAS;220310;Cristino Castro;10.503;CHAPADA DAS MANGABEIRAS
2;Nordeste;22;Piaui;2210;CERRADOS;22002;CHAPADA DAS MANGABEIRAS;220760;Parnagua;10.103;CHAPADA DAS MANGABEIRAS
2;Nordeste;22;Piaui;2210;CERRADOS;22002;CHAPADA DAS MANGABEIRAS;220870;Redencao do Gurgueia;8.394;CHAPADA DAS MANGABEIRAS
2;Nordeste;22;Piaui;2210;CERRADOS;22002;CHAPADA DAS MANGABEIRAS;220300;Cristalandia do Piaui;7.356;CHAPADA DAS MANGABEIRAS
2;Nordeste;22;Piaui;2210;CERRADOS;22002;CHAPADA DAS MANGABEIRAS;220920;Santa Filomena;6.087;CHAPADA DAS MANGABEIRAS
2;Nordeste;22;Piaui;2210;CERRADOS;22002;CHAPADA DAS MANGABEIRAS;220552;Julio Borges;5.388;CHAPADA DAS MANGABEIRAS
2;Nordeste;22;Piaui;2210;CERRADOS;22002;CHAPADA DAS MANGABEIRAS;220930;Santa Luz;5.336;CHAPADA DAS MANGABEIRAS
2;Nordeste;22;Piaui;2210;CERRADOS;22002;CHAPADA DAS MANGABEIRAS;220045;Alvorada do Gurgueia;5.322;CHAPADA DAS MANGABEIRAS
2;Nordeste;22;Piaui;2210;CERRADOS;22002;CHAPADA DAS MANGABEIRAS;220740;Palmeira do Piaui;4.952;CHAPADA DAS MANGABEIRAS
2;Nordeste;22;Piaui;2210;CERRADOS;22002;CHAPADA DAS MANGABEIRAS;220323;Currais;4.854;CHAPADA DAS MANGABEIRAS
2;Nordeste;22;Piaui;2210;CERRADOS;22002;CHAPADA DAS MANGABEIRAS;220665;Morro Cabeca no Tempo;4.377;CHAPADA DAS MANGABEIRAS
2;Nordeste;22;Piaui;2210;CERRADOS;22002;CHAPADA DAS MANGABEIRAS;220885;Riacho Frio;4.165;CHAPADA DAS MANGABEIRAS
2;Nordeste;22;Piaui;2210;CERRADOS;22002;CHAPADA DAS MANGABEIRAS;220130;Barreiras do Piaui;3.264;CHAPADA DAS MANGABEIRAS
2;Nordeste;22;Piaui;2210;CERRADOS;22002;CHAPADA DAS MANGABEIRAS;221062;Sebastiao Barros;3.202;CHAPADA DAS MANGABEIRAS
2;Nordeste;22;Piaui;2210;CERRADOS;22002;CHAPADA DAS MANGABEIRAS;220975;Sao Goncalo do Gurgueia;2.947;CHAPADA DAS MANGABEIRAS
2;Nordeste;22;Piaui;2209;LITORAL;22003;COCAIS;220840;Piripiri;65.538;COCAIS
2;Nordeste;22;Piaui;2209;LITORAL;22003;COCAIS;220120;Barras;47.938;COCAIS
2;Nordeste;22;Piaui;2209;LITORAL;22003;COCAIS;220370;Esperantina;40.970;COCAIS
2;Nordeste;22;Piaui;2209;LITORAL;22003;COCAIS;220790;Pedro II;37.894;COCAIS
2;Nordeste;22;Piaui;2209;LITORAL;22003;COCAIS;220830;Piracuruca;28.846;COCAIS
2;Nordeste;22;Piaui;2209;LITORAL;22003;COCAIS;220150;Batalha;26.300;COCAIS
2;Nordeste;22;Piaui;2209;LITORAL;22003;COCAIS;220580;Luzilandia;25.375;COCAIS
2;Nordeste;22;Piaui;2209;LITORAL;22003;COCAIS;220540;Joaquim Pires;13.886;COCAIS
2;Nordeste;22;Piaui;2209;LITORAL;22003;COCAIS;220850;Porto;12.052;COCAIS
2;Nordeste;22;Piaui;2209;LITORAL;22003;COCAIS;220240;Capitao de Campos;11.100;COCAIS
2;Nordeste;22;Piaui;2209;LITORAL;22003;COCAIS;220610;Matias Olimpio;10.641;COCAIS
2;Nordeste;22;Piaui;2209;LITORAL;22003;COCAIS;220680;Nossa Senhora dos Remedios;8.525;COCAIS
2;Nordeste;22;Piaui;2209;LITORAL;22003;COCAIS;220196;Brasileira;8.436;COCAIS
2;Nordeste;22;Piaui;2209;LITORAL;22003;COCAIS;220997;Sao Joao do Arraial;8.186;COCAIS
2;Nordeste;22;Piaui;2209;LITORAL;22003;COCAIS;220585;Madeiro;8.032;COCAIS
2;Nordeste;22;Piaui;2209;LITORAL;22003;COCAIS;220217;Campo Largo do Piaui;7.419;COCAIS
2;Nordeste;22;Piaui;2209;LITORAL;22003;COCAIS;220635;Milton Brandao;6.542;COCAIS
2;Nordeste;22;Piaui;2209;LITORAL;22003;COCAIS;220667;Morro do Chapeu do Piaui;6.425;COCAIS
2;Nordeste;22;Piaui;2209;LITORAL;22003;COCAIS;220557;Lagoa de Sao Francisco;6.331;COCAIS
2;Nordeste;22;Piaui;2209;LITORAL;22003;COCAIS;220987;Sao Joao da Fronteira;5.522;COCAIS
2;Nordeste;22;Piaui;2209;LITORAL;22003;COCAIS;220545;Joca Marques;5.394;COCAIS
2;Nordeste;22;Piaui;2209;LITORAL;22003;COCAIS;221005;Sao Jose do Divino;4.841;COCAIS
2;Nordeste;22;Piaui;2209;LITORAL;22003;COCAIS;220342;Domingos Mourao;4.075;COCAIS
2;Nordeste;22;Piaui;2208;MEIO NORTE;22004;ENTRE RIOS;221100;Teresina;866.300;ENTRE RIOS
2;Nordeste;22;Piaui;2208;MEIO NORTE;22004;ENTRE RIOS;220040;Altos;47.453;ENTRE RIOS
2;Nordeste;22;Piaui;2208;MEIO NORTE;22004;ENTRE RIOS;221110;Uniao;46.119;ENTRE RIOS
2;Nordeste;22;Piaui;2208;MEIO NORTE;22004;ENTRE RIOS;220550;Jose de Freitas;42.559;ENTRE RIOS
2;Nordeste;22;Piaui;2208;MEIO NORTE;22004;ENTRE RIOS;220620;Miguel Alves;32.150;ENTRE RIOS
2;Nordeste;22;Piaui;2208;MEIO NORTE;22004;ENTRE RIOS;220020;Agua Branca;17.573;ENTRE RIOS
2;Nordeste;22;Piaui;2208;MEIO NORTE;22004;ENTRE RIOS;220050;Amarante;17.234;ENTRE RIOS
2;Nordeste;22;Piaui;2208;MEIO NORTE;22004;ENTRE RIOS;220880;Regeneracao;17.133;ENTRE RIOS
2;Nordeste;22;Piaui;2208;MEIO NORTE;22004;ENTRE RIOS;220330;Demerval Lobao;16.352;ENTRE RIOS
2;Nordeste;22;Piaui;2208;MEIO NORTE;22004;ENTRE RIOS;221050;Sao Pedro do Piaui;13.755;ENTRE RIOS
2;Nordeste;22;Piaui;2208;MEIO NORTE;22004;ENTRE RIOS;220030;Alto Longa;13.479;ENTRE RIOS
2;Nordeste;22;Piaui;2208;MEIO NORTE;22004;ENTRE RIOS;220750;Palmeirais;13.264;ENTRE RIOS
2;Nordeste;22;Piaui;2208;MEIO NORTE;22004;ENTRE RIOS;220672;Nazaria;10.262;ENTRE RIOS
2;Nordeste;22;Piaui;2208;MEIO NORTE;22004;ENTRE RIOS;220640;Monsenhor Gil;10.255;ENTRE RIOS
2;Nordeste;22;Piaui;2208;MEIO NORTE;22004;ENTRE RIOS;220160;Beneditinos;9.929;ENTRE RIOS
2;Nordeste;22;Piaui;2208;MEIO NORTE;22004;ENTRE RIOS;220555;Lagoa Alegre;8.256;ENTRE RIOS
2;Nordeste;22;Piaui;2208;MEIO NORTE;22004;ENTRE RIOS;220060;Angical do Piaui;6.827;ENTRE RIOS
2;Nordeste;22;Piaui;2208;MEIO NORTE;22004;ENTRE RIOS;220140;Barro Duro;6.640;ENTRE RIOS
2;Nordeste;22;Piaui;2208;MEIO NORTE;22004;ENTRE RIOS;220010;Agricolandia;4.940;ENTRE RIOS
2;Nordeste;22;Piaui;2208;MEIO NORTE;22004;ENTRE RIOS;220980;Sao Goncalo do Piaui;4.837;ENTRE RIOS
2;Nordeste;22;Piaui;2208;MEIO NORTE;22004;ENTRE RIOS;220558;Lagoa do Piaui;4.810;ENTRE RIOS
2;Nordeste;22;Piaui;2208;MEIO NORTE;22004;ENTRE RIOS;220325;Curralinhos;4.413;ENTRE RIOS
2;Nordeste;22;Piaui;2208;MEIO NORTE;22004;ENTRE RIOS;220525;Jardim do Mulato;4.180;ENTRE RIOS
2;Nordeste;22;Piaui;2208;MEIO NORTE;22004;ENTRE RIOS;220775;Passagem Franca do Piaui;4.135;ENTRE RIOS
2;Nordeste;22;Piaui;2208;MEIO NORTE;22004;ENTRE RIOS;220273;Coivaras;4.117;ENTRE RIOS
2;Nordeste;22;Piaui;2208;MEIO NORTE;22004;ENTRE RIOS;220779;Pau D'Arco do Piaui;3.880;ENTRE RIOS
2;Nordeste;22;Piaui;2208;MEIO NORTE;22004;ENTRE RIOS;220460;Hugo Napoleao;3.518;ENTRE RIOS
2;Nordeste;22;Piaui;2208;MEIO NORTE;22004;ENTRE RIOS;220554;Lagoinha do Piaui;2.939;ENTRE RIOS
2;Nordeste;22;Piaui;2208;MEIO NORTE;22004;ENTRE RIOS;220710;Olho D'Agua do Piaui;2.637;ENTRE RIOS
2;Nordeste;22;Piaui;2208;MEIO NORTE;22004;ENTRE RIOS;220945;Santo Antonio dos Milagres;2.138;ENTRE RIOS
2;Nordeste;22;Piaui;2208;MEIO NORTE;22004;ENTRE RIOS;220630;Miguel Leao;1.318;ENTRE RIOS
2;Nordeste;22;Piaui;2209;LITORAL;22005;PLANICIE LITORANEA;220770;Parnaiba;162.159;PLANICIE LITORANEA
2;Nordeste;22;Piaui;2209;LITORAL;22005;PLANICIE LITORANEA;220570;Luis Correia;30.641;PLANICIE LITORANEA
2;Nordeste;22;Piaui;2209;LITORAL;22005;PLANICIE LITORANEA;220270;Cocal;28.212;PLANICIE LITORANEA
2;Nordeste;22;Piaui;2209;LITORAL;22005;PLANICIE LITORANEA;220200;Buriti dos Lopes;19.654;PLANICIE LITORANEA
2;Nordeste;22;Piaui;2209;LITORAL;22005;PLANICIE LITORANEA;220669;Murici dos Portelas;9.797;PLANICIE LITORANEA
2;Nordeste;22;Piaui;2209;LITORAL;22005;PLANICIE LITORANEA;220465;Ilha Grande;9.274;PLANICIE LITORANEA
2;Nordeste;22;Piaui;2209;LITORAL;22005;PLANICIE LITORANEA;220208;Cajueiro da Praia;7.957;PLANICIE LITORANEA
2;Nordeste;22;Piaui;2209;LITORAL;22005;PLANICIE LITORANEA;220272;Cocal dos Alves;6.386;PLANICIE LITORANEA
2;Nordeste;22;Piaui;2209;LITORAL;22005;PLANICIE LITORANEA;220191;Bom Principio do Piaui;5.636;PLANICIE LITORANEA
2;Nordeste;22;Piaui;2209;LITORAL;22005;PLANICIE LITORANEA;220253;Caraubas do Piaui;5.630;PLANICIE LITORANEA
2;Nordeste;22;Piaui;2209;LITORAL;22005;PLANICIE LITORANEA;220265;Caxingo;5.496;PLANICIE LITORANEA
2;Nordeste;22;Piaui;2210;CERRADOS;22006;SERRA DA CAPIVARA;221060;Sao Raimundo Nonato;38.934;SERRA DA CAPIVARA
2;Nordeste;22;Piaui;2210;CERRADOS;22006;SERRA DA CAPIVARA;221000;Sao Joao do Piaui;21.421;SERRA DA CAPIVARA
2;Nordeste;22;Piaui;2210;CERRADOS;22006;SERRA DA CAPIVARA;220250;Caracol;10.318;SERRA DA CAPIVARA
2;Nordeste;22;Piaui;2210;CERRADOS;22006;SERRA DA CAPIVARA;220070;Anisio de Abreu;9.407;SERRA DA CAPIVARA
2;Nordeste;22;Piaui;2210;CERRADOS;22006;SERRA DA CAPIVARA;220345;Dom Inocencio;9.159;SERRA DA CAPIVARA
2;Nordeste;22;Piaui;2210;CERRADOS;22006;SERRA DA CAPIVARA;220335;Dirceu Arcoverde;7.054;SERRA DA CAPIVARA
2;Nordeste;22;Piaui;2210;CERRADOS;22006;SERRA DA CAPIVARA;220192;Bonfim do Piaui;5.913;SERRA DA CAPIVARA
2;Nordeste;22;Piaui;2210;CERRADOS;22006;SERRA DA CAPIVARA;220375;Fartura do Piaui;5.284;SERRA DA CAPIVARA
2;Nordeste;22;Piaui;2210;CERRADOS;22006;SERRA DA CAPIVARA;221135;Varzea Branca;5.055;SERRA DA CAPIVARA
2;Nordeste;22;Piaui;2210;CERRADOS;22006;SERRA DA CAPIVARA;220556;Lagoa do Barro do Piaui;4.995;SERRA DA CAPIVARA
2;Nordeste;22;Piaui;2210;CERRADOS;22006;SERRA DA CAPIVARA;220211;Campo Alegre do Fidalgo;4.616;SERRA DA CAPIVARA
2;Nordeste;22;Piaui;2210;CERRADOS;22006;SERRA DA CAPIVARA;220553;Jurema;4.425;SERRA DA CAPIVARA
2;Nordeste;22;Piaui;2210;CERRADOS;22006;SERRA DA CAPIVARA;221035;Sao Lourenco do Piaui;4.410;SERRA DA CAPIVARA
2;Nordeste;22;Piaui;2210;CERRADOS;22006;SERRA DA CAPIVARA;220955;Sao Braz do Piaui;4.358;SERRA DA CAPIVARA
2;Nordeste;22;Piaui;2210;CERRADOS;22006;SERRA DA CAPIVARA;220455;Guaribas;4.276;SERRA DA CAPIVARA
2;Nordeste;22;Piaui;2210;CERRADOS;22006;SERRA DA CAPIVARA;220285;Coronel Jose Dias;4.250;SERRA DA CAPIVARA
2;Nordeste;22;Piaui;2210;CERRADOS;22006;SERRA DA CAPIVARA;220795;Nova Santa Rita;4.076;SERRA DA CAPIVARA
2;Nordeste;22;Piaui;2210;CERRADOS;22006;SERRA DA CAPIVARA;220245;Capitao Gervasio Oliveira;3.974;SERRA DA CAPIVARA
2;Nordeste;22;Piaui;2210;CERRADOS;22006;SERRA DA CAPIVARA;220535;Joao Costa;2.970;SERRA DA CAPIVARA
2;Nordeste;22;Piaui;2210;CERRADOS;22006;SERRA DA CAPIVARA;220793;Pedro Laurentino;2.458;SERRA DA CAPIVARA
2;Nordeste;22;Piaui;2210;CERRADOS;22007;TABULEIROS DO ALTO PARNAIBA;221120;Urucui;25.203;TABULEIROS DO ALTO PARNAIBA
2;Nordeste;22;Piaui;2210;CERRADOS;22007;TABULEIROS DO ALTO PARNAIBA;220115;Baixa Grande do Ribeiro;13.272;TABULEIROS DO ALTO PARNAIBA
2;Nordeste;22;Piaui;2210;CERRADOS;22007;TABULEIROS DO ALTO PARNAIBA;220890;Ribeiro Goncalves;6.164;TABULEIROS DO ALTO PARNAIBA
2;Nordeste;22;Piaui;2210;CERRADOS;22007;TABULEIROS DO ALTO PARNAIBA;221063;Sebastiao Leal;4.446;TABULEIROS DO ALTO PARNAIBA
2;Nordeste;22;Piaui;2210;CERRADOS;22007;TABULEIROS DO ALTO PARNAIBA;220080;Antonio Almeida;3.152;TABULEIROS DO ALTO PARNAIBA
2;Nordeste;22;Piaui;2207;SEMI-ARIDO;22008;VALE DO CANINDE;220700;Oeiras;38.161;VALE DO CANINDE
2;Nordeste;22;Piaui;2207;SEMI-ARIDO;22008;VALE DO CANINDE;221080;Simplicio Mendes;13.870;VALE DO CANINDE
2;Nordeste;22;Piaui;2207;SEMI-ARIDO;22008;VALE DO CANINDE;220490;Isaias Coelho;7.774;VALE DO CANINDE
2;Nordeste;22;Piaui;2207;SEMI-ARIDO;22008;VALE DO CANINDE;220277;Colonia do Piaui;6.994;VALE DO CANINDE
2;Nordeste;22;Piaui;2207;SEMI-ARIDO;22008;VALE DO CANINDE;220965;Sao Francisco de Assis do Piaui;5.572;VALE DO CANINDE
2;Nordeste;22;Piaui;2207;SEMI-ARIDO;22008;VALE DO CANINDE;220210;Campinas do Piaui;4.938;VALE DO CANINDE
2;Nordeste;22;Piaui;2207;SEMI-ARIDO;22008;VALE DO CANINDE;220280;Conceicao do Caninde;4.932;VALE DO CANINDE
2;Nordeste;22;Piaui;2207;SEMI-ARIDO;22008;VALE DO CANINDE;220937;Santa Rosa do Piaui;4.650;VALE DO CANINDE
2;Nordeste;22;Piaui;2207;SEMI-ARIDO;22008;VALE DO CANINDE;220995;Sao Joao da Varjota;4.383;VALE DO CANINDE
2;Nordeste;22;Piaui;2207;SEMI-ARIDO;22008;VALE DO CANINDE;220155;Bela Vista do Piaui;4.091;VALE DO CANINDE
2;Nordeste;22;Piaui;2207;SEMI-ARIDO;22008;VALE DO CANINDE;220950;Santo Inacio do Piaui;3.646;VALE DO CANINDE
2;Nordeste;22;Piaui;2207;SEMI-ARIDO;22008;VALE DO CANINDE;220207;Cajazeiras do Piaui;3.108;VALE DO CANINDE
2;Nordeste;22;Piaui;2207;SEMI-ARIDO;22008;VALE DO CANINDE;220385;Floresta do Piaui;2.333;VALE DO CANINDE
2;Nordeste;22;Piaui;2207;SEMI-ARIDO;22008;VALE DO CANINDE;221097;Tanque do Piaui;2.316;VALE DO CANINDE
2;Nordeste;22;Piaui;2207;SEMI-ARIDO;22009;VALE DO RIO GUARIBAS;220800;Picos;83.090;VALE DO RIO GUARIBAS
2;Nordeste;22;Piaui;2207;SEMI-ARIDO;22009;VALE DO RIO GUARIBAS;220820;Pio IX;17.613;VALE DO RIO GUARIBAS
2;Nordeste;22;Piaui;2207;SEMI-ARIDO;22009;VALE DO RIO GUARIBAS;220500;Itainopolis;10.790;VALE DO RIO GUARIBAS
2;Nordeste;22;Piaui;2207;SEMI-ARIDO;22009;VALE DO RIO GUARIBAS;220430;Fronteiras;10.259;VALE DO RIO GUARIBAS
2;Nordeste;22;Piaui;2207;SEMI-ARIDO;22009;VALE DO RIO GUARIBAS;220480;Ipiranga do Piaui;9.420;VALE DO RIO GUARIBAS
2;Nordeste;22;Piaui;2207;SEMI-ARIDO;22009;VALE DO RIO GUARIBAS;220420;Francisco Santos;8.237;VALE DO RIO GUARIBAS
2;Nordeste;22;Piaui;2207;SEMI-ARIDO;22009;VALE DO RIO GUARIBAS;220650;Monsenhor Hipolito;7.577;VALE DO RIO GUARIBAS
2;Nordeste;22;Piaui;2207;SEMI-ARIDO;22009;VALE DO RIO GUARIBAS;220025;Alagoinha do Piaui;6.819;VALE DO RIO GUARIBAS
2;Nordeste;22;Piaui;2207;SEMI-ARIDO;22009;VALE DO RIO GUARIBAS;221020;Sao Jose do Piaui;6.597;VALE DO RIO GUARIBAS
2;Nordeste;22;Piaui;2207;SEMI-ARIDO;22009;VALE DO RIO GUARIBAS;220340;Dom Expedito Lopes;6.320;VALE DO RIO GUARIBAS
2;Nordeste;22;Piaui;2207;SEMI-ARIDO;22009;VALE DO RIO GUARIBAS;221093;Sussuapara;6.220;VALE DO RIO GUARIBAS
2;Nordeste;22;Piaui;2207;SEMI-ARIDO;22009;VALE DO RIO GUARIBAS;221030;Sao Juliao;6.025;VALE DO RIO GUARIBAS
2;Nordeste;22;Piaui;2207;SEMI-ARIDO;22009;VALE DO RIO GUARIBAS;220213;Campo Grande do Piaui;6.020;VALE DO RIO GUARIBAS
2;Nordeste;22;Piaui;2207;SEMI-ARIDO;22009;VALE DO RIO GUARIBAS;220940;Santo Antonio de Lisboa;5.839;VALE DO RIO GUARIBAS
2;Nordeste;22;Piaui;2207;SEMI-ARIDO;22009;VALE DO RIO GUARIBAS;220910;Santa Cruz do Piaui;5.831;VALE DO RIO GUARIBAS
2;Nordeste;22;Piaui;2207;SEMI-ARIDO;22009;VALE DO RIO GUARIBAS;220435;Geminiano;5.445;VALE DO RIO GUARIBAS
2;Nordeste;22;Piaui;2207;SEMI-ARIDO;22009;VALE DO RIO GUARIBAS;220027;Alegrete do Piaui;4.634;VALE DO RIO GUARIBAS
2;Nordeste;22;Piaui;2207;SEMI-ARIDO;22009;VALE DO RIO GUARIBAS;220985;Sao Joao da Canabrava;4.242;VALE DO RIO GUARIBAS
2;Nordeste;22;Piaui;2207;SEMI-ARIDO;22009;VALE DO RIO GUARIBAS;220935;Santana do Piaui;4.125;VALE DO RIO GUARIBAS
2;Nordeste;22;Piaui;2207;SEMI-ARIDO;22009;VALE DO RIO GUARIBAS;220180;Bocaina;4.078;VALE DO RIO GUARIBAS
2;Nordeste;22;Piaui;2207;SEMI-ARIDO;22009;VALE DO RIO GUARIBAS;221170;Wall Ferraz;4.059;VALE DO RIO GUARIBAS
2;Nordeste;22;Piaui;2207;SEMI-ARIDO;22009;VALE DO RIO GUARIBAS;220755;Paqueta;3.813;VALE DO RIO GUARIBAS
2;Nordeste;22;Piaui;2207;SEMI-ARIDO;22009;VALE DO RIO GUARIBAS;221150;Vera Mendes;3.185;VALE DO RIO GUARIBAS
2;Nordeste;22;Piaui;2207;SEMI-ARIDO;22009;VALE DO RIO GUARIBAS;221160;Vila Nova do Piaui;2.935;VALE DO RIO GUARIBAS
2;Nordeste;22;Piaui;2207;SEMI-ARIDO;22009;VALE DO RIO GUARIBAS;220095;Aroeiras do Itaim;2.690;VALE DO RIO GUARIBAS
2;Nordeste;22;Piaui;2207;SEMI-ARIDO;22009;VALE DO RIO GUARIBAS;221037;Sao Luis do Piaui;2.309;VALE DO RIO GUARIBAS
2;Nordeste;22;Piaui;2207;SEMI-ARIDO;22010;VALE DO SAMBITO;221130;Valenca do Piaui;22.279;VALE DO SAMBITO
2;Nordeste;22;Piaui;2207;SEMI-ARIDO;22010;VALE DO SAMBITO;220470;Inhuma;14.958;VALE DO SAMBITO
2;Nordeste;22;Piaui;2207;SEMI-ARIDO;22010;VALE DO SAMBITO;220350;Elesbao Veloso;13.607;VALE DO SAMBITO
2;Nordeste;22;Piaui;2207;SEMI-ARIDO;22010;VALE DO SAMBITO;220810;Pimenteiras;11.341;VALE DO SAMBITO
2;Nordeste;22;Piaui;2207;SEMI-ARIDO;22010;VALE DO SAMBITO;220690;Novo Oriente do Piaui;6.097;VALE DO SAMBITO
2;Nordeste;22;Piaui;2207;SEMI-ARIDO;22010;VALE DO SAMBITO;220090;Aroazes;5.369;VALE DO SAMBITO
2;Nordeste;22;Piaui;2207;SEMI-ARIDO;22010;VALE DO SAMBITO;220559;Lagoa do Sitio;4.520;VALE DO SAMBITO
2;Nordeste;22;Piaui;2207;SEMI-ARIDO;22010;VALE DO SAMBITO;220400;Francinopolis;4.505;VALE DO SAMBITO
2;Nordeste;22;Piaui;2207;SEMI-ARIDO;22010;VALE DO SAMBITO;221140;Varzea Grande;4.417;VALE DO SAMBITO
2;Nordeste;22;Piaui;2207;SEMI-ARIDO;22010;VALE DO SAMBITO;220117;Barra D'Alcantara;3.995;VALE DO SAMBITO
2;Nordeste;22;Piaui;2207;SEMI-ARIDO;22010;VALE DO SAMBITO;220915;Santa Cruz dos Milagres;3.435;VALE DO SAMBITO
2;Nordeste;22;Piaui;2207;SEMI-ARIDO;22010;VALE DO SAMBITO;220860;Prata do Piaui;3.042;VALE DO SAMBITO
2;Nordeste;22;Piaui;2207;SEMI-ARIDO;22010;VALE DO SAMBITO;220960;Sao Felix do Piaui;2.842;VALE DO SAMBITO
2;Nordeste;22;Piaui;2207;SEMI-ARIDO;22010;VALE DO SAMBITO;221038;Sao Miguel da Baixa Grande;2.269;VALE DO SAMBITO
2;Nordeste;22;Piaui;2210;CERRADOS;22011;VALE DOS RIOS PIAUI E ITAUEIRAS;220390;Floriano;62.036;VALE DOS RIOS PIAUI E ITAUEIRAS
2;Nordeste;22;Piaui;2210;CERRADOS;22011;VALE DOS RIOS PIAUI E ITAUEIRAS;220230;Canto do Buriti;19.365;VALE DOS RIOS PIAUI E ITAUEIRAS
2;Nordeste;22;Piaui;2210;CERRADOS;22011;VALE DOS RIOS PIAUI E ITAUEIRAS;220510;Itaueira;10.323;VALE DOS RIOS PIAUI E ITAUEIRAS
2;Nordeste;22;Piaui;2210;CERRADOS;22011;VALE DOS RIOS PIAUI E ITAUEIRAS;220450;Guadalupe;10.270;VALE DOS RIOS PIAUI E ITAUEIRAS
2;Nordeste;22;Piaui;2210;CERRADOS;22011;VALE DOS RIOS PIAUI E ITAUEIRAS;220670;Nazare do Piaui;6.665;VALE DOS RIOS PIAUI E ITAUEIRAS
2;Nordeste;22;Piaui;2210;CERRADOS;22011;VALE DOS RIOS PIAUI E ITAUEIRAS;220275;Colonia do Gurgueia;6.150;VALE DOS RIOS PIAUI E ITAUEIRAS
2;Nordeste;22;Piaui;2210;CERRADOS;22011;VALE DOS RIOS PIAUI E ITAUEIRAS;220900;Rio Grande do Piaui;5.801;VALE DOS RIOS PIAUI E ITAUEIRAS
2;Nordeste;22;Piaui;2210;CERRADOS;22011;VALE DOS RIOS PIAUI E ITAUEIRAS;220170;Bertolinia;5.562;VALE DOS RIOS PIAUI E ITAUEIRAS
2;Nordeste;22;Piaui;2210;CERRADOS;22011;VALE DOS RIOS PIAUI E ITAUEIRAS;220970;Sao Francisco do Piaui;5.392;VALE DOS RIOS PIAUI E ITAUEIRAS
2;Nordeste;22;Piaui;2210;CERRADOS;22011;VALE DOS RIOS PIAUI E ITAUEIRAS;220560;Landri Sales;5.213;VALE DOS RIOS PIAUI E ITAUEIRAS
2;Nordeste;22;Piaui;2210;CERRADOS;22011;VALE DOS RIOS PIAUI E ITAUEIRAS;220590;Manoel Emidio;5.209;VALE DOS RIOS PIAUI E ITAUEIRAS
2;Nordeste;22;Piaui;2210;CERRADOS;22011;VALE DOS RIOS PIAUI E ITAUEIRAS;220600;Marcos Parente;4.724;VALE DOS RIOS PIAUI E ITAUEIRAS
2;Nordeste;22;Piaui;2210;CERRADOS;22011;VALE DOS RIOS PIAUI E ITAUEIRAS;220100;Arraial;4.520;VALE DOS RIOS PIAUI E ITAUEIRAS
2;Nordeste;22;Piaui;2210;CERRADOS;22011;VALE DOS RIOS PIAUI E ITAUEIRAS;220530;Jerumenha;4.497;VALE DOS RIOS PIAUI E ITAUEIRAS
2;Nordeste;22;Piaui;2210;CERRADOS;22011;VALE DOS RIOS PIAUI E ITAUEIRAS;220380;Flores do Piaui;4.414;VALE DOS RIOS PIAUI E ITAUEIRAS
2;Nordeste;22;Piaui;2210;CERRADOS;22011;VALE DOS RIOS PIAUI E ITAUEIRAS;220410;Francisco Ayres;4.412;VALE DOS RIOS PIAUI E ITAUEIRAS
2;Nordeste;22;Piaui;2210;CERRADOS;22011;VALE DOS RIOS PIAUI E ITAUEIRAS;220360;Eliseu Martins;4.377;VALE DOS RIOS PIAUI E ITAUEIRAS
2;Nordeste;22;Piaui;2210;CERRADOS;22011;VALE DOS RIOS PIAUI E ITAUEIRAS;221090;Socorro do Piaui;4.141;VALE DOS RIOS PIAUI E ITAUEIRAS
2;Nordeste;22;Piaui;2210;CERRADOS;22011;VALE DOS RIOS PIAUI E ITAUEIRAS;220730;Paes Landim;4.088;VALE DOS RIOS PIAUI E ITAUEIRAS
2;Nordeste;22;Piaui;2210;CERRADOS;22011;VALE DOS RIOS PIAUI E ITAUEIRAS;220887;Ribeira do Piaui;4.055;VALE DOS RIOS PIAUI E ITAUEIRAS
2;Nordeste;22;Piaui;2210;CERRADOS;22011;VALE DOS RIOS PIAUI E ITAUEIRAS;220198;Brejo do Piaui;3.904;VALE DOS RIOS PIAUI E ITAUEIRAS
2;Nordeste;22;Piaui;2210;CERRADOS;22011;VALE DOS RIOS PIAUI E ITAUEIRAS;220785;Pavussu;3.628;VALE DOS RIOS PIAUI E ITAUEIRAS
2;Nordeste;22;Piaui;2210;CERRADOS;22011;VALE DOS RIOS PIAUI E ITAUEIRAS;220225;Canavieira;3.414;VALE DOS RIOS PIAUI E ITAUEIRAS
2;Nordeste;22;Piaui;2210;CERRADOS;22011;VALE DOS RIOS PIAUI E ITAUEIRAS;221010;Sao Jose do Peixe;3.297;VALE DOS RIOS PIAUI E ITAUEIRAS
2;Nordeste;22;Piaui;2210;CERRADOS;22011;VALE DOS RIOS PIAUI E ITAUEIRAS;220735;Pajeu do Piaui;3.000;VALE DOS RIOS PIAUI E ITAUEIRAS
2;Nordeste;22;Piaui;2210;CERRADOS;22011;VALE DOS RIOS PIAUI E ITAUEIRAS;221095;Tamboril do Piaui;2.949;VALE DOS RIOS PIAUI E ITAUEIRAS
2;Nordeste;22;Piaui;2210;CERRADOS;22011;VALE DOS RIOS PIAUI E ITAUEIRAS;221039;Sao Miguel do Fidalgo;2.829;VALE DOS RIOS PIAUI E ITAUEIRAS
2;Nordeste;22;Piaui;2210;CERRADOS;22011;VALE DOS RIOS PIAUI E ITAUEIRAS;220855;Porto Alegre do Piaui;2.364;VALE DOS RIOS PIAUI E ITAUEIRAS
2;Nordeste;22;Piaui;2207;SEMI-ARIDO;22012;CHAPADA VALE DO RIO ITAIM;220780;Paulistana;21.055;CHAPADA VALE DO RIO ITAIM
2;Nordeste;22;Piaui;2207;SEMI-ARIDO;22012;CHAPADA VALE DO RIO ITAIM;220520;Jaicos;17.527;CHAPADA VALE DO RIO ITAIM
2;Nordeste;22;Piaui;2207;SEMI-ARIDO;22012;CHAPADA VALE DO RIO ITAIM;221070;Simoes;14.350;CHAPADA VALE DO RIO ITAIM
2;Nordeste;22;Piaui;2207;SEMI-ARIDO;22012;CHAPADA VALE DO RIO ITAIM;220865;Queimada Nova;8.738;CHAPADA VALE DO RIO ITAIM
2;Nordeste;22;Piaui;2207;SEMI-ARIDO;22012;CHAPADA VALE DO RIO ITAIM;220595;Marcolandia;8.533;CHAPADA VALE DO RIO ITAIM
2;Nordeste;22;Piaui;2207;SEMI-ARIDO;22012;CHAPADA VALE DO RIO ITAIM;220005;Acaua;6.420;CHAPADA VALE DO RIO ITAIM
2;Nordeste;22;Piaui;2207;SEMI-ARIDO;22012;CHAPADA VALE DO RIO ITAIM;220720;Padre Marcos;6.382;CHAPADA VALE DO RIO ITAIM
2;Nordeste;22;Piaui;2207;SEMI-ARIDO;22012;CHAPADA VALE DO RIO ITAIM;220173;Betania do Piaui;6.220;CHAPADA VALE DO RIO ITAIM
2;Nordeste;22;Piaui;2207;SEMI-ARIDO;22012;CHAPADA VALE DO RIO ITAIM;220515;Jacobina do Piaui;5.613;CHAPADA VALE DO RIO ITAIM
2;Nordeste;22;Piaui;2207;SEMI-ARIDO;22012;CHAPADA VALE DO RIO ITAIM;220209;Caldeirao Grande do Piaui;5.503;CHAPADA VALE DO RIO ITAIM
2;Nordeste;22;Piaui;2207;SEMI-ARIDO;22012;CHAPADA VALE DO RIO ITAIM;220777;Patos do Piaui;5.425;CHAPADA VALE DO RIO ITAIM
2;Nordeste;22;Piaui;2207;SEMI-ARIDO;22012;CHAPADA VALE DO RIO ITAIM;220605;Massape do Piaui;5.218;CHAPADA VALE DO RIO ITAIM
2;Nordeste;22;Piaui;2207;SEMI-ARIDO;22012;CHAPADA VALE DO RIO ITAIM;220327;Curral Novo do Piaui;5.073;CHAPADA VALE DO RIO ITAIM
2;Nordeste;22;Piaui;2207;SEMI-ARIDO;22012;CHAPADA VALE DO RIO ITAIM;220255;Caridade do Piaui;5.033;CHAPADA VALE DO RIO ITAIM
2;Nordeste;22;Piaui;2207;SEMI-ARIDO;22012;CHAPADA VALE DO RIO ITAIM;220157;Belem do Piaui;3.423;CHAPADA VALE DO RIO ITAIM
2;Nordeste;22;Piaui;2207;SEMI-ARIDO;22012;CHAPADA VALE DO RIO ITAIM;220415;Francisco Macedo;2.929;CHAPADA VALE DO RIO ITAIM
2;Nordeste;23;Ceara;2310;FORTALEZA;23001;1a RS FORTALEZA;230440;Fortaleza;2.428.708;1a RS FORTALEZA
2;Nordeste;23;Ceara;2310;FORTALEZA;23001;1a RS FORTALEZA;230370;Caucaia;355.679;1a RS FORTALEZA
2;Nordeste;23;Ceara;2310;FORTALEZA;23001;1a RS FORTALEZA;230765;Maracanau;234.509;1a RS FORTALEZA
2;Nordeste;23;Ceara;2310;FORTALEZA;23001;1a RS FORTALEZA;230640;Itapipoca;131.123;1a RS FORTALEZA
2;Nordeste;23;Ceara;2310;FORTALEZA;23001;1a RS FORTALEZA;230770;Maranguape;105.093;1a RS FORTALEZA
2;Nordeste;23;Ceara;2310;FORTALEZA;23001;1a RS FORTALEZA;230970;Pacatuba;81.524;1a RS FORTALEZA
2;Nordeste;23;Ceara;2310;FORTALEZA;23001;1a RS FORTALEZA;230100;Aquiraz;80.645;1a RS FORTALEZA
2;Nordeste;23;Ceara;2310;FORTALEZA;23001;1a RS FORTALEZA;230523;Horizonte;74.755;1a RS FORTALEZA
2;Nordeste;23;Ceara;2310;FORTALEZA;23001;1a RS FORTALEZA;230428;Eusebio;74.170;1a RS FORTALEZA
2;Nordeste;23;Ceara;2310;FORTALEZA;23001;1a RS FORTALEZA;230350;Cascavel;72.720;1a RS FORTALEZA
2;Nordeste;23;Ceara;2310;FORTALEZA;23001;1a RS FORTALEZA;230960;Pacajus;70.983;1a RS FORTALEZA
2;Nordeste;23;Ceara;2310;FORTALEZA;23001;1a RS FORTALEZA;230625;Itaitinga;64.650;1a RS FORTALEZA
2;Nordeste;23;Ceara;2310;FORTALEZA;23001;1a RS FORTALEZA;231350;Trairi;58.415;1a RS FORTALEZA
2;Nordeste;23;Ceara;2310;FORTALEZA;23001;1a RS FORTALEZA;231240;Sao Goncalo do Amarante;54.143;1a RS FORTALEZA
2;Nordeste;23;Ceara;2310;FORTALEZA;23001;1a RS FORTALEZA;230220;Beberibe;53.114;1a RS FORTALEZA
2;Nordeste;23;Ceara;2310;FORTALEZA;23001;1a RS FORTALEZA;230630;Itapaje;46.426;1a RS FORTALEZA
2;Nordeste;23;Ceara;2310;FORTALEZA;23001;1a RS FORTALEZA;230075;Amontada;42.156;1a RS FORTALEZA
2;Nordeste;23;Ceara;2310;FORTALEZA;23001;1a RS FORTALEZA;231020;Paracuru;38.980;1a RS FORTALEZA
2;Nordeste;23;Ceara;2310;FORTALEZA;23001;1a RS FORTALEZA;231070;Pentecoste;37.813;1a RS FORTALEZA
2;Nordeste;23;Ceara;2310;FORTALEZA;23001;1a RS FORTALEZA;230210;Baturite;35.218;1a RS FORTALEZA
2;Nordeste;23;Ceara;2310;FORTALEZA;23001;1a RS FORTALEZA;231025;Paraipaba;32.216;1a RS FORTALEZA
2;Nordeste;23;Ceara;2310;FORTALEZA;23001;1a RS FORTALEZA;231160;Redencao;27.214;1a RS FORTALEZA
2;Nordeste;23;Ceara;2310;FORTALEZA;23001;1a RS FORTALEZA;230120;Aracoiaba;25.553;1a RS FORTALEZA
2;Nordeste;23;Ceara;2310;FORTALEZA;23001;1a RS FORTALEZA;230945;Ocara;24.493;1a RS FORTALEZA
2;Nordeste;23;Ceara;2310;FORTALEZA;23001;1a RS FORTALEZA;230495;Guaiuba;24.325;1a RS FORTALEZA
2;Nordeste;23;Ceara;2310;FORTALEZA;23001;1a RS FORTALEZA;231085;Pindoretama;23.391;1a RS FORTALEZA
2;Nordeste;23;Ceara;2310;FORTALEZA;23001;1a RS FORTALEZA;230195;Barreira;22.392;1a RS FORTALEZA
2;Nordeste;23;Ceara;2310;FORTALEZA;23001;1a RS FORTALEZA;231380;Uruburetama;20.189;1a RS FORTALEZA
2;Nordeste;23;Ceara;2310;FORTALEZA;23001;1a RS FORTALEZA;230395;Chorozinho;20.163;1a RS FORTALEZA
2;Nordeste;23;Ceara;2310;FORTALEZA;23001;1a RS FORTALEZA;230650;Itapiuna;17.841;1a RS FORTALEZA
2;Nordeste;23;Ceara;2310;FORTALEZA;23001;1a RS FORTALEZA;231375;Umirim;17.470;1a RS FORTALEZA
2;Nordeste;23;Ceara;2310;FORTALEZA;23001;1a RS FORTALEZA;230290;Capistrano;17.254;1a RS FORTALEZA
2;Nordeste;23;Ceara;2310;FORTALEZA;23001;1a RS FORTALEZA;231335;Tejucuoca;17.154;1a RS FORTALEZA
2;Nordeste;23;Ceara;2310;FORTALEZA;23001;1a RS FORTALEZA;231355;Tururu;15.412;1a RS FORTALEZA
2;Nordeste;23;Ceara;2310;FORTALEZA;23001;1a RS FORTALEZA;230837;Miraima;14.196;1a RS FORTALEZA
2;Nordeste;23;Ceara;2310;FORTALEZA;23001;1a RS FORTALEZA;230015;Acarape;14.027;1a RS FORTALEZA
2;Nordeste;23;Ceara;2310;FORTALEZA;23001;1a RS FORTALEZA;230090;Apuiares;12.928;1a RS FORTALEZA
2;Nordeste;23;Ceara;2310;FORTALEZA;23001;1a RS FORTALEZA;230140;Aratuba;11.224;1a RS FORTALEZA
2;Nordeste;23;Ceara;2310;FORTALEZA;23001;1a RS FORTALEZA;230980;Pacoti;11.186;1a RS FORTALEZA
2;Nordeste;23;Ceara;2310;FORTALEZA;23001;1a RS FORTALEZA;231260;Sao Luis do Curu;10.822;1a RS FORTALEZA
2;Nordeste;23;Ceara;2310;FORTALEZA;23001;1a RS FORTALEZA;230910;Mulungu;10.569;1a RS FORTALEZA
2;Nordeste;23;Ceara;2310;FORTALEZA;23001;1a RS FORTALEZA;231010;Palmacia;10.242;1a RS FORTALEZA
2;Nordeste;23;Ceara;2310;FORTALEZA;23001;1a RS FORTALEZA;230460;General Sampaio;6.734;1a RS FORTALEZA
2;Nordeste;23;Ceara;2310;FORTALEZA;23001;1a RS FORTALEZA;230510;Guaramiranga;5.654;1a RS FORTALEZA
2;Nordeste;23;Ceara;2309;SOBRAL;23011;5a RS SOBRAL;231290;Sobral;203.023;5a RS SOBRAL
2;Nordeste;23;Ceara;2309;SOBRAL;23011;5a RS SOBRAL;231340;Tiangua;81.506;5a RS SOBRAL
2;Nordeste;23;Ceara;2309;SOBRAL;23011;5a RS SOBRAL;230410;Crateus;76.390;5a RS SOBRAL
2;Nordeste;23;Ceara;2309;SOBRAL;23011;5a RS SOBRAL;230020;Acarau;65.264;5a RS SOBRAL
2;Nordeste;23;Ceara;2309;SOBRAL;23011;5a RS SOBRAL;230260;Camocim;62.326;5a RS SOBRAL
2;Nordeste;23;Ceara;2309;SOBRAL;23011;5a RS SOBRAL;231410;Vicosa do Ceara;59.712;5a RS SOBRAL
2;Nordeste;23;Ceara;2309;SOBRAL;23011;5a RS SOBRAL;230470;Granja;53.344;5a RS SOBRAL
2;Nordeste;23;Ceara;2309;SOBRAL;23011;5a RS SOBRAL;231230;Sao Benedito;47.640;5a RS SOBRAL
2;Nordeste;23;Ceara;2309;SOBRAL;23011;5a RS SOBRAL;230655;Itarema;42.957;5a RS SOBRAL
2;Nordeste;23;Ceara;2309;SOBRAL;23011;5a RS SOBRAL;230500;Guaraciaba do Norte;42.053;5a RS SOBRAL
2;Nordeste;23;Ceara;2309;SOBRAL;23011;5a RS SOBRAL;230580;Ipu;41.081;5a RS SOBRAL
2;Nordeste;23;Ceara;2309;SOBRAL;23011;5a RS SOBRAL;231220;Santa Quiteria;40.183;5a RS SOBRAL
2;Nordeste;23;Ceara;2309;SOBRAL;23011;5a RS SOBRAL;230800;Massape;37.697;5a RS SOBRAL
2;Nordeste;23;Ceara;2309;SOBRAL;23011;5a RS SOBRAL;230590;Ipueiras;36.798;5a RS SOBRAL
2;Nordeste;23;Ceara;2309;SOBRAL;23011;5a RS SOBRAL;230230;Bela Cruz;32.775;5a RS SOBRAL
2;Nordeste;23;Ceara;2309;SOBRAL;23011;5a RS SOBRAL;231360;Ubajara;32.767;5a RS SOBRAL
2;Nordeste;23;Ceara;2309;SOBRAL;23011;5a RS SOBRAL;230930;Nova Russas;30.699;5a RS SOBRAL
2;Nordeste;23;Ceara;2309;SOBRAL;23011;5a RS SOBRAL;231200;Santana do Acarau;30.628;5a RS SOBRAL
2;Nordeste;23;Ceara;2309;SOBRAL;23011;5a RS SOBRAL;230425;Cruz;29.761;5a RS SOBRAL
2;Nordeste;23;Ceara;2309;SOBRAL;23011;5a RS SOBRAL;230940;Novo Oriente;27.545;5a RS SOBRAL
2;Nordeste;23;Ceara;2309;SOBRAL;23011;5a RS SOBRAL;230780;Marco;25.799;5a RS SOBRAL
2;Nordeste;23;Ceara;2309;SOBRAL;23011;5a RS SOBRAL;230725;Jijoca de Jericoacoara;25.555;5a RS SOBRAL
2;Nordeste;23;Ceara;2309;SOBRAL;23011;5a RS SOBRAL;231320;Tamboril;24.815;5a RS SOBRAL
2;Nordeste;23;Ceara;2309;SOBRAL;23011;5a RS SOBRAL;230435;Forquilha;24.173;5a RS SOBRAL
2;Nordeste;23;Ceara;2309;SOBRAL;23011;5a RS SOBRAL;230560;Independencia;24.024;5a RS SOBRAL
2;Nordeste;23;Ceara;2309;SOBRAL;23011;5a RS SOBRAL;230530;Ibiapina;23.965;5a RS SOBRAL
2;Nordeste;23;Ceara;2309;SOBRAL;23011;5a RS SOBRAL;230610;Iraucuba;23.915;5a RS SOBRAL
2;Nordeste;23;Ceara;2309;SOBRAL;23011;5a RS SOBRAL;230890;Morrinhos;22.753;5a RS SOBRAL
2;Nordeste;23;Ceara;2309;SOBRAL;23011;5a RS SOBRAL;230400;Coreau;20.953;5a RS SOBRAL
2;Nordeste;23;Ceara;2309;SOBRAL;23011;5a RS SOBRAL;231126;Quiterianopolis;20.213;5a RS SOBRAL
2;Nordeste;23;Ceara;2309;SOBRAL;23011;5a RS SOBRAL;231170;Reriutaba;18.606;5a RS SOBRAL
2;Nordeste;23;Ceara;2309;SOBRAL;23011;5a RS SOBRAL;231395;Varjota;18.105;5a RS SOBRAL
2;Nordeste;23;Ceara;2309;SOBRAL;23011;5a RS SOBRAL;230520;Hidrolandia;17.855;5a RS SOBRAL
2;Nordeste;23;Ceara;2309;SOBRAL;23011;5a RS SOBRAL;230310;Carire;17.632;5a RS SOBRAL
2;Nordeste;23;Ceara;2309;SOBRAL;23011;5a RS SOBRAL;230423;Croata;17.481;5a RS SOBRAL
2;Nordeste;23;Ceara;2309;SOBRAL;23011;5a RS SOBRAL;230340;Carnaubal;17.210;5a RS SOBRAL
2;Nordeste;23;Ceara;2309;SOBRAL;23011;5a RS SOBRAL;230860;Monsenhor Tabosa;17.149;5a RS SOBRAL
2;Nordeste;23;Ceara;2309;SOBRAL;23011;5a RS SOBRAL;230450;Frecheirinha;15.657;5a RS SOBRAL
2;Nordeste;23;Ceara;2309;SOBRAL;23011;5a RS SOBRAL;230820;Meruoca;15.157;5a RS SOBRAL
2;Nordeste;23;Ceara;2309;SOBRAL;23011;5a RS SOBRAL;230205;Barroquinha;14.567;5a RS SOBRAL
2;Nordeste;23;Ceara;2309;SOBRAL;23011;5a RS SOBRAL;230465;Graca;13.801;5a RS SOBRAL
2;Nordeste;23;Ceara;2309;SOBRAL;23011;5a RS SOBRAL;231390;Uruoca;13.746;5a RS SOBRAL
2;Nordeste;23;Ceara;2309;SOBRAL;23011;5a RS SOBRAL;230900;Mucambo;13.666;5a RS SOBRAL
2;Nordeste;23;Ceara;2309;SOBRAL;23011;5a RS SOBRAL;230390;Chaval;12.462;5a RS SOBRAL
2;Nordeste;23;Ceara;2309;SOBRAL;23011;5a RS SOBRAL;231100;Poranga;12.065;5a RS SOBRAL
2;Nordeste;23;Ceara;2309;SOBRAL;23011;5a RS SOBRAL;230565;Ipaporanga;11.575;5a RS SOBRAL
2;Nordeste;23;Ceara;2309;SOBRAL;23011;5a RS SOBRAL;230050;Alcantaras;11.369;5a RS SOBRAL
2;Nordeste;23;Ceara;2309;SOBRAL;23011;5a RS SOBRAL;230125;Ararenda;11.096;5a RS SOBRAL
2;Nordeste;23;Ceara;2309;SOBRAL;23011;5a RS SOBRAL;230490;Groairas;10.910;5a RS SOBRAL
2;Nordeste;23;Ceara;2309;SOBRAL;23011;5a RS SOBRAL;230790;Martinopole;10.846;5a RS SOBRAL
2;Nordeste;23;Ceara;2309;SOBRAL;23011;5a RS SOBRAL;231095;Pires Ferreira;10.606;5a RS SOBRAL
2;Nordeste;23;Ceara;2309;SOBRAL;23011;5a RS SOBRAL;230365;Catunda;10.444;5a RS SOBRAL
2;Nordeste;23;Ceara;2309;SOBRAL;23011;5a RS SOBRAL;230880;Moraujo;8.254;5a RS SOBRAL
2;Nordeste;23;Ceara;2309;SOBRAL;23011;5a RS SOBRAL;231280;Senador Sa;7.262;5a RS SOBRAL
2;Nordeste;23;Ceara;2309;SOBRAL;23011;5a RS SOBRAL;230990;Pacuja;6.175;5a RS SOBRAL
2;Nordeste;23;Ceara;2308;CARIRI;23023;2a RS CARIRI;230730;Juazeiro do Norte;286.120;2a RS CARIRI
2;Nordeste;23;Ceara;2308;CARIRI;23023;2a RS CARIRI;230420;Crato;131.050;2a RS CARIRI
2;Nordeste;23;Ceara;2308;CARIRI;23023;2a RS CARIRI;230550;Iguatu;98.064;2a RS CARIRI
2;Nordeste;23;Ceara;2308;CARIRI;23023;2a RS CARIRI;230190;Barbalha;75.033;2a RS CARIRI
2;Nordeste;23;Ceara;2308;CARIRI;23023;2a RS CARIRI;230540;Ico;62.642;2a RS CARIRI
2;Nordeste;23;Ceara;2308;CARIRI;23023;2a RS CARIRI;230250;Brejo Santo;51.090;2a RS CARIRI
2;Nordeste;23;Ceara;2308;CARIRI;23023;2a RS CARIRI;230810;Mauriti;45.561;2a RS CARIRI
2;Nordeste;23;Ceara;2308;CARIRI;23023;2a RS CARIRI;230030;Acopiara;44.962;2a RS CARIRI
2;Nordeste;23;Ceara;2308;CARIRI;23023;2a RS CARIRI;231400;Varzea Alegre;38.984;2a RS CARIRI
2;Nordeste;23;Ceara;2308;CARIRI;23023;2a RS CARIRI;230850;Mombaca;37.735;2a RS CARIRI
